source_system,source_id,master_id,confidence_tier,link_source,decided_by,matched_at
crm_hubspot,HS-100001,b5e018ec0013,T2,cascade,,2024-08-31
crm_hubspot,HS-100002,51b8827af99f,T1,cascade,,2024-08-31
crm_hubspot,HS-100003,4241a3ce2f40,T1,cascade,,2024-08-31
crm_hubspot,HS-100004,6d621ac6bce1,T1,cascade,,2024-08-31
crm_hubspot,HS-100005,793be83a3632,T1,cascade,,2024-08-31
crm_hubspot,HS-100006,5df58f1cd011,T1,cascade,,2024-08-31
crm_hubspot,HS-100007,d7e2debcb1e4,T1,cascade,,2024-08-31
crm_hubspot,HS-100008,bfcc93c1234c,T1,cascade,,2024-08-31
crm_hubspot,HS-100009,2cc32419a667,T1,cascade,,2024-08-31
crm_hubspot,HS-100010,00fd17d94d91,T1,cascade,,2024-08-31
crm_hubspot,HS-100011,7673a68d1cc4,T1,cascade,,2024-08-31
crm_hubspot,HS-100012,2abb19d06446,T1,cascade,,2024-08-31
crm_hubspot,HS-100013,e382b0077d44,T1,cascade,,2024-08-31
crm_hubspot,HS-100014,e5c032b1ac0b,T1,cascade,,2024-08-31
crm_hubspot,HS-100015,f268910f164f,T1,cascade,,2024-08-31
crm_hubspot,HS-100016,4b51faa01f35,T1,cascade,,2024-08-31
crm_hubspot,HS-100017,0044b4ee820c,T1,cascade,,2024-08-31
crm_hubspot,HS-100018,5284a262a4a1,T1,cascade,,2024-08-31
crm_hubspot,HS-100019,82b3be1a7259,T1,cascade,,2024-08-31
crm_hubspot,HS-100020,7ed9ffed0ce9,T1,cascade,,2024-08-31
crm_hubspot,HS-100021,7c49bd17517b,T1,cascade,,2024-08-31
crm_hubspot,HS-100022,dc7546038f51,T1,cascade,,2024-08-31
crm_hubspot,HS-100023,f7b188c45db9,T1,cascade,,2024-08-31
crm_hubspot,HS-100024,6d7170e9789b,T1,cascade,,2024-08-31
crm_hubspot,HS-100025,fb754cb6ae6b,T2,cascade,,2024-08-31
crm_hubspot,HS-100026,ca4b97d0cb79,T1,cascade,,2024-08-31
crm_hubspot,HS-100027,5205e01e1434,T1,cascade,,2024-08-31
crm_hubspot,HS-100028,d3d6430ce9c4,T2,cascade,,2024-08-31
crm_hubspot,HS-100029,8dc56996e31a,T1,cascade,,2024-08-31
crm_hubspot,HS-100030,800f2eb56933,T1,cascade,,2024-08-31
crm_hubspot,HS-100031,6cfc2bb220b5,T1,cascade,,2024-08-31
crm_hubspot,HS-100032,f1a6ca1331db,T1,cascade,,2024-08-31
crm_hubspot,HS-100033,f2f553d01764,T2,cascade,,2024-08-31
crm_hubspot,HS-100034,c0d5050c1786,T1,cascade,,2024-08-31
crm_hubspot,HS-100035,890c3cae550f,T1,cascade,,2024-08-31
crm_hubspot,HS-100036,5ad6ce2d765a,T1,cascade,,2024-08-31
crm_hubspot,HS-100037,99340d33f3fb,T1,cascade,,2024-08-31
crm_hubspot,HS-100038,70ea0c23bdb2,T1,cascade,,2024-08-31
crm_hubspot,HS-100039,8e811d2dc5a1,T1,cascade,,2024-08-31
crm_hubspot,HS-100040,da2408f43334,T1,cascade,,2024-08-31
crm_hubspot,HS-100041,9aab1444c5d3,T1,cascade,,2024-08-31
crm_hubspot,HS-100042,078d848b2f9f,T1,cascade,,2024-08-31
crm_hubspot,HS-100043,840d8a53bce8,T1,cascade,,2024-08-31
crm_hubspot,HS-100044,f750af5db82c,T1,cascade,,2024-08-31
crm_hubspot,HS-100045,621d856f0a4b,T2,cascade,,2024-08-31
crm_hubspot,HS-100046,6d6157f05d37,T1,cascade,,2024-08-31
crm_hubspot,HS-100047,88a8efcac170,T1,cascade,,2024-08-31
crm_hubspot,HS-100048,dc2ff4bd4800,T1,cascade,,2024-08-31
crm_hubspot,HS-100049,e5bcc1fbee61,T1,cascade,,2024-08-31
crm_hubspot,HS-100050,a50bd28fa87f,T1,cascade,,2024-08-31
crm_hubspot,HS-100051,9a903bd17a09,T1,cascade,,2024-08-31
crm_hubspot,HS-100052,48633a3c243e,T1,cascade,,2024-08-31
crm_hubspot,HS-100053,61c8003722fd,T1,cascade,,2024-08-31
crm_hubspot,HS-100054,9bf0ba4ae3b0,T1,cascade,,2024-08-31
crm_hubspot,HS-100055,3f9a1cc61de5,T1,cascade,,2024-08-31
crm_hubspot,HS-100056,41d822af890b,T1,cascade,,2024-08-31
crm_hubspot,HS-100057,37d67f0e2f52,T1,cascade,,2024-08-31
crm_hubspot,HS-100058,3dc38ff1f062,T1,cascade,,2024-08-31
crm_hubspot,HS-100059,79d3b0680edc,T1,cascade,,2024-08-31
crm_hubspot,HS-100060,16c951b00315,T1,cascade,,2024-08-31
crm_hubspot,HS-100061,774336269cfb,T2,cascade,,2024-08-31
crm_hubspot,HS-100062,0196867379d8,T1,cascade,,2024-08-31
crm_hubspot,HS-100063,c5350fab0bb4,T1,cascade,,2024-08-31
crm_hubspot,HS-100064,00a8d71c23f4,T1,cascade,,2024-08-31
crm_hubspot,HS-100065,3f8121a01f52,T1,cascade,,2024-08-31
crm_hubspot,HS-100066,446b01c1b10d,T1,cascade,,2024-08-31
crm_hubspot,HS-100067,d003a5126727,T1,cascade,,2024-08-31
crm_hubspot,HS-100068,0aa90d008a95,T1,cascade,,2024-08-31
crm_hubspot,HS-100069,8c5f19b3b0d6,T1,cascade,,2024-08-31
crm_hubspot,HS-100070,dd8109cf375b,T1,cascade,,2024-08-31
crm_hubspot,HS-100071,ea8725dcabb1,T1,cascade,,2024-08-31
crm_hubspot,HS-100072,c14e78b458d1,T1,cascade,,2024-08-31
crm_hubspot,HS-100073,d16deb81827f,T1,cascade,,2024-08-31
crm_hubspot,HS-100074,b2f4d7709dc0,T1,cascade,,2024-08-31
crm_hubspot,HS-100075,4bfe1795911a,T1,cascade,,2024-08-31
crm_hubspot,HS-100076,4b99f2dd30ed,T2,cascade,,2024-08-31
crm_hubspot,HS-100077,523ef10f815e,T1,cascade,,2024-08-31
crm_hubspot,HS-100078,36fd3dae4ce6,T1,cascade,,2024-08-31
crm_hubspot,HS-100079,49ecd60b845c,T1,cascade,,2024-08-31
crm_hubspot,HS-100080,c564e6bc20a2,T1,cascade,,2024-08-31
crm_hubspot,HS-100081,531b08e15995,T1,cascade,,2024-08-31
crm_hubspot,HS-100082,cde501cb7a7d,T1,cascade,,2024-08-31
crm_hubspot,HS-100083,db6aaecba31f,T1,cascade,,2024-08-31
crm_hubspot,HS-100084,e883c54c8ca8,T1,cascade,,2024-08-31
crm_hubspot,HS-100085,a323d4abf458,T1,cascade,,2024-08-31
crm_hubspot,HS-100086,4196ef66325f,T1,cascade,,2024-08-31
crm_hubspot,HS-100087,794d03d90ea6,T2,cascade,,2024-08-31
crm_hubspot,HS-100088,16541ff794fd,T1,cascade,,2024-08-31
crm_hubspot,HS-100089,87653c642368,T1,cascade,,2024-08-31
crm_hubspot,HS-100090,32abb429e0d8,T1,cascade,,2024-08-31
crm_hubspot,HS-100091,c12476e908d2,T2,cascade,,2024-08-31
crm_hubspot,HS-100092,c92187f76a50,T1,cascade,,2024-08-31
crm_hubspot,HS-100093,1657dbc3746e,T1,cascade,,2024-08-31
crm_hubspot,HS-100094,cfa499631566,T1,cascade,,2024-08-31
crm_hubspot,HS-100095,3d3cf29f1b67,T1,cascade,,2024-08-31
crm_hubspot,HS-100096,4b4752da4a83,T2,cascade,,2024-08-31
crm_hubspot,HS-100097,699ff55001cc,T1,cascade,,2024-08-31
crm_hubspot,HS-100098,6de6d67a878e,T1,cascade,,2024-08-31
crm_hubspot,HS-100099,3764f7701b9c,T1,cascade,,2024-08-31
crm_hubspot,HS-100100,695d5be4f470,T1,cascade,,2024-08-31
crm_hubspot,HS-100101,d6eff0593968,T1,cascade,,2024-08-31
crm_hubspot,HS-100102,63a717661ec6,T1,cascade,,2024-08-31
crm_hubspot,HS-100103,09a2a58e60b9,T1,cascade,,2024-08-31
crm_hubspot,HS-100104,79dd57fbb9d2,T1,cascade,,2024-08-31
crm_hubspot,HS-100105,e75f33c9ed23,T1,cascade,,2024-08-31
crm_hubspot,HS-100106,705ac77b56d1,T1,cascade,,2024-08-31
crm_hubspot,HS-100107,34a9ffde0fc0,T2,cascade,,2024-08-31
crm_hubspot,HS-100108,9e27ccf7896b,T2,cascade,,2024-08-31
crm_hubspot,HS-100109,2046e13bb328,T1,cascade,,2024-08-31
crm_hubspot,HS-100110,9690176b3350,T1,cascade,,2024-08-31
crm_hubspot,HS-100111,52584d35f5ce,T1,cascade,,2024-08-31
crm_hubspot,HS-100112,d375384bf8bc,T1,cascade,,2024-08-31
crm_hubspot,HS-100113,f278c285db4a,T1,cascade,,2024-08-31
crm_hubspot,HS-100114,a99b55b3b218,T1,cascade,,2024-08-31
crm_hubspot,HS-100115,566ce673d067,T1,cascade,,2024-08-31
crm_hubspot,HS-100116,2b4be83e1c60,T1,cascade,,2024-08-31
crm_hubspot,HS-100117,3dec1c7194aa,T1,cascade,,2024-08-31
crm_hubspot,HS-100118,1d87384d7c5c,T1,cascade,,2024-08-31
crm_hubspot,HS-100119,c80df26f0cb2,T1,cascade,,2024-08-31
crm_hubspot,HS-100120,1ece7b99e449,T1,cascade,,2024-08-31
crm_hubspot,HS-100121,76352359fd43,T1,cascade,,2024-08-31
crm_hubspot,HS-100122,201dacb5b332,T1,cascade,,2024-08-31
crm_hubspot,HS-100123,2d38af661686,T1,cascade,,2024-08-31
crm_hubspot,HS-100124,5c7bb90cf33d,T1,cascade,,2024-08-31
crm_hubspot,HS-100125,c906fcd56eec,T1,cascade,,2024-08-31
crm_hubspot,HS-100126,062df55dccb8,T1,cascade,,2024-08-31
crm_hubspot,HS-100127,1197d211e7e1,T1,cascade,,2024-08-31
crm_hubspot,HS-100128,565904aa901f,T2,cascade,,2024-08-31
crm_hubspot,HS-100129,bb332bfd6480,T1,cascade,,2024-08-31
crm_hubspot,HS-100130,f51f42af8a26,T1,cascade,,2024-08-31
crm_hubspot,HS-100131,a6735df00d27,T1,cascade,,2024-08-31
crm_hubspot,HS-100132,7c9b0514c9d6,T1,cascade,,2024-08-31
crm_hubspot,HS-100133,7a5802bb88f1,T1,cascade,,2024-08-31
crm_hubspot,HS-100134,0b632556c614,T1,cascade,,2024-08-31
crm_hubspot,HS-100135,179d97e50dff,T1,cascade,,2024-08-31
crm_hubspot,HS-100136,8fd0cb9bb127,T1,cascade,,2024-08-31
crm_hubspot,HS-100137,cced8c3d305b,T1,cascade,,2024-08-31
crm_hubspot,HS-100138,247338856c13,T1,cascade,,2024-08-31
crm_hubspot,HS-100139,e7259d79b184,T1,cascade,,2024-08-31
crm_hubspot,HS-100140,5aadc6d9beb8,T1,cascade,,2024-08-31
crm_hubspot,HS-100141,659b8fb24c41,T1,cascade,,2024-08-31
crm_hubspot,HS-100142,dbad5cfaab50,T1,cascade,,2024-08-31
crm_hubspot,HS-100143,f08eb23cc0db,T1,cascade,,2024-08-31
crm_hubspot,HS-100144,3280fc910c85,T1,cascade,,2024-08-31
crm_hubspot,HS-100145,75e57a3efe0c,T1,cascade,,2024-08-31
crm_hubspot,HS-100146,766e960f8f0e,T1,cascade,,2024-08-31
crm_hubspot,HS-100147,6e9112a3a693,T1,cascade,,2024-08-31
crm_hubspot,HS-100148,3499a7868775,T1,cascade,,2024-08-31
crm_hubspot,HS-100149,4036aa344034,T1,cascade,,2024-08-31
crm_hubspot,HS-100150,d57e35ff96ea,T1,cascade,,2024-08-31
crm_hubspot,HS-100151,8fcd350ed2a1,T1,cascade,,2024-08-31
crm_hubspot,HS-100152,0d6202950750,T1,cascade,,2024-08-31
crm_hubspot,HS-100153,58660e0d4e6c,T1,cascade,,2024-08-31
crm_hubspot,HS-100154,b514dcb01651,T1,cascade,,2024-08-31
crm_hubspot,HS-100155,267f7ba8567b,T1,cascade,,2024-08-31
crm_hubspot,HS-100156,d3325cc67acf,T1,cascade,,2024-08-31
crm_hubspot,HS-100157,f618418fca35,T1,cascade,,2024-08-31
crm_hubspot,HS-100158,bee384ef88de,T1,cascade,,2024-08-31
crm_hubspot,HS-100159,0a2107e049f9,T1,cascade,,2024-08-31
crm_hubspot,HS-100160,517840039522,T1,cascade,,2024-08-31
crm_hubspot,HS-100161,07834c81ea07,T1,cascade,,2024-08-31
crm_hubspot,HS-100162,e79544859377,T1,cascade,,2024-08-31
crm_hubspot,HS-100163,43aa39bba634,T1,cascade,,2024-08-31
crm_hubspot,HS-100164,5ad0321274f2,T1,cascade,,2024-08-31
crm_hubspot,HS-100165,5d3997bae226,T1,cascade,,2024-08-31
crm_hubspot,HS-100166,811e0b829afa,T1,cascade,,2024-08-31
crm_hubspot,HS-100167,0b42fd3d0ae2,T1,cascade,,2024-08-31
crm_hubspot,HS-100168,5020089d9965,T1,cascade,,2024-08-31
crm_hubspot,HS-100169,21f411028416,T1,cascade,,2024-08-31
crm_hubspot,HS-100170,89399b82116c,T1,cascade,,2024-08-31
crm_hubspot,HS-100171,d996f9b6f1f8,T1,cascade,,2024-08-31
crm_hubspot,HS-100172,419e91f90223,T1,cascade,,2024-08-31
crm_hubspot,HS-100173,b3a24e63f76b,T1,cascade,,2024-08-31
crm_hubspot,HS-100174,396128940af3,T1,cascade,,2024-08-31
crm_hubspot,HS-100175,6cf7fe3272fc,T1,cascade,,2024-08-31
crm_hubspot,HS-100176,7c22a127f33f,T1,cascade,,2024-08-31
crm_hubspot,HS-100177,84b433c4b3b9,T1,cascade,,2024-08-31
crm_hubspot,HS-100178,d34f4904aa84,T1,cascade,,2024-08-31
crm_hubspot,HS-100179,7098e946d95f,T1,cascade,,2024-08-31
crm_hubspot,HS-100180,62f2df8d7d2e,T1,cascade,,2024-08-31
crm_hubspot,HS-100181,8d7b0e3ccc06,T1,cascade,,2024-08-31
crm_hubspot,HS-100182,b743d34f10a8,T1,cascade,,2024-08-31
crm_hubspot,HS-100183,69a9c5b9b867,T2,cascade,,2024-08-31
crm_hubspot,HS-100184,55d38d912444,T1,cascade,,2024-08-31
crm_hubspot,HS-100185,92b7a8a7cdc7,T1,cascade,,2024-08-31
crm_hubspot,HS-100186,772649d900e7,T1,cascade,,2024-08-31
crm_hubspot,HS-100187,eb78824cdc91,T1,cascade,,2024-08-31
crm_hubspot,HS-100188,3f52261ca656,T1,cascade,,2024-08-31
crm_hubspot,HS-100189,aa6b09af8aaf,T1,cascade,,2024-08-31
crm_hubspot,HS-100190,a888ac2fc626,T1,cascade,,2024-08-31
crm_hubspot,HS-100191,780a87c8c2a0,T1,cascade,,2024-08-31
crm_hubspot,HS-100192,b24de45006f0,T2,cascade,,2024-08-31
crm_hubspot,HS-100193,742b497d49d8,T1,cascade,,2024-08-31
crm_hubspot,HS-100194,f43c5b31b192,T1,cascade,,2024-08-31
crm_hubspot,HS-100195,a2b85136e7b2,T1,cascade,,2024-08-31
crm_hubspot,HS-100196,651fe741fa3d,T1,cascade,,2024-08-31
crm_hubspot,HS-100197,76bafd451e9e,T1,cascade,,2024-08-31
crm_hubspot,HS-100198,34c5037c1d22,T2,cascade,,2024-08-31
crm_hubspot,HS-100199,cc7284c118af,T1,cascade,,2024-08-31
crm_hubspot,HS-100200,f2bfbed8aeda,T1,cascade,,2024-08-31
crm_hubspot,HS-100201,7d5032d842ab,T1,cascade,,2024-08-31
crm_hubspot,HS-100202,0f9a82123cbe,T1,cascade,,2024-08-31
crm_hubspot,HS-100203,3a6d440d0d78,T1,cascade,,2024-08-31
crm_hubspot,HS-100204,108f213736fb,T1,cascade,,2024-08-31
crm_hubspot,HS-100205,b16fd3de8400,T1,cascade,,2024-08-31
crm_hubspot,HS-100206,6ea450b057ac,T1,cascade,,2024-08-31
crm_hubspot,HS-100207,9d8fc5e5d801,T1,cascade,,2024-08-31
crm_hubspot,HS-100208,1db97fc7c4a3,T1,cascade,,2024-08-31
crm_hubspot,HS-100209,068871d26770,T1,cascade,,2024-08-31
crm_hubspot,HS-100210,572855d81626,T1,cascade,,2024-08-31
crm_hubspot,HS-100211,78d1aed426c1,T1,cascade,,2024-08-31
crm_hubspot,HS-100212,c6699f5bce6f,T1,cascade,,2024-08-31
crm_hubspot,HS-100213,7700c04b25c9,T1,cascade,,2024-08-31
crm_hubspot,HS-100214,6dd0a835084b,T2,cascade,,2024-08-31
crm_hubspot,HS-100215,afea25b3f304,T1,cascade,,2024-08-31
crm_hubspot,HS-100216,5c5dbbe39468,T1,cascade,,2024-08-31
crm_hubspot,HS-100217,acef081a80f0,T1,cascade,,2024-08-31
crm_hubspot,HS-100218,d8222a570c5e,T1,cascade,,2024-08-31
crm_hubspot,HS-100219,29c00e13c4e6,T1,cascade,,2024-08-31
crm_hubspot,HS-100220,20eb324cdfc6,T1,cascade,,2024-08-31
crm_hubspot,HS-100221,0d4cd09dfa99,T1,cascade,,2024-08-31
crm_hubspot,HS-100222,5cb37febc3b4,T1,cascade,,2024-08-31
crm_hubspot,HS-100223,68f66e743a15,T1,cascade,,2024-08-31
crm_hubspot,HS-100224,8a087810c878,T2,cascade,,2024-08-31
crm_hubspot,HS-100225,868d321ac39e,T1,cascade,,2024-08-31
crm_hubspot,HS-100226,2dee62dca080,T1,cascade,,2024-08-31
crm_hubspot,HS-100227,7cf052e41458,T1,cascade,,2024-08-31
crm_hubspot,HS-100228,13d2b5cf6ea2,T1,cascade,,2024-08-31
crm_hubspot,HS-100229,7d7c2ceb2e92,T1,cascade,,2024-08-31
crm_hubspot,HS-100230,598275c8d1e3,T2,cascade,,2024-08-31
crm_hubspot,HS-100231,9407c3c1d5b4,T2,cascade,,2024-08-31
crm_hubspot,HS-100232,ccb9abe7b224,T1,cascade,,2024-08-31
crm_hubspot,HS-100233,99787ccefdee,T1,cascade,,2024-08-31
crm_hubspot,HS-100234,c173e9322576,T1,cascade,,2024-08-31
crm_hubspot,HS-100235,d60d16238ec6,T1,cascade,,2024-08-31
crm_hubspot,HS-100236,762274061052,T1,cascade,,2024-08-31
crm_hubspot,HS-100237,f4738f0dd8aa,T1,cascade,,2024-08-31
crm_hubspot,HS-100238,47165a293fc0,T1,cascade,,2024-08-31
crm_hubspot,HS-100239,17ad157b6ec9,T1,cascade,,2024-08-31
crm_hubspot,HS-100240,2e1dc645f108,T1,cascade,,2024-08-31
crm_hubspot,HS-100241,869eab90ae45,T1,cascade,,2024-08-31
crm_hubspot,HS-100242,9b86c5d697a4,T1,cascade,,2024-08-31
crm_hubspot,HS-100243,67934042a230,T1,cascade,,2024-08-31
crm_hubspot,HS-100244,6f8a65d8e369,T1,cascade,,2024-08-31
crm_hubspot,HS-100245,f60394aa4454,T1,cascade,,2024-08-31
crm_hubspot,HS-100246,183da402db0f,T1,cascade,,2024-08-31
crm_hubspot,HS-100247,ef28de0cbaf4,T1,cascade,,2024-08-31
crm_hubspot,HS-100248,4dfb9ec0ce11,T1,cascade,,2024-08-31
crm_hubspot,HS-100249,99d92d07b60e,T1,cascade,,2024-08-31
crm_hubspot,HS-100250,a1baa2e417d2,T1,cascade,,2024-08-31
crm_hubspot,HS-100251,0cba696d8c85,T1,cascade,,2024-08-31
crm_hubspot,HS-100252,0c9833234628,T1,cascade,,2024-08-31
crm_hubspot,HS-100253,034cefcecc7f,T1,cascade,,2024-08-31
crm_hubspot,HS-100254,fb8b03e9c21b,T1,cascade,,2024-08-31
crm_hubspot,HS-100255,572d46de8d86,T1,cascade,,2024-08-31
crm_hubspot,HS-100256,cbf0d50a86e7,T1,cascade,,2024-08-31
crm_hubspot,HS-100257,a18e4270c86b,T1,cascade,,2024-08-31
crm_hubspot,HS-100258,790c661f3ba2,T1,cascade,,2024-08-31
crm_hubspot,HS-100259,6853f3d6a4dc,T1,cascade,,2024-08-31
crm_hubspot,HS-100260,80297dea2bcb,T1,cascade,,2024-08-31
crm_hubspot,HS-100261,216e100a95ab,T2,cascade,,2024-08-31
crm_hubspot,HS-100262,be921c1e148e,T1,cascade,,2024-08-31
crm_hubspot,HS-100263,87418077620e,T1,cascade,,2024-08-31
crm_hubspot,HS-100264,d7f7a6231274,T1,cascade,,2024-08-31
crm_hubspot,HS-100265,7efaa9165fad,T1,cascade,,2024-08-31
crm_hubspot,HS-100266,644cd69de81c,T1,cascade,,2024-08-31
crm_hubspot,HS-100267,94be9c45cdf6,T1,cascade,,2024-08-31
crm_hubspot,HS-100268,efdc46580159,T2,cascade,,2024-08-31
crm_hubspot,HS-100269,aad8b8edc903,T1,cascade,,2024-08-31
crm_hubspot,HS-100270,26ff7d714cea,T1,cascade,,2024-08-31
crm_hubspot,HS-100271,779b9041ca93,T1,cascade,,2024-08-31
crm_hubspot,HS-100272,aa269e39c32a,T1,cascade,,2024-08-31
crm_hubspot,HS-100273,03ba89cf14b9,T1,cascade,,2024-08-31
crm_hubspot,HS-100274,d6c94dcf68f9,T2,cascade,,2024-08-31
crm_hubspot,HS-100275,eff19c144690,T2,cascade,,2024-08-31
crm_hubspot,HS-100276,f8253f98cbef,T1,cascade,,2024-08-31
crm_hubspot,HS-100277,9ae028b62042,T1,cascade,,2024-08-31
crm_hubspot,HS-100278,ae22895bdbc5,T1,cascade,,2024-08-31
crm_hubspot,HS-100279,64dcc8776b32,T1,cascade,,2024-08-31
crm_hubspot,HS-100280,3f41a4432bea,T1,cascade,,2024-08-31
crm_hubspot,HS-100281,95b0e7ccdb63,T1,cascade,,2024-08-31
crm_hubspot,HS-100282,19e40842726a,T1,cascade,,2024-08-31
crm_hubspot,HS-100283,fca6820379e6,T1,cascade,,2024-08-31
crm_hubspot,HS-100284,3e0eaa7298aa,T1,cascade,,2024-08-31
crm_hubspot,HS-100285,f08e91043b03,T1,cascade,,2024-08-31
crm_hubspot,HS-100286,35f7ee11ef6a,T1,cascade,,2024-08-31
crm_hubspot,HS-100287,1598cd0f4138,T1,cascade,,2024-08-31
crm_hubspot,HS-100288,50de7a632ea8,T1,cascade,,2024-08-31
crm_hubspot,HS-100289,143d4fc0dd50,T1,cascade,,2024-08-31
crm_hubspot,HS-100290,dbef19a6cece,T1,cascade,,2024-08-31
crm_hubspot,HS-100291,3b4b11aa5621,T1,cascade,,2024-08-31
crm_hubspot,HS-100292,8fd23f99086a,T1,cascade,,2024-08-31
crm_hubspot,HS-100293,d54c9d70035a,T1,cascade,,2024-08-31
crm_hubspot,HS-100294,05f6a68d13dc,T2,cascade,,2024-08-31
crm_hubspot,HS-100295,b909b1288f6f,T1,cascade,,2024-08-31
crm_hubspot,HS-100296,e57b67711c10,T1,cascade,,2024-08-31
crm_hubspot,HS-100297,ef0e67d8ffaf,T1,cascade,,2024-08-31
crm_hubspot,HS-100298,1b589de854cd,T2,cascade,,2024-08-31
crm_hubspot,HS-100299,8740e47ba5df,T1,cascade,,2024-08-31
crm_hubspot,HS-100300,0f853c61d098,T1,cascade,,2024-08-31
crm_hubspot,HS-100301,f7c843dcd62a,T1,cascade,,2024-08-31
crm_hubspot,HS-100302,691d1dc17baa,T1,cascade,,2024-08-31
crm_hubspot,HS-100303,605a3500df16,T1,cascade,,2024-08-31
crm_hubspot,HS-100304,7b530221112a,T2,cascade,,2024-08-31
crm_hubspot,HS-100305,ab838c4c08e3,T2,cascade,,2024-08-31
crm_hubspot,HS-100306,0e7b9d22a314,T2,cascade,,2024-08-31
crm_hubspot,HS-100307,41c9fae6089e,T1,cascade,,2024-08-31
crm_hubspot,HS-100308,54e0cdf8d6e2,T1,cascade,,2024-08-31
crm_hubspot,HS-100309,51a517c1a25b,T1,cascade,,2024-08-31
crm_hubspot,HS-100310,7efd4b9f1c59,T1,cascade,,2024-08-31
crm_hubspot,HS-100311,c194e3bdfad5,T1,cascade,,2024-08-31
crm_hubspot,HS-100312,20e77f6284f1,T1,cascade,,2024-08-31
crm_hubspot,HS-100313,de3af92df17a,T1,cascade,,2024-08-31
crm_hubspot,HS-100314,935a1d29de57,T1,cascade,,2024-08-31
crm_hubspot,HS-100315,48fddc0a1679,T1,cascade,,2024-08-31
crm_hubspot,HS-100316,b585e4ebcc98,T1,cascade,,2024-08-31
crm_hubspot,HS-100317,5ca575bf5963,T1,cascade,,2024-08-31
crm_hubspot,HS-100318,eab9d5094af3,T1,cascade,,2024-08-31
crm_hubspot,HS-100319,32a352c90e42,T2,cascade,,2024-08-31
crm_hubspot,HS-100320,785078eeba1d,T1,cascade,,2024-08-31
crm_hubspot,HS-100321,c259030f0a56,T1,cascade,,2024-08-31
crm_hubspot,HS-100322,e8f392fbcfbd,T1,cascade,,2024-08-31
crm_hubspot,HS-100323,78fc9da31292,T1,cascade,,2024-08-31
crm_hubspot,HS-100324,14c82590fbd2,T1,cascade,,2024-08-31
crm_hubspot,HS-100325,00902f986641,T1,cascade,,2024-08-31
crm_hubspot,HS-100326,3b117610596f,T1,cascade,,2024-08-31
crm_hubspot,HS-100327,3444de83dd85,T1,cascade,,2024-08-31
crm_hubspot,HS-100328,b60f62d4c3c4,T1,cascade,,2024-08-31
crm_hubspot,HS-100329,8dfb642a97d7,T1,cascade,,2024-08-31
crm_hubspot,HS-100330,bfcbb37719b9,T1,cascade,,2024-08-31
crm_hubspot,HS-100331,5aabb4abe963,T1,cascade,,2024-08-31
crm_hubspot,HS-100332,6e00c339a03e,T1,cascade,,2024-08-31
crm_hubspot,HS-100333,838250379fa3,T1,cascade,,2024-08-31
crm_hubspot,HS-100334,d6e7796e9cfc,T1,cascade,,2024-08-31
crm_hubspot,HS-100335,c0e6f6e5493b,T1,cascade,,2024-08-31
crm_hubspot,HS-100336,6bca486a099d,T1,cascade,,2024-08-31
crm_hubspot,HS-100337,e48d5b78a86a,T1,cascade,,2024-08-31
crm_hubspot,HS-100338,e88a6a9945b0,T1,cascade,,2024-08-31
crm_hubspot,HS-100339,e37c074286d9,T1,cascade,,2024-08-31
crm_hubspot,HS-100340,0950a3eaca02,T1,cascade,,2024-08-31
crm_hubspot,HS-100341,f8ef2a0febfc,T1,cascade,,2024-08-31
crm_hubspot,HS-100342,29972f42dfdd,T1,cascade,,2024-08-31
crm_hubspot,HS-100343,755809755e6a,T1,cascade,,2024-08-31
crm_hubspot,HS-100344,16b237fd6c05,T1,cascade,,2024-08-31
crm_hubspot,HS-100345,eb11583a635e,T1,cascade,,2024-08-31
crm_hubspot,HS-100346,c95e7040378c,T1,cascade,,2024-08-31
crm_hubspot,HS-100347,c488ec042e89,T1,cascade,,2024-08-31
crm_hubspot,HS-100348,0b0c556bec93,T2,cascade,,2024-08-31
crm_hubspot,HS-100349,237b3e09b789,T1,cascade,,2024-08-31
crm_hubspot,HS-100350,d12b484f1480,T1,cascade,,2024-08-31
crm_hubspot,HS-100351,5ce69a34518d,T1,cascade,,2024-08-31
crm_hubspot,HS-100352,2f23ed120ca5,T1,cascade,,2024-08-31
crm_hubspot,HS-100353,7df9e48b2cc4,T1,cascade,,2024-08-31
crm_hubspot,HS-100354,25de70f28a81,T1,cascade,,2024-08-31
crm_hubspot,HS-100355,c7c91bce755e,T1,cascade,,2024-08-31
crm_hubspot,HS-100356,789c81ac0120,T1,cascade,,2024-08-31
crm_hubspot,HS-100357,1e79ff8dda47,T1,cascade,,2024-08-31
crm_hubspot,HS-100358,14e457b52fab,T1,cascade,,2024-08-31
crm_hubspot,HS-100359,d0d1124d8f9a,T1,cascade,,2024-08-31
crm_hubspot,HS-100360,392bdeef86e1,T1,cascade,,2024-08-31
crm_hubspot,HS-100361,34932df15d7b,T1,cascade,,2024-08-31
crm_hubspot,HS-100362,8a377898dd91,T1,cascade,,2024-08-31
crm_hubspot,HS-100363,b2bb026d825d,T1,cascade,,2024-08-31
crm_hubspot,HS-100364,de73c32fa777,T1,cascade,,2024-08-31
crm_hubspot,HS-100365,93f094f73363,T1,cascade,,2024-08-31
crm_hubspot,HS-100366,95d506c2c301,T1,cascade,,2024-08-31
crm_hubspot,HS-100367,7a2060655ae1,T1,cascade,,2024-08-31
crm_hubspot,HS-100368,82912c9a4458,T1,cascade,,2024-08-31
crm_hubspot,HS-100369,4bf97be2706d,T2,cascade,,2024-08-31
crm_hubspot,HS-100370,c22a9a5e32c4,T1,cascade,,2024-08-31
crm_hubspot,HS-100371,4140e64c6083,T1,cascade,,2024-08-31
crm_hubspot,HS-100372,e43a3fafab38,T1,cascade,,2024-08-31
crm_hubspot,HS-100373,6eabad2f9e44,T1,cascade,,2024-08-31
crm_hubspot,HS-100374,8ee34a42dee7,T1,cascade,,2024-08-31
crm_hubspot,HS-100375,2f2fd459ddca,T1,cascade,,2024-08-31
crm_hubspot,HS-100376,f189adcdf97f,T1,cascade,,2024-08-31
crm_hubspot,HS-100377,664b9e778e26,T1,cascade,,2024-08-31
crm_hubspot,HS-100378,6010a6c2645a,T1,cascade,,2024-08-31
crm_hubspot,HS-100379,9f0aac78fb2f,T1,cascade,,2024-08-31
crm_hubspot,HS-100380,c6ddaadf8a3c,T1,cascade,,2024-08-31
crm_hubspot,HS-100381,4ad2695790da,T1,cascade,,2024-08-31
crm_hubspot,HS-100382,879a22cf656a,T1,cascade,,2024-08-31
crm_hubspot,HS-100383,e552d9325009,T1,cascade,,2024-08-31
crm_hubspot,HS-100384,d81850081a01,T2,cascade,,2024-08-31
crm_hubspot,HS-100385,190a2d8a76a2,T1,cascade,,2024-08-31
crm_hubspot,HS-100386,c326e9fdf2b2,T1,cascade,,2024-08-31
crm_hubspot,HS-100387,2856f6708652,T1,cascade,,2024-08-31
crm_hubspot,HS-100388,af6b45260c23,T1,cascade,,2024-08-31
crm_hubspot,HS-100389,9382f00dc8c8,T1,cascade,,2024-08-31
crm_hubspot,HS-100390,56cc5e17ca7e,T1,cascade,,2024-08-31
crm_hubspot,HS-100391,67e350db2ed9,T1,cascade,,2024-08-31
crm_hubspot,HS-100392,7c99b8a3ebf7,T1,cascade,,2024-08-31
crm_hubspot,HS-100393,daa4aa7c8cad,T1,cascade,,2024-08-31
crm_hubspot,HS-100394,ee1a76c497e4,T1,cascade,,2024-08-31
crm_hubspot,HS-100395,79adf7e6a753,T1,cascade,,2024-08-31
crm_hubspot,HS-100396,a016ad959c90,T1,cascade,,2024-08-31
crm_hubspot,HS-100397,1e08214c6d84,T1,cascade,,2024-08-31
crm_hubspot,HS-100398,9a0d4f0c47f7,T1,cascade,,2024-08-31
crm_hubspot,HS-100399,338f32670f98,T1,cascade,,2024-08-31
crm_hubspot,HS-100400,30c2f0ba4f9f,T1,cascade,,2024-08-31
crm_hubspot,HS-100401,fa78e5fd572a,T1,cascade,,2024-08-31
crm_hubspot,HS-100402,0b0baf334770,T1,cascade,,2024-08-31
crm_hubspot,HS-100403,e044425f0f1a,T1,cascade,,2024-08-31
crm_hubspot,HS-100404,7a37e35fc015,T2,cascade,,2024-08-31
crm_hubspot,HS-100405,295d85bd00ea,T1,cascade,,2024-08-31
crm_hubspot,HS-100406,dfdbf0b4c7e0,T1,cascade,,2024-08-31
crm_hubspot,HS-100407,02382e1b34e3,T1,cascade,,2024-08-31
crm_hubspot,HS-100408,9d663f9ec56a,T1,cascade,,2024-08-31
crm_hubspot,HS-100409,f81f32be9b74,T1,cascade,,2024-08-31
crm_hubspot,HS-100410,1cf6a4e18b6f,T1,cascade,,2024-08-31
crm_hubspot,HS-100411,72c0afa9c950,T1,cascade,,2024-08-31
crm_hubspot,HS-100412,a54889f58f60,T1,cascade,,2024-08-31
crm_hubspot,HS-100413,b6f7ec4c7c1a,T2,cascade,,2024-08-31
crm_hubspot,HS-100414,a62f0320022a,T1,cascade,,2024-08-31
crm_hubspot,HS-100415,8d5d932b0f9b,T1,cascade,,2024-08-31
crm_hubspot,HS-100416,e102e7f3e17f,T1,cascade,,2024-08-31
crm_hubspot,HS-100417,f16517f6876a,T2,cascade,,2024-08-31
crm_hubspot,HS-100418,67da30b569af,T1,cascade,,2024-08-31
crm_hubspot,HS-100419,c518f6a1dc57,T1,cascade,,2024-08-31
crm_hubspot,HS-100420,69901e51bc3c,T1,cascade,,2024-08-31
crm_hubspot,HS-100421,0014df720942,T1,cascade,,2024-08-31
crm_hubspot,HS-100422,9ce98b1e53c8,T1,cascade,,2024-08-31
crm_hubspot,HS-100423,3d9c9189ef8b,T1,cascade,,2024-08-31
crm_hubspot,HS-100424,9c3ead02df0b,T1,cascade,,2024-08-31
crm_hubspot,HS-100425,58977cac09cc,T1,cascade,,2024-08-31
crm_hubspot,HS-100426,a1b6591a36c2,T1,cascade,,2024-08-31
crm_hubspot,HS-100427,c9cd0bb0cc08,T1,cascade,,2024-08-31
crm_hubspot,HS-100428,f6c34b74fdf2,T1,cascade,,2024-08-31
crm_hubspot,HS-100429,4deb4455b182,T1,cascade,,2024-08-31
crm_hubspot,HS-100430,de3394369082,T1,cascade,,2024-08-31
crm_hubspot,HS-100431,c87b1eef63b3,T1,cascade,,2024-08-31
crm_hubspot,HS-100432,da3f37a71944,T1,cascade,,2024-08-31
crm_hubspot,HS-100433,8a1b676db0e4,T1,cascade,,2024-08-31
crm_hubspot,HS-100434,b898e16bae56,T1,cascade,,2024-08-31
crm_hubspot,HS-100435,e622c23e2951,T1,cascade,,2024-08-31
crm_hubspot,HS-100436,97081fd75d7e,T1,cascade,,2024-08-31
crm_hubspot,HS-100437,b71038723b34,T1,cascade,,2024-08-31
crm_hubspot,HS-100438,cce4e07ce38c,T1,cascade,,2024-08-31
crm_hubspot,HS-100439,1288cafbc1fe,T1,cascade,,2024-08-31
crm_hubspot,HS-100440,f5dc072a79ed,T1,cascade,,2024-08-31
crm_hubspot,HS-100441,5945ffa79bf5,T1,cascade,,2024-08-31
crm_hubspot,HS-100442,25f129ce4fc4,T1,cascade,,2024-08-31
crm_hubspot,HS-100443,bad845ea6ecb,T1,cascade,,2024-08-31
crm_hubspot,HS-100444,559a1afd0e44,T1,cascade,,2024-08-31
crm_hubspot,HS-100445,89c4b5ff4a9f,T1,cascade,,2024-08-31
crm_hubspot,HS-100446,1a38af8fa679,T1,cascade,,2024-08-31
crm_hubspot,HS-100447,dbb9781b47c5,T1,cascade,,2024-08-31
crm_hubspot,HS-100448,538f62518bf7,T1,cascade,,2024-08-31
crm_hubspot,HS-100449,e96833e2c6bb,T1,cascade,,2024-08-31
crm_hubspot,HS-100450,d23090c83713,T1,cascade,,2024-08-31
crm_hubspot,HS-100451,2c678f4bf9d9,T1,cascade,,2024-08-31
crm_hubspot,HS-100452,a6444ea5d4ad,T1,cascade,,2024-08-31
crm_hubspot,HS-100453,8ab5e8824094,T1,cascade,,2024-08-31
crm_hubspot,HS-100454,00fe53692ca1,T1,cascade,,2024-08-31
crm_hubspot,HS-100455,79cd2764ab4f,T1,cascade,,2024-08-31
crm_hubspot,HS-100456,0df07dc09d21,T1,cascade,,2024-08-31
crm_hubspot,HS-100457,61797f4fd29d,T1,cascade,,2024-08-31
crm_hubspot,HS-100458,fcb92db97bd8,T1,cascade,,2024-08-31
crm_hubspot,HS-100459,c7ae629f0670,T1,cascade,,2024-08-31
crm_hubspot,HS-100460,12031a79d1d3,T1,cascade,,2024-08-31
crm_hubspot,HS-100461,a6d940689369,T1,cascade,,2024-08-31
crm_hubspot,HS-100462,701a7145499e,T1,cascade,,2024-08-31
crm_hubspot,HS-100463,87ff09647766,T1,cascade,,2024-08-31
crm_hubspot,HS-100464,ef9605d5a1d4,T1,cascade,,2024-08-31
crm_hubspot,HS-100465,1c09f8474886,T1,cascade,,2024-08-31
crm_hubspot,HS-100466,c7b8e3dd3d9e,T2,cascade,,2024-08-31
crm_hubspot,HS-100467,5469ca09097a,T1,cascade,,2024-08-31
crm_hubspot,HS-100468,5211255cc108,T1,cascade,,2024-08-31
crm_hubspot,HS-100469,289073814fdb,T1,cascade,,2024-08-31
crm_hubspot,HS-100470,efe6dcc1eacd,T1,cascade,,2024-08-31
crm_hubspot,HS-100471,d708a60010d8,T1,cascade,,2024-08-31
crm_hubspot,HS-100472,0fda0433e133,T1,cascade,,2024-08-31
crm_hubspot,HS-100473,b8ff0ac62b88,T1,cascade,,2024-08-31
crm_hubspot,HS-100474,69e452cb7a98,T1,cascade,,2024-08-31
crm_hubspot,HS-100475,a321e5e40776,T1,cascade,,2024-08-31
crm_hubspot,HS-100476,6fbc308a9ed5,T1,cascade,,2024-08-31
crm_hubspot,HS-100477,567a1080b6c7,T1,cascade,,2024-08-31
crm_hubspot,HS-100478,93d4f5b861a3,T1,cascade,,2024-08-31
crm_hubspot,HS-100479,89d3af7bfbf6,T1,cascade,,2024-08-31
crm_hubspot,HS-100480,d7f2491cbf17,T1,cascade,,2024-08-31
crm_hubspot,HS-100481,67298e35c7b4,T1,cascade,,2024-08-31
crm_hubspot,HS-100482,167708133e90,T1,cascade,,2024-08-31
crm_hubspot,HS-100483,375bde6ba88f,T1,cascade,,2024-08-31
crm_hubspot,HS-100484,51e97a6e2d0f,T1,cascade,,2024-08-31
crm_hubspot,HS-100485,3baa0f55645f,T1,cascade,,2024-08-31
crm_hubspot,HS-100486,79b0014ab30f,T1,cascade,,2024-08-31
crm_hubspot,HS-100487,c434d20674b5,T1,cascade,,2024-08-31
crm_hubspot,HS-100488,589f42a9c63a,T1,cascade,,2024-08-31
crm_hubspot,HS-100489,5788d992991c,T1,cascade,,2024-08-31
crm_hubspot,HS-100490,093598bb9373,T1,cascade,,2024-08-31
crm_hubspot,HS-100491,eda37dec809b,T1,cascade,,2024-08-31
crm_hubspot,HS-100492,cba7ec6afd2e,T1,cascade,,2024-08-31
crm_hubspot,HS-100493,953a1fa5f1e4,T1,cascade,,2024-08-31
crm_hubspot,HS-100494,e0ed9bc3304b,T1,cascade,,2024-08-31
crm_hubspot,HS-100495,bcbbeb996730,T1,cascade,,2024-08-31
crm_hubspot,HS-100496,1fca191b2c4a,T1,cascade,,2024-08-31
crm_hubspot,HS-100497,87428c0f5a32,T1,cascade,,2024-08-31
crm_hubspot,HS-100498,1344cdebacd2,T2,cascade,,2024-08-31
crm_hubspot,HS-100499,88cf09ccad92,T1,cascade,,2024-08-31
crm_hubspot,HS-100500,baf649016fa9,T1,cascade,,2024-08-31
crm_hubspot,HS-100501,c4a02f8c12cd,T1,cascade,,2024-08-31
crm_hubspot,HS-100502,de0488775bd0,T1,cascade,,2024-08-31
crm_hubspot,HS-100503,3ed1dd022bbe,T1,cascade,,2024-08-31
crm_hubspot,HS-100504,7a3a0e83d9f6,T1,cascade,,2024-08-31
crm_hubspot,HS-100505,4cfcbde1f51f,T1,cascade,,2024-08-31
crm_hubspot,HS-100506,dde4a2325dc6,T1,cascade,,2024-08-31
crm_hubspot,HS-100507,d0cc2b9c1ce9,T1,cascade,,2024-08-31
crm_hubspot,HS-100508,548b90cb0018,T1,cascade,,2024-08-31
crm_hubspot,HS-100509,5d3a54fbe090,T1,cascade,,2024-08-31
crm_hubspot,HS-100510,1a1192e17404,T2,cascade,,2024-08-31
crm_hubspot,HS-100511,e9e407e1731c,T1,cascade,,2024-08-31
crm_hubspot,HS-100512,8018f473b454,T1,cascade,,2024-08-31
crm_hubspot,HS-100513,e31d2d4a48e2,T2,cascade,,2024-08-31
crm_hubspot,HS-100514,b6227ca140ae,T1,cascade,,2024-08-31
crm_hubspot,HS-100515,b7214f7de0d2,T1,cascade,,2024-08-31
crm_hubspot,HS-100516,4852e6665bc7,T2,cascade,,2024-08-31
crm_hubspot,HS-100517,a565c66b9bc6,T1,cascade,,2024-08-31
crm_hubspot,HS-100518,3d464b2bd5fe,T1,cascade,,2024-08-31
crm_hubspot,HS-100519,f3488af55845,T1,cascade,,2024-08-31
crm_hubspot,HS-100520,2c29d4cb2989,T1,cascade,,2024-08-31
crm_hubspot,HS-100521,2cd7d67219cc,T1,cascade,,2024-08-31
crm_hubspot,HS-100522,d8cba4a1d43d,T2,cascade,,2024-08-31
crm_hubspot,HS-100523,967e6f7023fc,T1,cascade,,2024-08-31
crm_hubspot,HS-100524,40cbcd1a5e9b,T1,cascade,,2024-08-31
crm_hubspot,HS-100525,368a3f9d6514,T1,cascade,,2024-08-31
crm_hubspot,HS-100526,62e862d0ba6b,T1,cascade,,2024-08-31
crm_hubspot,HS-100527,81215df16b9d,T1,cascade,,2024-08-31
crm_hubspot,HS-100528,78dd22e22aac,T1,cascade,,2024-08-31
crm_hubspot,HS-100529,dc75715a3853,T2,cascade,,2024-08-31
crm_hubspot,HS-100530,5f6fe04e3c0d,T1,cascade,,2024-08-31
crm_hubspot,HS-100531,ed5931954b72,T1,cascade,,2024-08-31
crm_hubspot,HS-100532,c7e410d860dd,T1,cascade,,2024-08-31
crm_hubspot,HS-100533,53f68810a2c7,T1,cascade,,2024-08-31
crm_hubspot,HS-100534,4cdf5b9fe3a4,T1,cascade,,2024-08-31
crm_hubspot,HS-100535,5382574560dc,T1,cascade,,2024-08-31
crm_hubspot,HS-100536,73a7137f9426,T1,cascade,,2024-08-31
crm_hubspot,HS-100537,59a8da5bbd25,T1,cascade,,2024-08-31
crm_hubspot,HS-100538,10e7e55b829d,T1,cascade,,2024-08-31
crm_hubspot,HS-100539,887b2c1a1380,T1,cascade,,2024-08-31
crm_hubspot,HS-100540,7ecb5a47e4a1,T2,cascade,,2024-08-31
crm_hubspot,HS-100541,5ff51d984ff6,T1,cascade,,2024-08-31
crm_hubspot,HS-100542,4748fb3a478f,T1,cascade,,2024-08-31
crm_hubspot,HS-100543,a24f4d4bb486,T1,cascade,,2024-08-31
crm_hubspot,HS-100544,f9d56b104a2b,T1,cascade,,2024-08-31
crm_hubspot,HS-100545,03e9e800144c,T1,cascade,,2024-08-31
crm_hubspot,HS-100546,78e777fdb583,T1,cascade,,2024-08-31
crm_hubspot,HS-100547,77af4118522b,T1,cascade,,2024-08-31
crm_hubspot,HS-100548,59a59dbb5c8d,T1,cascade,,2024-08-31
crm_hubspot,HS-100549,7964d8b4df3d,T1,cascade,,2024-08-31
crm_hubspot,HS-100550,279ab800ac35,T1,cascade,,2024-08-31
crm_hubspot,HS-100551,57c8aca8703d,T1,cascade,,2024-08-31
crm_hubspot,HS-100552,714a72f5154c,T1,cascade,,2024-08-31
crm_hubspot,HS-100553,f53160415402,T1,cascade,,2024-08-31
crm_hubspot,HS-100554,92f4e669bfdd,T1,cascade,,2024-08-31
crm_hubspot,HS-100555,3e0310fe6b93,T1,cascade,,2024-08-31
crm_hubspot,HS-100556,8425a0e965c5,T1,cascade,,2024-08-31
crm_hubspot,HS-100557,73791fb3cf09,T1,cascade,,2024-08-31
crm_hubspot,HS-100558,fa963456da9c,T2,cascade,,2024-08-31
crm_hubspot,HS-100559,118a77d9045d,T1,cascade,,2024-08-31
crm_hubspot,HS-100560,454a653ec9a9,T1,cascade,,2024-08-31
crm_hubspot,HS-100561,f34cb98c7172,T1,cascade,,2024-08-31
crm_hubspot,HS-100562,7fb38f9e61ff,T1,cascade,,2024-08-31
crm_hubspot,HS-100563,850c889b188c,T1,cascade,,2024-08-31
crm_hubspot,HS-100564,1f5adba0a272,T1,cascade,,2024-08-31
crm_hubspot,HS-100565,98aa01742131,T1,cascade,,2024-08-31
crm_hubspot,HS-100566,b454b2f7bd1c,T1,cascade,,2024-08-31
crm_hubspot,HS-100567,945c463e27f5,T1,cascade,,2024-08-31
crm_hubspot,HS-100568,d591a4e10426,T1,cascade,,2024-08-31
crm_hubspot,HS-100569,835f374d427c,T1,cascade,,2024-08-31
crm_hubspot,HS-100570,6709cae3efd1,T2,cascade,,2024-08-31
crm_hubspot,HS-100571,cf932e3d82d8,T1,cascade,,2024-08-31
crm_hubspot,HS-100572,2f26a0da0310,T1,cascade,,2024-08-31
crm_hubspot,HS-100573,2f9a572a5bab,T1,cascade,,2024-08-31
crm_hubspot,HS-100574,7cd86d7f8789,T1,cascade,,2024-08-31
crm_hubspot,HS-100575,cdd0fe341983,T1,cascade,,2024-08-31
crm_hubspot,HS-100576,cc612f12a5f3,T1,cascade,,2024-08-31
crm_hubspot,HS-100577,9e718ad7d560,T2,cascade,,2024-08-31
crm_hubspot,HS-100578,723875008eb9,T1,cascade,,2024-08-31
crm_hubspot,HS-100579,a93e31f7946a,T2,cascade,,2024-08-31
crm_hubspot,HS-100580,c722bd70bb6d,T1,cascade,,2024-08-31
crm_hubspot,HS-100581,97ee9f62574c,T2,cascade,,2024-08-31
crm_hubspot,HS-100582,c8d1b8b01b16,T1,cascade,,2024-08-31
crm_hubspot,HS-100583,7e3cff38400b,T1,cascade,,2024-08-31
crm_hubspot,HS-100584,9eb7a3a6657b,T1,cascade,,2024-08-31
crm_hubspot,HS-100585,dcbec6838ba3,T1,cascade,,2024-08-31
crm_hubspot,HS-100586,dcf6784c3f48,T1,cascade,,2024-08-31
crm_hubspot,HS-100587,1e6e8393975f,T1,cascade,,2024-08-31
crm_hubspot,HS-100588,9c83b29dabc8,T2,cascade,,2024-08-31
crm_hubspot,HS-100589,6978c5309efe,T1,cascade,,2024-08-31
crm_hubspot,HS-100590,f9258b3410f9,T1,cascade,,2024-08-31
crm_hubspot,HS-100591,ba0e4a372968,T2,cascade,,2024-08-31
crm_hubspot,HS-100592,ab72e3445be1,T1,cascade,,2024-08-31
crm_hubspot,HS-100593,ed0225bd89c5,T1,cascade,,2024-08-31
crm_hubspot,HS-100594,7c71e1e60120,T1,cascade,,2024-08-31
crm_hubspot,HS-100595,a79430c11e48,T1,cascade,,2024-08-31
crm_hubspot,HS-100596,ad2278a4a6c6,T1,cascade,,2024-08-31
crm_hubspot,HS-100597,3967f5213479,T1,cascade,,2024-08-31
crm_hubspot,HS-100598,c82c8b5945bb,T1,cascade,,2024-08-31
crm_hubspot,HS-100599,ecd54f585087,T1,cascade,,2024-08-31
crm_hubspot,HS-100600,bcdb022bc305,T1,cascade,,2024-08-31
crm_hubspot,HS-100601,db9bc2d200e6,T1,cascade,,2024-08-31
crm_hubspot,HS-100602,b4c838eb089c,T1,cascade,,2024-08-31
crm_hubspot,HS-100603,e4190b8c9edb,T1,cascade,,2024-08-31
crm_hubspot,HS-100604,b4e6ad0d057a,T1,cascade,,2024-08-31
crm_hubspot,HS-100605,eb6e17931ac2,T1,cascade,,2024-08-31
crm_hubspot,HS-100606,e19569d925d2,T1,cascade,,2024-08-31
crm_hubspot,HS-100607,04887d0f3f7c,T1,cascade,,2024-08-31
crm_hubspot,HS-100608,6b9938219d8f,T1,cascade,,2024-08-31
crm_hubspot,HS-100609,c29e32af3d21,T1,cascade,,2024-08-31
crm_hubspot,HS-100610,2e313ecc9f06,T1,cascade,,2024-08-31
crm_hubspot,HS-100611,21a76877b923,T1,cascade,,2024-08-31
crm_hubspot,HS-100612,91406719f00e,T1,cascade,,2024-08-31
crm_hubspot,HS-100613,77c327404c72,T1,cascade,,2024-08-31
crm_hubspot,HS-100614,dcf4823a4d63,T1,cascade,,2024-08-31
crm_hubspot,HS-100615,b11ab648f308,T1,cascade,,2024-08-31
crm_hubspot,HS-100616,b8a43530cf08,T1,cascade,,2024-08-31
crm_hubspot,HS-100617,cd022db07256,T1,cascade,,2024-08-31
crm_hubspot,HS-100618,34fc60602415,T1,cascade,,2024-08-31
crm_hubspot,HS-100619,48c20dcf6fe4,T1,cascade,,2024-08-31
crm_hubspot,HS-100620,22b962d9afed,T1,cascade,,2024-08-31
crm_hubspot,HS-100621,aa00b58df5b0,T1,cascade,,2024-08-31
crm_hubspot,HS-100622,4566eb75d1d3,T2,cascade,,2024-08-31
crm_hubspot,HS-100623,57430e054ca2,T1,cascade,,2024-08-31
crm_hubspot,HS-100624,37211eeb762c,T1,cascade,,2024-08-31
crm_hubspot,HS-100625,d17a1cb67764,T1,cascade,,2024-08-31
crm_hubspot,HS-100626,0f42092743f1,T1,cascade,,2024-08-31
crm_hubspot,HS-100627,e9214ee5bf0b,T1,cascade,,2024-08-31
crm_hubspot,HS-100628,0c0316a141aa,T1,cascade,,2024-08-31
crm_hubspot,HS-100629,28e7c24cd4cb,T2,cascade,,2024-08-31
crm_hubspot,HS-100630,a2f4b7cd7eb1,T1,cascade,,2024-08-31
crm_hubspot,HS-100631,652a84cfe5c1,T1,cascade,,2024-08-31
crm_hubspot,HS-100632,6c0b2c4e1901,T1,cascade,,2024-08-31
crm_hubspot,HS-100633,937eb80b0184,T1,cascade,,2024-08-31
crm_hubspot,HS-100634,98bbb9b1f4ec,T1,cascade,,2024-08-31
crm_hubspot,HS-100635,9d7de9537b7e,T1,cascade,,2024-08-31
crm_hubspot,HS-100636,618a87bd9809,T1,cascade,,2024-08-31
crm_hubspot,HS-100637,0c092b55cb21,T1,cascade,,2024-08-31
crm_hubspot,HS-100638,3af530a7679a,T2,cascade,,2024-08-31
crm_hubspot,HS-100639,eb0b897c470a,T1,cascade,,2024-08-31
crm_hubspot,HS-100640,2472eb83ec96,T1,cascade,,2024-08-31
crm_hubspot,HS-100641,809d0342d4ed,T1,cascade,,2024-08-31
crm_hubspot,HS-100642,8aace75b998d,T1,cascade,,2024-08-31
crm_hubspot,HS-100643,08513678e63b,T1,cascade,,2024-08-31
crm_hubspot,HS-100644,f4369dc52865,T1,cascade,,2024-08-31
crm_hubspot,HS-100645,e49077a75737,T1,cascade,,2024-08-31
crm_hubspot,HS-100646,49ce3285ee46,T1,cascade,,2024-08-31
crm_hubspot,HS-100647,ae32988dfca5,T1,cascade,,2024-08-31
crm_hubspot,HS-100648,12bb70998c29,T1,cascade,,2024-08-31
crm_hubspot,HS-100649,9de59d515b9f,T1,cascade,,2024-08-31
crm_hubspot,HS-100650,ebaae71bb69b,T1,cascade,,2024-08-31
product_db,ACC-2000,b5e018ec0013,T2,cascade,,2024-08-31
product_db,ACC-2001,51b8827af99f,T1,cascade,,2024-08-31
product_db,ACC-2002,4241a3ce2f40,T1,cascade,,2024-08-31
product_db,ACC-2003,6d621ac6bce1,T1,cascade,,2024-08-31
product_db,ACC-2004,793be83a3632,T1,cascade,,2024-08-31
product_db,ACC-2005,5df58f1cd011,T1,cascade,,2024-08-31
product_db,ACC-2006,d7e2debcb1e4,T1,cascade,,2024-08-31
product_db,ACC-2007,bfcc93c1234c,T1,cascade,,2024-08-31
product_db,ACC-2008,2cc32419a667,T1,cascade,,2024-08-31
product_db,ACC-2009,00fd17d94d91,T1,cascade,,2024-08-31
product_db,ACC-2010,7673a68d1cc4,T1,cascade,,2024-08-31
product_db,ACC-2011,2abb19d06446,T1,cascade,,2024-08-31
product_db,ACC-2012,e382b0077d44,T1,cascade,,2024-08-31
product_db,ACC-2013,e5c032b1ac0b,T1,cascade,,2024-08-31
product_db,ACC-2014,f268910f164f,T1,cascade,,2024-08-31
product_db,ACC-2015,4b51faa01f35,T1,cascade,,2024-08-31
product_db,ACC-2016,0044b4ee820c,T1,cascade,,2024-08-31
product_db,ACC-2017,5284a262a4a1,T1,cascade,,2024-08-31
product_db,ACC-2018,82b3be1a7259,T1,cascade,,2024-08-31
product_db,ACC-2019,7ed9ffed0ce9,T1,cascade,,2024-08-31
product_db,ACC-2020,7c49bd17517b,T1,cascade,,2024-08-31
product_db,ACC-2021,dc7546038f51,T1,cascade,,2024-08-31
product_db,ACC-2022,f7b188c45db9,T1,cascade,,2024-08-31
product_db,ACC-2023,6d7170e9789b,T1,cascade,,2024-08-31
product_db,ACC-2024,fb754cb6ae6b,T2,cascade,,2024-08-31
product_db,ACC-2025,ca4b97d0cb79,T1,cascade,,2024-08-31
product_db,ACC-2026,5205e01e1434,T1,cascade,,2024-08-31
product_db,ACC-2027,d3d6430ce9c4,T2,cascade,,2024-08-31
product_db,ACC-2028,8dc56996e31a,T1,cascade,,2024-08-31
product_db,ACC-2029,800f2eb56933,T1,cascade,,2024-08-31
product_db,ACC-2030,6cfc2bb220b5,T1,cascade,,2024-08-31
product_db,ACC-2031,f1a6ca1331db,T1,cascade,,2024-08-31
product_db,ACC-2032,f2f553d01764,T2,cascade,,2024-08-31
product_db,ACC-2033,c0d5050c1786,T1,cascade,,2024-08-31
product_db,ACC-2034,890c3cae550f,T1,cascade,,2024-08-31
product_db,ACC-2035,5ad6ce2d765a,T1,cascade,,2024-08-31
product_db,ACC-2036,99340d33f3fb,T1,cascade,,2024-08-31
product_db,ACC-2037,70ea0c23bdb2,T1,cascade,,2024-08-31
product_db,ACC-2038,8e811d2dc5a1,T1,cascade,,2024-08-31
product_db,ACC-2039,da2408f43334,T1,cascade,,2024-08-31
product_db,ACC-2040,9aab1444c5d3,T1,cascade,,2024-08-31
product_db,ACC-2041,078d848b2f9f,T1,cascade,,2024-08-31
product_db,ACC-2042,840d8a53bce8,T1,cascade,,2024-08-31
product_db,ACC-2043,f750af5db82c,T1,cascade,,2024-08-31
product_db,ACC-2044,621d856f0a4b,T2,cascade,,2024-08-31
product_db,ACC-2045,6d6157f05d37,T1,cascade,,2024-08-31
product_db,ACC-2046,88a8efcac170,T1,cascade,,2024-08-31
product_db,ACC-2047,dc2ff4bd4800,T1,cascade,,2024-08-31
product_db,ACC-2048,e5bcc1fbee61,T1,cascade,,2024-08-31
product_db,ACC-2049,a50bd28fa87f,T1,cascade,,2024-08-31
product_db,ACC-2050,9a903bd17a09,T1,cascade,,2024-08-31
product_db,ACC-2051,48633a3c243e,T1,cascade,,2024-08-31
product_db,ACC-2052,61c8003722fd,T1,cascade,,2024-08-31
product_db,ACC-2053,9bf0ba4ae3b0,T1,cascade,,2024-08-31
product_db,ACC-2054,3f9a1cc61de5,T1,cascade,,2024-08-31
product_db,ACC-2055,41d822af890b,T1,cascade,,2024-08-31
product_db,ACC-2056,37d67f0e2f52,T1,cascade,,2024-08-31
product_db,ACC-2057,3dc38ff1f062,T1,cascade,,2024-08-31
product_db,ACC-2058,79d3b0680edc,T1,cascade,,2024-08-31
product_db,ACC-2059,16c951b00315,T1,cascade,,2024-08-31
product_db,ACC-2060,774336269cfb,T2,cascade,,2024-08-31
product_db,ACC-2061,0196867379d8,T1,cascade,,2024-08-31
product_db,ACC-2062,c5350fab0bb4,T1,cascade,,2024-08-31
product_db,ACC-2063,00a8d71c23f4,T1,cascade,,2024-08-31
product_db,ACC-2064,3f8121a01f52,T1,cascade,,2024-08-31
product_db,ACC-2065,446b01c1b10d,T1,cascade,,2024-08-31
product_db,ACC-2066,d003a5126727,T1,cascade,,2024-08-31
product_db,ACC-2067,0aa90d008a95,T1,cascade,,2024-08-31
product_db,ACC-2068,8c5f19b3b0d6,T1,cascade,,2024-08-31
product_db,ACC-2069,dd8109cf375b,T1,cascade,,2024-08-31
product_db,ACC-2070,ea8725dcabb1,T1,cascade,,2024-08-31
product_db,ACC-2071,c14e78b458d1,T1,cascade,,2024-08-31
product_db,ACC-2072,d16deb81827f,T1,cascade,,2024-08-31
product_db,ACC-2073,b2f4d7709dc0,T1,cascade,,2024-08-31
product_db,ACC-2074,4bfe1795911a,T1,cascade,,2024-08-31
product_db,ACC-2075,4b99f2dd30ed,T2,cascade,,2024-08-31
product_db,ACC-2076,523ef10f815e,T1,cascade,,2024-08-31
product_db,ACC-2077,36fd3dae4ce6,T1,cascade,,2024-08-31
product_db,ACC-2078,49ecd60b845c,T1,cascade,,2024-08-31
product_db,ACC-2079,c564e6bc20a2,T1,cascade,,2024-08-31
product_db,ACC-2080,531b08e15995,T1,cascade,,2024-08-31
product_db,ACC-2081,cde501cb7a7d,T1,cascade,,2024-08-31
product_db,ACC-2082,db6aaecba31f,T1,cascade,,2024-08-31
product_db,ACC-2083,e883c54c8ca8,T1,cascade,,2024-08-31
product_db,ACC-2084,a323d4abf458,T1,cascade,,2024-08-31
product_db,ACC-2085,4196ef66325f,T1,cascade,,2024-08-31
product_db,ACC-2086,794d03d90ea6,T2,cascade,,2024-08-31
product_db,ACC-2087,16541ff794fd,T1,cascade,,2024-08-31
product_db,ACC-2088,87653c642368,T1,cascade,,2024-08-31
product_db,ACC-2089,32abb429e0d8,T1,cascade,,2024-08-31
product_db,ACC-2090,c12476e908d2,T2,cascade,,2024-08-31
product_db,ACC-2091,c92187f76a50,T1,cascade,,2024-08-31
product_db,ACC-2092,1657dbc3746e,T1,cascade,,2024-08-31
product_db,ACC-2093,cfa499631566,T1,cascade,,2024-08-31
product_db,ACC-2094,3d3cf29f1b67,T1,cascade,,2024-08-31
product_db,ACC-2095,4b4752da4a83,T2,cascade,,2024-08-31
product_db,ACC-2096,699ff55001cc,T1,cascade,,2024-08-31
product_db,ACC-2097,6de6d67a878e,T1,cascade,,2024-08-31
product_db,ACC-2098,3764f7701b9c,T1,cascade,,2024-08-31
product_db,ACC-2099,695d5be4f470,T1,cascade,,2024-08-31
product_db,ACC-2100,d6eff0593968,T1,cascade,,2024-08-31
product_db,ACC-2101,63a717661ec6,T1,cascade,,2024-08-31
product_db,ACC-2102,09a2a58e60b9,T1,cascade,,2024-08-31
product_db,ACC-2103,79dd57fbb9d2,T1,cascade,,2024-08-31
product_db,ACC-2104,e75f33c9ed23,T1,cascade,,2024-08-31
product_db,ACC-2105,705ac77b56d1,T1,cascade,,2024-08-31
product_db,ACC-2106,34a9ffde0fc0,T2,cascade,,2024-08-31
product_db,ACC-2107,9e27ccf7896b,T2,cascade,,2024-08-31
product_db,ACC-2108,2046e13bb328,T1,cascade,,2024-08-31
product_db,ACC-2109,9690176b3350,T1,cascade,,2024-08-31
product_db,ACC-2110,52584d35f5ce,T1,cascade,,2024-08-31
product_db,ACC-2111,d375384bf8bc,T1,cascade,,2024-08-31
product_db,ACC-2112,f278c285db4a,T1,cascade,,2024-08-31
product_db,ACC-2113,a99b55b3b218,T1,cascade,,2024-08-31
product_db,ACC-2114,566ce673d067,T1,cascade,,2024-08-31
product_db,ACC-2115,2b4be83e1c60,T1,cascade,,2024-08-31
product_db,ACC-2116,3dec1c7194aa,T1,cascade,,2024-08-31
product_db,ACC-2117,1d87384d7c5c,T1,cascade,,2024-08-31
product_db,ACC-2118,c80df26f0cb2,T1,cascade,,2024-08-31
product_db,ACC-2119,1ece7b99e449,T1,cascade,,2024-08-31
product_db,ACC-2120,76352359fd43,T1,cascade,,2024-08-31
product_db,ACC-2121,201dacb5b332,T1,cascade,,2024-08-31
product_db,ACC-2122,2d38af661686,T1,cascade,,2024-08-31
product_db,ACC-2123,5c7bb90cf33d,T1,cascade,,2024-08-31
product_db,ACC-2124,c906fcd56eec,T1,cascade,,2024-08-31
product_db,ACC-2125,062df55dccb8,T1,cascade,,2024-08-31
product_db,ACC-2126,1197d211e7e1,T1,cascade,,2024-08-31
product_db,ACC-2127,565904aa901f,T2,cascade,,2024-08-31
product_db,ACC-2128,bb332bfd6480,T1,cascade,,2024-08-31
product_db,ACC-2129,f51f42af8a26,T1,cascade,,2024-08-31
product_db,ACC-2130,a6735df00d27,T1,cascade,,2024-08-31
product_db,ACC-2131,7c9b0514c9d6,T1,cascade,,2024-08-31
product_db,ACC-2132,7a5802bb88f1,T1,cascade,,2024-08-31
product_db,ACC-2133,0b632556c614,T1,cascade,,2024-08-31
product_db,ACC-2134,179d97e50dff,T1,cascade,,2024-08-31
product_db,ACC-2135,8fd0cb9bb127,T1,cascade,,2024-08-31
product_db,ACC-2136,cced8c3d305b,T1,cascade,,2024-08-31
product_db,ACC-2137,247338856c13,T1,cascade,,2024-08-31
product_db,ACC-2138,e7259d79b184,T1,cascade,,2024-08-31
product_db,ACC-2139,5aadc6d9beb8,T1,cascade,,2024-08-31
product_db,ACC-2140,659b8fb24c41,T1,cascade,,2024-08-31
product_db,ACC-2141,dbad5cfaab50,T1,cascade,,2024-08-31
product_db,ACC-2142,f08eb23cc0db,T1,cascade,,2024-08-31
product_db,ACC-2143,3280fc910c85,T1,cascade,,2024-08-31
product_db,ACC-2144,75e57a3efe0c,T1,cascade,,2024-08-31
product_db,ACC-2145,766e960f8f0e,T1,cascade,,2024-08-31
product_db,ACC-2146,6e9112a3a693,T1,cascade,,2024-08-31
product_db,ACC-2147,3499a7868775,T1,cascade,,2024-08-31
product_db,ACC-2148,4036aa344034,T1,cascade,,2024-08-31
product_db,ACC-2149,d57e35ff96ea,T1,cascade,,2024-08-31
product_db,ACC-2150,8fcd350ed2a1,T1,cascade,,2024-08-31
product_db,ACC-2151,0d6202950750,T1,cascade,,2024-08-31
product_db,ACC-2152,58660e0d4e6c,T1,cascade,,2024-08-31
product_db,ACC-2153,b514dcb01651,T1,cascade,,2024-08-31
product_db,ACC-2154,267f7ba8567b,T1,cascade,,2024-08-31
product_db,ACC-2155,d3325cc67acf,T1,cascade,,2024-08-31
product_db,ACC-2156,f618418fca35,T1,cascade,,2024-08-31
product_db,ACC-2157,bee384ef88de,T1,cascade,,2024-08-31
product_db,ACC-2158,0a2107e049f9,T1,cascade,,2024-08-31
product_db,ACC-2159,517840039522,T1,cascade,,2024-08-31
product_db,ACC-2160,07834c81ea07,T1,cascade,,2024-08-31
product_db,ACC-2161,e79544859377,T1,cascade,,2024-08-31
product_db,ACC-2162,43aa39bba634,T1,cascade,,2024-08-31
product_db,ACC-2163,5ad0321274f2,T1,cascade,,2024-08-31
product_db,ACC-2164,5d3997bae226,T1,cascade,,2024-08-31
product_db,ACC-2165,811e0b829afa,T1,cascade,,2024-08-31
product_db,ACC-2166,0b42fd3d0ae2,T1,cascade,,2024-08-31
product_db,ACC-2167,5020089d9965,T1,cascade,,2024-08-31
product_db,ACC-2168,21f411028416,T1,cascade,,2024-08-31
product_db,ACC-2169,89399b82116c,T1,cascade,,2024-08-31
product_db,ACC-2170,d996f9b6f1f8,T1,cascade,,2024-08-31
product_db,ACC-2171,419e91f90223,T1,cascade,,2024-08-31
product_db,ACC-2172,b3a24e63f76b,T1,cascade,,2024-08-31
product_db,ACC-2173,396128940af3,T1,cascade,,2024-08-31
product_db,ACC-2174,6cf7fe3272fc,T1,cascade,,2024-08-31
product_db,ACC-2175,7c22a127f33f,T1,cascade,,2024-08-31
product_db,ACC-2176,84b433c4b3b9,T1,cascade,,2024-08-31
product_db,ACC-2177,d34f4904aa84,T1,cascade,,2024-08-31
product_db,ACC-2178,7098e946d95f,T1,cascade,,2024-08-31
product_db,ACC-2179,62f2df8d7d2e,T1,cascade,,2024-08-31
product_db,ACC-2180,8d7b0e3ccc06,T1,cascade,,2024-08-31
product_db,ACC-2181,b743d34f10a8,T1,cascade,,2024-08-31
product_db,ACC-2182,69a9c5b9b867,T2,cascade,,2024-08-31
product_db,ACC-2183,55d38d912444,T1,cascade,,2024-08-31
product_db,ACC-2184,92b7a8a7cdc7,T1,cascade,,2024-08-31
product_db,ACC-2185,772649d900e7,T1,cascade,,2024-08-31
product_db,ACC-2186,eb78824cdc91,T1,cascade,,2024-08-31
product_db,ACC-2187,3f52261ca656,T1,cascade,,2024-08-31
product_db,ACC-2188,aa6b09af8aaf,T1,cascade,,2024-08-31
product_db,ACC-2189,a888ac2fc626,T1,cascade,,2024-08-31
product_db,ACC-2190,780a87c8c2a0,T1,cascade,,2024-08-31
product_db,ACC-2191,b24de45006f0,T2,cascade,,2024-08-31
product_db,ACC-2192,742b497d49d8,T1,cascade,,2024-08-31
product_db,ACC-2193,f43c5b31b192,T1,cascade,,2024-08-31
product_db,ACC-2194,a2b85136e7b2,T1,cascade,,2024-08-31
product_db,ACC-2195,651fe741fa3d,T1,cascade,,2024-08-31
product_db,ACC-2196,76bafd451e9e,T1,cascade,,2024-08-31
product_db,ACC-2197,34c5037c1d22,T2,cascade,,2024-08-31
product_db,ACC-2198,cc7284c118af,T1,cascade,,2024-08-31
product_db,ACC-2199,f2bfbed8aeda,T1,cascade,,2024-08-31
product_db,ACC-2200,7d5032d842ab,T1,cascade,,2024-08-31
product_db,ACC-2201,0f9a82123cbe,T1,cascade,,2024-08-31
product_db,ACC-2202,3a6d440d0d78,T1,cascade,,2024-08-31
product_db,ACC-2203,108f213736fb,T1,cascade,,2024-08-31
product_db,ACC-2204,b16fd3de8400,T1,cascade,,2024-08-31
product_db,ACC-2205,6ea450b057ac,T1,cascade,,2024-08-31
product_db,ACC-2206,9d8fc5e5d801,T1,cascade,,2024-08-31
product_db,ACC-2207,1db97fc7c4a3,T1,cascade,,2024-08-31
product_db,ACC-2208,068871d26770,T1,cascade,,2024-08-31
product_db,ACC-2209,572855d81626,T1,cascade,,2024-08-31
product_db,ACC-2210,78d1aed426c1,T1,cascade,,2024-08-31
product_db,ACC-2211,c6699f5bce6f,T1,cascade,,2024-08-31
product_db,ACC-2212,7700c04b25c9,T1,cascade,,2024-08-31
product_db,ACC-2213,6dd0a835084b,T2,cascade,,2024-08-31
product_db,ACC-2214,afea25b3f304,T1,cascade,,2024-08-31
product_db,ACC-2215,5c5dbbe39468,T1,cascade,,2024-08-31
product_db,ACC-2216,acef081a80f0,T1,cascade,,2024-08-31
product_db,ACC-2217,d8222a570c5e,T1,cascade,,2024-08-31
product_db,ACC-2218,29c00e13c4e6,T1,cascade,,2024-08-31
product_db,ACC-2219,20eb324cdfc6,T1,cascade,,2024-08-31
product_db,ACC-2220,0d4cd09dfa99,T1,cascade,,2024-08-31
product_db,ACC-2221,5cb37febc3b4,T1,cascade,,2024-08-31
product_db,ACC-2222,68f66e743a15,T1,cascade,,2024-08-31
product_db,ACC-2223,8a087810c878,T2,cascade,,2024-08-31
product_db,ACC-2224,868d321ac39e,T1,cascade,,2024-08-31
product_db,ACC-2225,2dee62dca080,T1,cascade,,2024-08-31
product_db,ACC-2226,7cf052e41458,T1,cascade,,2024-08-31
product_db,ACC-2227,13d2b5cf6ea2,T1,cascade,,2024-08-31
product_db,ACC-2228,7d7c2ceb2e92,T1,cascade,,2024-08-31
product_db,ACC-2229,598275c8d1e3,T2,cascade,,2024-08-31
product_db,ACC-2230,9407c3c1d5b4,T2,cascade,,2024-08-31
product_db,ACC-2231,ccb9abe7b224,T1,cascade,,2024-08-31
product_db,ACC-2232,99787ccefdee,T1,cascade,,2024-08-31
product_db,ACC-2233,c173e9322576,T1,cascade,,2024-08-31
product_db,ACC-2234,d60d16238ec6,T1,cascade,,2024-08-31
product_db,ACC-2235,762274061052,T1,cascade,,2024-08-31
product_db,ACC-2236,f4738f0dd8aa,T1,cascade,,2024-08-31
product_db,ACC-2237,47165a293fc0,T1,cascade,,2024-08-31
product_db,ACC-2238,17ad157b6ec9,T1,cascade,,2024-08-31
product_db,ACC-2239,2e1dc645f108,T1,cascade,,2024-08-31
product_db,ACC-2240,869eab90ae45,T1,cascade,,2024-08-31
product_db,ACC-2241,9b86c5d697a4,T1,cascade,,2024-08-31
product_db,ACC-2242,67934042a230,T1,cascade,,2024-08-31
product_db,ACC-2243,6f8a65d8e369,T1,cascade,,2024-08-31
product_db,ACC-2244,f60394aa4454,T1,cascade,,2024-08-31
product_db,ACC-2245,183da402db0f,T1,cascade,,2024-08-31
product_db,ACC-2246,ef28de0cbaf4,T1,cascade,,2024-08-31
product_db,ACC-2247,4dfb9ec0ce11,T1,cascade,,2024-08-31
product_db,ACC-2248,99d92d07b60e,T1,cascade,,2024-08-31
product_db,ACC-2249,a1baa2e417d2,T1,cascade,,2024-08-31
product_db,ACC-2250,0cba696d8c85,T1,cascade,,2024-08-31
product_db,ACC-2251,0c9833234628,T1,cascade,,2024-08-31
product_db,ACC-2252,034cefcecc7f,T1,cascade,,2024-08-31
product_db,ACC-2253,fb8b03e9c21b,T1,cascade,,2024-08-31
product_db,ACC-2254,572d46de8d86,T1,cascade,,2024-08-31
product_db,ACC-2255,cbf0d50a86e7,T1,cascade,,2024-08-31
product_db,ACC-2256,a18e4270c86b,T1,cascade,,2024-08-31
product_db,ACC-2257,790c661f3ba2,T1,cascade,,2024-08-31
product_db,ACC-2258,6853f3d6a4dc,T1,cascade,,2024-08-31
product_db,ACC-2259,80297dea2bcb,T1,cascade,,2024-08-31
product_db,ACC-2260,216e100a95ab,T2,cascade,,2024-08-31
product_db,ACC-2261,be921c1e148e,T1,cascade,,2024-08-31
product_db,ACC-2262,87418077620e,T1,cascade,,2024-08-31
product_db,ACC-2263,d7f7a6231274,T1,cascade,,2024-08-31
product_db,ACC-2264,7efaa9165fad,T1,cascade,,2024-08-31
product_db,ACC-2265,644cd69de81c,T1,cascade,,2024-08-31
product_db,ACC-2266,94be9c45cdf6,T1,cascade,,2024-08-31
product_db,ACC-2267,efdc46580159,T2,cascade,,2024-08-31
product_db,ACC-2268,aad8b8edc903,T1,cascade,,2024-08-31
product_db,ACC-2269,26ff7d714cea,T1,cascade,,2024-08-31
product_db,ACC-2270,779b9041ca93,T1,cascade,,2024-08-31
product_db,ACC-2271,aa269e39c32a,T1,cascade,,2024-08-31
product_db,ACC-2272,03ba89cf14b9,T1,cascade,,2024-08-31
product_db,ACC-2273,d6c94dcf68f9,T2,cascade,,2024-08-31
product_db,ACC-2274,eff19c144690,T2,cascade,,2024-08-31
product_db,ACC-2275,f8253f98cbef,T1,cascade,,2024-08-31
product_db,ACC-2276,9ae028b62042,T1,cascade,,2024-08-31
product_db,ACC-2277,ae22895bdbc5,T1,cascade,,2024-08-31
product_db,ACC-2278,64dcc8776b32,T1,cascade,,2024-08-31
product_db,ACC-2279,3f41a4432bea,T1,cascade,,2024-08-31
product_db,ACC-2280,95b0e7ccdb63,T1,cascade,,2024-08-31
product_db,ACC-2281,19e40842726a,T1,cascade,,2024-08-31
product_db,ACC-2282,fca6820379e6,T1,cascade,,2024-08-31
product_db,ACC-2283,3e0eaa7298aa,T1,cascade,,2024-08-31
product_db,ACC-2284,f08e91043b03,T1,cascade,,2024-08-31
product_db,ACC-2285,35f7ee11ef6a,T1,cascade,,2024-08-31
product_db,ACC-2286,1598cd0f4138,T1,cascade,,2024-08-31
product_db,ACC-2287,50de7a632ea8,T1,cascade,,2024-08-31
product_db,ACC-2288,143d4fc0dd50,T1,cascade,,2024-08-31
product_db,ACC-2289,dbef19a6cece,T1,cascade,,2024-08-31
product_db,ACC-2290,3b4b11aa5621,T1,cascade,,2024-08-31
product_db,ACC-2291,8fd23f99086a,T1,cascade,,2024-08-31
product_db,ACC-2292,d54c9d70035a,T1,cascade,,2024-08-31
product_db,ACC-2293,05f6a68d13dc,T2,cascade,,2024-08-31
product_db,ACC-2294,b909b1288f6f,T1,cascade,,2024-08-31
product_db,ACC-2295,e57b67711c10,T1,cascade,,2024-08-31
product_db,ACC-2296,ef0e67d8ffaf,T1,cascade,,2024-08-31
product_db,ACC-2297,1b589de854cd,T2,cascade,,2024-08-31
product_db,ACC-2298,8740e47ba5df,T1,cascade,,2024-08-31
product_db,ACC-2299,0f853c61d098,T1,cascade,,2024-08-31
product_db,ACC-2300,f7c843dcd62a,T1,cascade,,2024-08-31
product_db,ACC-2301,691d1dc17baa,T1,cascade,,2024-08-31
product_db,ACC-2302,605a3500df16,T1,cascade,,2024-08-31
product_db,ACC-2303,7b530221112a,T2,cascade,,2024-08-31
product_db,ACC-2304,ab838c4c08e3,T2,cascade,,2024-08-31
product_db,ACC-2305,0e7b9d22a314,T2,cascade,,2024-08-31
product_db,ACC-2306,41c9fae6089e,T1,cascade,,2024-08-31
product_db,ACC-2307,54e0cdf8d6e2,T1,cascade,,2024-08-31
product_db,ACC-2308,51a517c1a25b,T1,cascade,,2024-08-31
product_db,ACC-2309,7efd4b9f1c59,T1,cascade,,2024-08-31
product_db,ACC-2310,c194e3bdfad5,T1,cascade,,2024-08-31
product_db,ACC-2311,20e77f6284f1,T1,cascade,,2024-08-31
product_db,ACC-2312,de3af92df17a,T1,cascade,,2024-08-31
product_db,ACC-2313,935a1d29de57,T1,cascade,,2024-08-31
product_db,ACC-2314,48fddc0a1679,T1,cascade,,2024-08-31
product_db,ACC-2315,b585e4ebcc98,T1,cascade,,2024-08-31
product_db,ACC-2316,5ca575bf5963,T1,cascade,,2024-08-31
product_db,ACC-2317,eab9d5094af3,T1,cascade,,2024-08-31
product_db,ACC-2318,32a352c90e42,T2,cascade,,2024-08-31
product_db,ACC-2319,785078eeba1d,T1,cascade,,2024-08-31
product_db,ACC-2320,c259030f0a56,T1,cascade,,2024-08-31
product_db,ACC-2321,e8f392fbcfbd,T1,cascade,,2024-08-31
product_db,ACC-2322,78fc9da31292,T1,cascade,,2024-08-31
product_db,ACC-2323,14c82590fbd2,T1,cascade,,2024-08-31
product_db,ACC-2324,00902f986641,T1,cascade,,2024-08-31
product_db,ACC-2325,3b117610596f,T1,cascade,,2024-08-31
product_db,ACC-2326,3444de83dd85,T1,cascade,,2024-08-31
product_db,ACC-2327,b60f62d4c3c4,T1,cascade,,2024-08-31
product_db,ACC-2328,8dfb642a97d7,T1,cascade,,2024-08-31
product_db,ACC-2329,bfcbb37719b9,T1,cascade,,2024-08-31
product_db,ACC-2330,5aabb4abe963,T1,cascade,,2024-08-31
product_db,ACC-2331,6e00c339a03e,T1,cascade,,2024-08-31
product_db,ACC-2332,838250379fa3,T1,cascade,,2024-08-31
product_db,ACC-2333,d6e7796e9cfc,T1,cascade,,2024-08-31
product_db,ACC-2334,c0e6f6e5493b,T1,cascade,,2024-08-31
product_db,ACC-2335,6bca486a099d,T1,cascade,,2024-08-31
product_db,ACC-2336,e48d5b78a86a,T1,cascade,,2024-08-31
product_db,ACC-2337,e88a6a9945b0,T1,cascade,,2024-08-31
product_db,ACC-2338,e37c074286d9,T1,cascade,,2024-08-31
product_db,ACC-2339,0950a3eaca02,T1,cascade,,2024-08-31
product_db,ACC-2340,f8ef2a0febfc,T1,cascade,,2024-08-31
product_db,ACC-2341,29972f42dfdd,T1,cascade,,2024-08-31
product_db,ACC-2342,755809755e6a,T1,cascade,,2024-08-31
product_db,ACC-2343,16b237fd6c05,T1,cascade,,2024-08-31
product_db,ACC-2344,eb11583a635e,T1,cascade,,2024-08-31
product_db,ACC-2345,c95e7040378c,T1,cascade,,2024-08-31
product_db,ACC-2346,c488ec042e89,T1,cascade,,2024-08-31
product_db,ACC-2347,0b0c556bec93,T2,cascade,,2024-08-31
product_db,ACC-2348,237b3e09b789,T1,cascade,,2024-08-31
product_db,ACC-2349,d12b484f1480,T1,cascade,,2024-08-31
product_db,ACC-2350,5ce69a34518d,T1,cascade,,2024-08-31
product_db,ACC-2351,2f23ed120ca5,T1,cascade,,2024-08-31
product_db,ACC-2352,7df9e48b2cc4,T1,cascade,,2024-08-31
product_db,ACC-2353,25de70f28a81,T1,cascade,,2024-08-31
product_db,ACC-2354,c7c91bce755e,T1,cascade,,2024-08-31
product_db,ACC-2355,789c81ac0120,T1,cascade,,2024-08-31
product_db,ACC-2356,1e79ff8dda47,T1,cascade,,2024-08-31
product_db,ACC-2357,14e457b52fab,T1,cascade,,2024-08-31
product_db,ACC-2358,d0d1124d8f9a,T1,cascade,,2024-08-31
product_db,ACC-2359,392bdeef86e1,T1,cascade,,2024-08-31
product_db,ACC-2360,34932df15d7b,T1,cascade,,2024-08-31
product_db,ACC-2361,8a377898dd91,T1,cascade,,2024-08-31
product_db,ACC-2362,b2bb026d825d,T1,cascade,,2024-08-31
product_db,ACC-2363,de73c32fa777,T1,cascade,,2024-08-31
product_db,ACC-2364,93f094f73363,T1,cascade,,2024-08-31
product_db,ACC-2365,95d506c2c301,T1,cascade,,2024-08-31
product_db,ACC-2366,7a2060655ae1,T1,cascade,,2024-08-31
product_db,ACC-2367,82912c9a4458,T1,cascade,,2024-08-31
product_db,ACC-2368,4bf97be2706d,T2,cascade,,2024-08-31
product_db,ACC-2369,c22a9a5e32c4,T1,cascade,,2024-08-31
product_db,ACC-2370,4140e64c6083,T1,cascade,,2024-08-31
product_db,ACC-2371,e43a3fafab38,T1,cascade,,2024-08-31
product_db,ACC-2372,6eabad2f9e44,T1,cascade,,2024-08-31
product_db,ACC-2373,8ee34a42dee7,T1,cascade,,2024-08-31
product_db,ACC-2374,2f2fd459ddca,T1,cascade,,2024-08-31
product_db,ACC-2375,f189adcdf97f,T1,cascade,,2024-08-31
product_db,ACC-2376,664b9e778e26,T1,cascade,,2024-08-31
product_db,ACC-2377,6010a6c2645a,T1,cascade,,2024-08-31
product_db,ACC-2378,9f0aac78fb2f,T1,cascade,,2024-08-31
product_db,ACC-2379,c6ddaadf8a3c,T1,cascade,,2024-08-31
product_db,ACC-2380,4ad2695790da,T1,cascade,,2024-08-31
product_db,ACC-2381,879a22cf656a,T1,cascade,,2024-08-31
product_db,ACC-2382,e552d9325009,T1,cascade,,2024-08-31
product_db,ACC-2383,d81850081a01,T2,cascade,,2024-08-31
product_db,ACC-2384,190a2d8a76a2,T1,cascade,,2024-08-31
product_db,ACC-2385,c326e9fdf2b2,T1,cascade,,2024-08-31
product_db,ACC-2386,2856f6708652,T1,cascade,,2024-08-31
product_db,ACC-2387,af6b45260c23,T1,cascade,,2024-08-31
product_db,ACC-2388,9382f00dc8c8,T1,cascade,,2024-08-31
product_db,ACC-2389,56cc5e17ca7e,T1,cascade,,2024-08-31
product_db,ACC-2390,67e350db2ed9,T1,cascade,,2024-08-31
product_db,ACC-2391,7c99b8a3ebf7,T1,cascade,,2024-08-31
product_db,ACC-2392,daa4aa7c8cad,T1,cascade,,2024-08-31
product_db,ACC-2393,ee1a76c497e4,T1,cascade,,2024-08-31
product_db,ACC-2394,79adf7e6a753,T1,cascade,,2024-08-31
product_db,ACC-2395,a016ad959c90,T1,cascade,,2024-08-31
product_db,ACC-2396,1e08214c6d84,T1,cascade,,2024-08-31
product_db,ACC-2397,9a0d4f0c47f7,T1,cascade,,2024-08-31
product_db,ACC-2398,338f32670f98,T1,cascade,,2024-08-31
product_db,ACC-2399,30c2f0ba4f9f,T1,cascade,,2024-08-31
product_db,ACC-2400,fa78e5fd572a,T1,cascade,,2024-08-31
product_db,ACC-2401,0b0baf334770,T1,cascade,,2024-08-31
product_db,ACC-2402,e044425f0f1a,T1,cascade,,2024-08-31
product_db,ACC-2403,7a37e35fc015,T2,cascade,,2024-08-31
product_db,ACC-2404,295d85bd00ea,T1,cascade,,2024-08-31
product_db,ACC-2405,dfdbf0b4c7e0,T1,cascade,,2024-08-31
product_db,ACC-2406,02382e1b34e3,T1,cascade,,2024-08-31
product_db,ACC-2407,9d663f9ec56a,T1,cascade,,2024-08-31
product_db,ACC-2408,f81f32be9b74,T1,cascade,,2024-08-31
product_db,ACC-2409,1cf6a4e18b6f,T1,cascade,,2024-08-31
product_db,ACC-2410,72c0afa9c950,T1,cascade,,2024-08-31
product_db,ACC-2411,a54889f58f60,T1,cascade,,2024-08-31
product_db,ACC-2412,b6f7ec4c7c1a,T2,cascade,,2024-08-31
product_db,ACC-2413,a62f0320022a,T1,cascade,,2024-08-31
product_db,ACC-2414,8d5d932b0f9b,T1,cascade,,2024-08-31
product_db,ACC-2415,e102e7f3e17f,T1,cascade,,2024-08-31
product_db,ACC-2416,f16517f6876a,T2,cascade,,2024-08-31
product_db,ACC-2417,67da30b569af,T1,cascade,,2024-08-31
product_db,ACC-2418,c518f6a1dc57,T1,cascade,,2024-08-31
product_db,ACC-2419,69901e51bc3c,T1,cascade,,2024-08-31
product_db,ACC-2420,0014df720942,T1,cascade,,2024-08-31
product_db,ACC-2421,9ce98b1e53c8,T1,cascade,,2024-08-31
product_db,ACC-2422,3d9c9189ef8b,T1,cascade,,2024-08-31
product_db,ACC-2423,9c3ead02df0b,T1,cascade,,2024-08-31
product_db,ACC-2424,58977cac09cc,T1,cascade,,2024-08-31
product_db,ACC-2425,a1b6591a36c2,T1,cascade,,2024-08-31
product_db,ACC-2426,c9cd0bb0cc08,T1,cascade,,2024-08-31
product_db,ACC-2427,f6c34b74fdf2,T1,cascade,,2024-08-31
product_db,ACC-2428,4deb4455b182,T1,cascade,,2024-08-31
product_db,ACC-2429,de3394369082,T1,cascade,,2024-08-31
product_db,ACC-2430,c87b1eef63b3,T1,cascade,,2024-08-31
product_db,ACC-2431,da3f37a71944,T1,cascade,,2024-08-31
product_db,ACC-2432,8a1b676db0e4,T1,cascade,,2024-08-31
product_db,ACC-2433,b898e16bae56,T1,cascade,,2024-08-31
product_db,ACC-2434,e622c23e2951,T1,cascade,,2024-08-31
product_db,ACC-2435,97081fd75d7e,T1,cascade,,2024-08-31
product_db,ACC-2436,b71038723b34,T1,cascade,,2024-08-31
product_db,ACC-2437,cce4e07ce38c,T1,cascade,,2024-08-31
product_db,ACC-2438,1288cafbc1fe,T1,cascade,,2024-08-31
product_db,ACC-2439,f5dc072a79ed,T1,cascade,,2024-08-31
product_db,ACC-2440,5945ffa79bf5,T1,cascade,,2024-08-31
product_db,ACC-2441,25f129ce4fc4,T1,cascade,,2024-08-31
product_db,ACC-2442,bad845ea6ecb,T1,cascade,,2024-08-31
product_db,ACC-2443,559a1afd0e44,T1,cascade,,2024-08-31
product_db,ACC-2444,89c4b5ff4a9f,T1,cascade,,2024-08-31
product_db,ACC-2445,1a38af8fa679,T1,cascade,,2024-08-31
product_db,ACC-2446,dbb9781b47c5,T1,cascade,,2024-08-31
product_db,ACC-2447,538f62518bf7,T1,cascade,,2024-08-31
product_db,ACC-2448,e96833e2c6bb,T1,cascade,,2024-08-31
product_db,ACC-2449,d23090c83713,T1,cascade,,2024-08-31
product_db,ACC-2450,2c678f4bf9d9,T1,cascade,,2024-08-31
product_db,ACC-2451,a6444ea5d4ad,T1,cascade,,2024-08-31
product_db,ACC-2452,8ab5e8824094,T1,cascade,,2024-08-31
product_db,ACC-2453,00fe53692ca1,T1,cascade,,2024-08-31
product_db,ACC-2454,79cd2764ab4f,T1,cascade,,2024-08-31
product_db,ACC-2455,0df07dc09d21,T1,cascade,,2024-08-31
product_db,ACC-2456,61797f4fd29d,T1,cascade,,2024-08-31
product_db,ACC-2457,fcb92db97bd8,T1,cascade,,2024-08-31
product_db,ACC-2458,c7ae629f0670,T1,cascade,,2024-08-31
product_db,ACC-2459,12031a79d1d3,T1,cascade,,2024-08-31
product_db,ACC-2460,a6d940689369,T1,cascade,,2024-08-31
product_db,ACC-2461,701a7145499e,T1,cascade,,2024-08-31
product_db,ACC-2462,87ff09647766,T1,cascade,,2024-08-31
product_db,ACC-2463,ef9605d5a1d4,T1,cascade,,2024-08-31
product_db,ACC-2464,1c09f8474886,T1,cascade,,2024-08-31
product_db,ACC-2465,c7b8e3dd3d9e,T2,cascade,,2024-08-31
product_db,ACC-2466,5469ca09097a,T1,cascade,,2024-08-31
product_db,ACC-2467,5211255cc108,T1,cascade,,2024-08-31
product_db,ACC-2468,289073814fdb,T1,cascade,,2024-08-31
product_db,ACC-2469,efe6dcc1eacd,T1,cascade,,2024-08-31
product_db,ACC-2470,d708a60010d8,T1,cascade,,2024-08-31
product_db,ACC-2471,0fda0433e133,T1,cascade,,2024-08-31
product_db,ACC-2472,b8ff0ac62b88,T1,cascade,,2024-08-31
product_db,ACC-2473,69e452cb7a98,T1,cascade,,2024-08-31
product_db,ACC-2474,a321e5e40776,T1,cascade,,2024-08-31
product_db,ACC-2475,6fbc308a9ed5,T1,cascade,,2024-08-31
product_db,ACC-2476,567a1080b6c7,T1,cascade,,2024-08-31
product_db,ACC-2477,93d4f5b861a3,T1,cascade,,2024-08-31
product_db,ACC-2478,89d3af7bfbf6,T1,cascade,,2024-08-31
product_db,ACC-2479,d7f2491cbf17,T1,cascade,,2024-08-31
product_db,ACC-2480,67298e35c7b4,T1,cascade,,2024-08-31
product_db,ACC-2481,167708133e90,T1,cascade,,2024-08-31
product_db,ACC-2482,375bde6ba88f,T1,cascade,,2024-08-31
product_db,ACC-2483,51e97a6e2d0f,T1,cascade,,2024-08-31
product_db,ACC-2484,3baa0f55645f,T1,cascade,,2024-08-31
product_db,ACC-2485,79b0014ab30f,T1,cascade,,2024-08-31
product_db,ACC-2486,c434d20674b5,T1,cascade,,2024-08-31
product_db,ACC-2487,589f42a9c63a,T1,cascade,,2024-08-31
product_db,ACC-2488,5788d992991c,T1,cascade,,2024-08-31
product_db,ACC-2489,093598bb9373,T1,cascade,,2024-08-31
product_db,ACC-2490,eda37dec809b,T1,cascade,,2024-08-31
product_db,ACC-2491,cba7ec6afd2e,T1,cascade,,2024-08-31
product_db,ACC-2492,953a1fa5f1e4,T1,cascade,,2024-08-31
product_db,ACC-2493,e0ed9bc3304b,T1,cascade,,2024-08-31
product_db,ACC-2494,bcbbeb996730,T1,cascade,,2024-08-31
product_db,ACC-2495,1fca191b2c4a,T1,cascade,,2024-08-31
product_db,ACC-2496,87428c0f5a32,T1,cascade,,2024-08-31
product_db,ACC-2497,1344cdebacd2,T2,cascade,,2024-08-31
product_db,ACC-2498,88cf09ccad92,T1,cascade,,2024-08-31
product_db,ACC-2499,baf649016fa9,T1,cascade,,2024-08-31
product_db,ACC-2500,c4a02f8c12cd,T1,cascade,,2024-08-31
product_db,ACC-2501,de0488775bd0,T1,cascade,,2024-08-31
product_db,ACC-2502,3ed1dd022bbe,T1,cascade,,2024-08-31
product_db,ACC-2503,7a3a0e83d9f6,T1,cascade,,2024-08-31
product_db,ACC-2504,4cfcbde1f51f,T1,cascade,,2024-08-31
product_db,ACC-2505,dde4a2325dc6,T1,cascade,,2024-08-31
product_db,ACC-2506,d0cc2b9c1ce9,T1,cascade,,2024-08-31
product_db,ACC-2507,548b90cb0018,T1,cascade,,2024-08-31
product_db,ACC-2508,5d3a54fbe090,T1,cascade,,2024-08-31
product_db,ACC-2509,1a1192e17404,T2,cascade,,2024-08-31
product_db,ACC-2510,e9e407e1731c,T1,cascade,,2024-08-31
product_db,ACC-2511,8018f473b454,T1,cascade,,2024-08-31
product_db,ACC-2512,e31d2d4a48e2,T2,cascade,,2024-08-31
product_db,ACC-2513,b6227ca140ae,T1,cascade,,2024-08-31
product_db,ACC-2514,b7214f7de0d2,T1,cascade,,2024-08-31
product_db,ACC-2515,4852e6665bc7,T2,cascade,,2024-08-31
product_db,ACC-2516,a565c66b9bc6,T1,cascade,,2024-08-31
product_db,ACC-2517,3d464b2bd5fe,T1,cascade,,2024-08-31
product_db,ACC-2518,f3488af55845,T1,cascade,,2024-08-31
product_db,ACC-2519,2c29d4cb2989,T1,cascade,,2024-08-31
product_db,ACC-2520,2cd7d67219cc,T1,cascade,,2024-08-31
product_db,ACC-2521,d8cba4a1d43d,T2,cascade,,2024-08-31
product_db,ACC-2522,967e6f7023fc,T1,cascade,,2024-08-31
product_db,ACC-2523,40cbcd1a5e9b,T1,cascade,,2024-08-31
product_db,ACC-2524,368a3f9d6514,T1,cascade,,2024-08-31
product_db,ACC-2525,62e862d0ba6b,T1,cascade,,2024-08-31
product_db,ACC-2526,81215df16b9d,T1,cascade,,2024-08-31
product_db,ACC-2527,78dd22e22aac,T1,cascade,,2024-08-31
product_db,ACC-2528,dc75715a3853,T2,cascade,,2024-08-31
product_db,ACC-2529,5f6fe04e3c0d,T1,cascade,,2024-08-31
product_db,ACC-2530,ed5931954b72,T1,cascade,,2024-08-31
product_db,ACC-2531,c7e410d860dd,T1,cascade,,2024-08-31
product_db,ACC-2532,53f68810a2c7,T1,cascade,,2024-08-31
product_db,ACC-2533,4cdf5b9fe3a4,T1,cascade,,2024-08-31
product_db,ACC-2534,5382574560dc,T1,cascade,,2024-08-31
product_db,ACC-2535,73a7137f9426,T1,cascade,,2024-08-31
product_db,ACC-2536,59a8da5bbd25,T1,cascade,,2024-08-31
product_db,ACC-2537,10e7e55b829d,T1,cascade,,2024-08-31
product_db,ACC-2538,887b2c1a1380,T1,cascade,,2024-08-31
product_db,ACC-2539,7ecb5a47e4a1,T2,cascade,,2024-08-31
product_db,ACC-2540,5ff51d984ff6,T1,cascade,,2024-08-31
product_db,ACC-2541,4748fb3a478f,T1,cascade,,2024-08-31
product_db,ACC-2542,a24f4d4bb486,T1,cascade,,2024-08-31
product_db,ACC-2543,f9d56b104a2b,T1,cascade,,2024-08-31
product_db,ACC-2544,03e9e800144c,T1,cascade,,2024-08-31
product_db,ACC-2545,78e777fdb583,T1,cascade,,2024-08-31
product_db,ACC-2546,77af4118522b,T1,cascade,,2024-08-31
product_db,ACC-2547,59a59dbb5c8d,T1,cascade,,2024-08-31
product_db,ACC-2548,7964d8b4df3d,T1,cascade,,2024-08-31
product_db,ACC-2549,279ab800ac35,T1,cascade,,2024-08-31
product_db,ACC-2550,57c8aca8703d,T1,cascade,,2024-08-31
product_db,ACC-2551,714a72f5154c,T1,cascade,,2024-08-31
product_db,ACC-2552,f53160415402,T1,cascade,,2024-08-31
product_db,ACC-2553,92f4e669bfdd,T1,cascade,,2024-08-31
product_db,ACC-2554,3e0310fe6b93,T1,cascade,,2024-08-31
product_db,ACC-2555,8425a0e965c5,T1,cascade,,2024-08-31
product_db,ACC-2556,73791fb3cf09,T1,cascade,,2024-08-31
product_db,ACC-2557,fa963456da9c,T2,cascade,,2024-08-31
product_db,ACC-2558,118a77d9045d,T1,cascade,,2024-08-31
product_db,ACC-2559,454a653ec9a9,T1,cascade,,2024-08-31
product_db,ACC-2560,f34cb98c7172,T1,cascade,,2024-08-31
product_db,ACC-2561,7fb38f9e61ff,T1,cascade,,2024-08-31
product_db,ACC-2562,850c889b188c,T1,cascade,,2024-08-31
product_db,ACC-2563,1f5adba0a272,T1,cascade,,2024-08-31
product_db,ACC-2564,98aa01742131,T1,cascade,,2024-08-31
product_db,ACC-2565,b454b2f7bd1c,T1,cascade,,2024-08-31
product_db,ACC-2566,945c463e27f5,T1,cascade,,2024-08-31
product_db,ACC-2567,d591a4e10426,T1,cascade,,2024-08-31
product_db,ACC-2568,835f374d427c,T1,cascade,,2024-08-31
product_db,ACC-2569,6709cae3efd1,T2,cascade,,2024-08-31
product_db,ACC-2570,cf932e3d82d8,T1,cascade,,2024-08-31
product_db,ACC-2571,2f26a0da0310,T1,cascade,,2024-08-31
product_db,ACC-2572,2f9a572a5bab,T1,cascade,,2024-08-31
product_db,ACC-2573,7cd86d7f8789,T1,cascade,,2024-08-31
product_db,ACC-2574,cdd0fe341983,T1,cascade,,2024-08-31
product_db,ACC-2575,cc612f12a5f3,T1,cascade,,2024-08-31
product_db,ACC-2576,9e718ad7d560,T2,cascade,,2024-08-31
product_db,ACC-2577,723875008eb9,T1,cascade,,2024-08-31
product_db,ACC-2578,a93e31f7946a,T2,cascade,,2024-08-31
product_db,ACC-2579,c722bd70bb6d,T1,cascade,,2024-08-31
product_db,ACC-2580,97ee9f62574c,T2,cascade,,2024-08-31
product_db,ACC-2581,c8d1b8b01b16,T1,cascade,,2024-08-31
product_db,ACC-2582,7e3cff38400b,T1,cascade,,2024-08-31
product_db,ACC-2583,9eb7a3a6657b,T1,cascade,,2024-08-31
product_db,ACC-2584,dcbec6838ba3,T1,cascade,,2024-08-31
product_db,ACC-2585,dcf6784c3f48,T1,cascade,,2024-08-31
product_db,ACC-2586,1e6e8393975f,T1,cascade,,2024-08-31
product_db,ACC-2587,9c83b29dabc8,T2,cascade,,2024-08-31
product_db,ACC-2588,6978c5309efe,T1,cascade,,2024-08-31
product_db,ACC-2589,f9258b3410f9,T1,cascade,,2024-08-31
product_db,ACC-2590,ba0e4a372968,T2,cascade,,2024-08-31
product_db,ACC-2591,ab72e3445be1,T1,cascade,,2024-08-31
product_db,ACC-2592,ed0225bd89c5,T1,cascade,,2024-08-31
product_db,ACC-2593,7c71e1e60120,T1,cascade,,2024-08-31
product_db,ACC-2594,a79430c11e48,T1,cascade,,2024-08-31
product_db,ACC-2595,ad2278a4a6c6,T1,cascade,,2024-08-31
product_db,ACC-2596,3967f5213479,T1,cascade,,2024-08-31
product_db,ACC-2597,c82c8b5945bb,T1,cascade,,2024-08-31
product_db,ACC-2598,ecd54f585087,T1,cascade,,2024-08-31
product_db,ACC-2599,bcdb022bc305,T1,cascade,,2024-08-31
product_db,ACC-2600,db9bc2d200e6,T1,cascade,,2024-08-31
product_db,ACC-2601,b4c838eb089c,T1,cascade,,2024-08-31
product_db,ACC-2602,e4190b8c9edb,T1,cascade,,2024-08-31
product_db,ACC-2603,b4e6ad0d057a,T1,cascade,,2024-08-31
product_db,ACC-2604,eb6e17931ac2,T1,cascade,,2024-08-31
product_db,ACC-2605,e19569d925d2,T1,cascade,,2024-08-31
product_db,ACC-2606,04887d0f3f7c,T1,cascade,,2024-08-31
product_db,ACC-2607,6b9938219d8f,T1,cascade,,2024-08-31
product_db,ACC-2608,c29e32af3d21,T1,cascade,,2024-08-31
product_db,ACC-2609,2e313ecc9f06,T1,cascade,,2024-08-31
product_db,ACC-2610,21a76877b923,T1,cascade,,2024-08-31
product_db,ACC-2611,91406719f00e,T1,cascade,,2024-08-31
product_db,ACC-2612,77c327404c72,T1,cascade,,2024-08-31
product_db,ACC-2613,dcf4823a4d63,T1,cascade,,2024-08-31
product_db,ACC-2614,b11ab648f308,T1,cascade,,2024-08-31
product_db,ACC-2615,b8a43530cf08,T1,cascade,,2024-08-31
product_db,ACC-2616,cd022db07256,T1,cascade,,2024-08-31
product_db,ACC-2617,34fc60602415,T1,cascade,,2024-08-31
product_db,ACC-2618,48c20dcf6fe4,T1,cascade,,2024-08-31
product_db,ACC-2619,22b962d9afed,T1,cascade,,2024-08-31
product_db,ACC-2620,aa00b58df5b0,T1,cascade,,2024-08-31
product_db,ACC-2621,4566eb75d1d3,T2,cascade,,2024-08-31
product_db,ACC-2622,57430e054ca2,T1,cascade,,2024-08-31
product_db,ACC-2623,37211eeb762c,T1,cascade,,2024-08-31
product_db,ACC-2624,d17a1cb67764,T1,cascade,,2024-08-31
product_db,ACC-2625,0f42092743f1,T1,cascade,,2024-08-31
product_db,ACC-2626,e9214ee5bf0b,T1,cascade,,2024-08-31
product_db,ACC-2627,0c0316a141aa,T1,cascade,,2024-08-31
product_db,ACC-2628,28e7c24cd4cb,T2,cascade,,2024-08-31
product_db,ACC-2629,a2f4b7cd7eb1,T1,cascade,,2024-08-31
product_db,ACC-2630,652a84cfe5c1,T1,cascade,,2024-08-31
product_db,ACC-2631,6c0b2c4e1901,T1,cascade,,2024-08-31
product_db,ACC-2632,937eb80b0184,T1,cascade,,2024-08-31
product_db,ACC-2633,98bbb9b1f4ec,T1,cascade,,2024-08-31
product_db,ACC-2634,9d7de9537b7e,T1,cascade,,2024-08-31
product_db,ACC-2635,618a87bd9809,T1,cascade,,2024-08-31
product_db,ACC-2636,0c092b55cb21,T1,cascade,,2024-08-31
product_db,ACC-2637,3af530a7679a,T2,cascade,,2024-08-31
product_db,ACC-2638,eb0b897c470a,T1,cascade,,2024-08-31
product_db,ACC-2639,2472eb83ec96,T1,cascade,,2024-08-31
product_db,ACC-2640,809d0342d4ed,T1,cascade,,2024-08-31
product_db,ACC-2641,8aace75b998d,T1,cascade,,2024-08-31
product_db,ACC-2642,08513678e63b,T1,cascade,,2024-08-31
product_db,ACC-2643,f4369dc52865,T1,cascade,,2024-08-31
product_db,ACC-2644,e49077a75737,T1,cascade,,2024-08-31
product_db,ACC-2645,49ce3285ee46,T1,cascade,,2024-08-31
product_db,ACC-2646,ae32988dfca5,T1,cascade,,2024-08-31
product_db,ACC-2647,12bb70998c29,T1,cascade,,2024-08-31
product_db,ACC-2648,9de59d515b9f,T1,cascade,,2024-08-31
product_db,ACC-2649,ebaae71bb69b,T1,cascade,,2024-08-31
vitally,cus_100000,b5e018ec0013,T2,cascade,,2024-08-31
vitally,cus_100001,51b8827af99f,T1,cascade,,2024-08-31
vitally,cus_100002,4241a3ce2f40,T1,cascade,,2024-08-31
vitally,cus_100003,6d621ac6bce1,T1,cascade,,2024-08-31
vitally,cus_100004,793be83a3632,T1,cascade,,2024-08-31
vitally,cus_100005,5df58f1cd011,T1,cascade,,2024-08-31
vitally,cus_100006,d7e2debcb1e4,T1,cascade,,2024-08-31
vitally,cus_100007,bfcc93c1234c,T1,cascade,,2024-08-31
vitally,cus_100008,2cc32419a667,T1,cascade,,2024-08-31
vitally,cus_100009,00fd17d94d91,T1,cascade,,2024-08-31
vitally,cus_100010,7673a68d1cc4,T1,cascade,,2024-08-31
vitally,cus_100011,2abb19d06446,T1,cascade,,2024-08-31
vitally,cus_100012,e382b0077d44,T1,cascade,,2024-08-31
vitally,cus_100013,e5c032b1ac0b,T1,cascade,,2024-08-31
vitally,cus_100014,f268910f164f,T1,cascade,,2024-08-31
vitally,cus_100015,4b51faa01f35,T1,cascade,,2024-08-31
vitally,cus_100016,0044b4ee820c,T1,cascade,,2024-08-31
vitally,cus_100017,5284a262a4a1,T1,cascade,,2024-08-31
vitally,cus_100018,82b3be1a7259,T1,cascade,,2024-08-31
vitally,cus_100019,7ed9ffed0ce9,T1,cascade,,2024-08-31
vitally,cus_100020,7c49bd17517b,T1,cascade,,2024-08-31
vitally,cus_100021,dc7546038f51,T1,cascade,,2024-08-31
vitally,cus_100022,f7b188c45db9,T1,cascade,,2024-08-31
vitally,cus_100023,6d7170e9789b,T1,cascade,,2024-08-31
vitally,cus_100024,fb754cb6ae6b,T2,cascade,,2024-08-31
vitally,cus_100025,ca4b97d0cb79,T1,cascade,,2024-08-31
vitally,cus_100026,5205e01e1434,T1,cascade,,2024-08-31
vitally,cus_100027,d3d6430ce9c4,T2,cascade,,2024-08-31
vitally,cus_100028,8dc56996e31a,T1,cascade,,2024-08-31
vitally,cus_100029,800f2eb56933,T1,cascade,,2024-08-31
vitally,cus_100030,6cfc2bb220b5,T1,cascade,,2024-08-31
vitally,cus_100031,f1a6ca1331db,T1,cascade,,2024-08-31
vitally,cus_100032,f2f553d01764,T2,cascade,,2024-08-31
vitally,cus_100033,c0d5050c1786,T1,cascade,,2024-08-31
vitally,cus_100034,890c3cae550f,T1,cascade,,2024-08-31
vitally,cus_100035,5ad6ce2d765a,T1,cascade,,2024-08-31
vitally,cus_100036,99340d33f3fb,T1,cascade,,2024-08-31
vitally,cus_100037,70ea0c23bdb2,T1,cascade,,2024-08-31
vitally,cus_100038,8e811d2dc5a1,T1,cascade,,2024-08-31
vitally,cus_100039,da2408f43334,T1,cascade,,2024-08-31
vitally,cus_100040,9aab1444c5d3,T1,cascade,,2024-08-31
vitally,cus_100041,078d848b2f9f,T1,cascade,,2024-08-31
vitally,cus_100042,840d8a53bce8,T1,cascade,,2024-08-31
vitally,cus_100043,f750af5db82c,T1,cascade,,2024-08-31
vitally,cus_100044,621d856f0a4b,T2,cascade,,2024-08-31
vitally,cus_100045,6d6157f05d37,T1,cascade,,2024-08-31
vitally,cus_100046,88a8efcac170,T1,cascade,,2024-08-31
vitally,cus_100047,dc2ff4bd4800,T1,cascade,,2024-08-31
vitally,cus_100048,e5bcc1fbee61,T1,cascade,,2024-08-31
vitally,cus_100049,a50bd28fa87f,T1,cascade,,2024-08-31
vitally,cus_100050,9a903bd17a09,T1,cascade,,2024-08-31
vitally,cus_100051,48633a3c243e,T1,cascade,,2024-08-31
vitally,cus_100052,61c8003722fd,T1,cascade,,2024-08-31
vitally,cus_100053,9bf0ba4ae3b0,T1,cascade,,2024-08-31
vitally,cus_100054,3f9a1cc61de5,T1,cascade,,2024-08-31
vitally,cus_100055,41d822af890b,T1,cascade,,2024-08-31
vitally,cus_100056,37d67f0e2f52,T1,cascade,,2024-08-31
vitally,cus_100057,3dc38ff1f062,T1,cascade,,2024-08-31
vitally,cus_100058,79d3b0680edc,T1,cascade,,2024-08-31
vitally,cus_100059,16c951b00315,T1,cascade,,2024-08-31
vitally,cus_100060,774336269cfb,T2,cascade,,2024-08-31
vitally,cus_100061,0196867379d8,T1,cascade,,2024-08-31
vitally,cus_100062,c5350fab0bb4,T1,cascade,,2024-08-31
vitally,cus_100063,00a8d71c23f4,T1,cascade,,2024-08-31
vitally,cus_100064,3f8121a01f52,T1,cascade,,2024-08-31
vitally,cus_100065,446b01c1b10d,T1,cascade,,2024-08-31
vitally,cus_100066,d003a5126727,T1,cascade,,2024-08-31
vitally,cus_100067,0aa90d008a95,T1,cascade,,2024-08-31
vitally,cus_100068,8c5f19b3b0d6,T1,cascade,,2024-08-31
vitally,cus_100069,dd8109cf375b,T1,cascade,,2024-08-31
vitally,cus_100070,ea8725dcabb1,T1,cascade,,2024-08-31
vitally,cus_100071,c14e78b458d1,T1,cascade,,2024-08-31
vitally,cus_100072,d16deb81827f,T1,cascade,,2024-08-31
vitally,cus_100073,b2f4d7709dc0,T1,cascade,,2024-08-31
vitally,cus_100074,4bfe1795911a,T1,cascade,,2024-08-31
vitally,cus_100075,4b99f2dd30ed,T2,cascade,,2024-08-31
vitally,cus_100076,523ef10f815e,T1,cascade,,2024-08-31
vitally,cus_100077,36fd3dae4ce6,T1,cascade,,2024-08-31
vitally,cus_100078,49ecd60b845c,T1,cascade,,2024-08-31
vitally,cus_100079,c564e6bc20a2,T1,cascade,,2024-08-31
vitally,cus_100080,531b08e15995,T1,cascade,,2024-08-31
vitally,cus_100081,cde501cb7a7d,T1,cascade,,2024-08-31
vitally,cus_100082,db6aaecba31f,T1,cascade,,2024-08-31
vitally,cus_100083,e883c54c8ca8,T1,cascade,,2024-08-31
vitally,cus_100084,a323d4abf458,T1,cascade,,2024-08-31
vitally,cus_100085,4196ef66325f,T1,cascade,,2024-08-31
vitally,cus_100086,794d03d90ea6,T2,cascade,,2024-08-31
vitally,cus_100087,16541ff794fd,T1,cascade,,2024-08-31
vitally,cus_100088,87653c642368,T1,cascade,,2024-08-31
vitally,cus_100089,32abb429e0d8,T1,cascade,,2024-08-31
vitally,cus_100090,c12476e908d2,T2,cascade,,2024-08-31
vitally,cus_100091,c92187f76a50,T1,cascade,,2024-08-31
vitally,cus_100092,1657dbc3746e,T1,cascade,,2024-08-31
vitally,cus_100093,cfa499631566,T1,cascade,,2024-08-31
vitally,cus_100094,3d3cf29f1b67,T1,cascade,,2024-08-31
vitally,cus_100095,4b4752da4a83,T2,cascade,,2024-08-31
vitally,cus_100096,699ff55001cc,T1,cascade,,2024-08-31
vitally,cus_100097,6de6d67a878e,T1,cascade,,2024-08-31
vitally,cus_100098,3764f7701b9c,T1,cascade,,2024-08-31
vitally,cus_100099,695d5be4f470,T1,cascade,,2024-08-31
vitally,cus_100100,d6eff0593968,T1,cascade,,2024-08-31
vitally,cus_100101,63a717661ec6,T1,cascade,,2024-08-31
vitally,cus_100102,09a2a58e60b9,T1,cascade,,2024-08-31
vitally,cus_100103,79dd57fbb9d2,T1,cascade,,2024-08-31
vitally,cus_100104,e75f33c9ed23,T1,cascade,,2024-08-31
vitally,cus_100105,705ac77b56d1,T1,cascade,,2024-08-31
vitally,cus_100106,34a9ffde0fc0,T2,cascade,,2024-08-31
vitally,cus_100107,9e27ccf7896b,T2,cascade,,2024-08-31
vitally,cus_100108,2046e13bb328,T1,cascade,,2024-08-31
vitally,cus_100109,9690176b3350,T1,cascade,,2024-08-31
vitally,cus_100110,52584d35f5ce,T1,cascade,,2024-08-31
vitally,cus_100111,d375384bf8bc,T1,cascade,,2024-08-31
vitally,cus_100112,f278c285db4a,T1,cascade,,2024-08-31
vitally,cus_100113,a99b55b3b218,T1,cascade,,2024-08-31
vitally,cus_100114,566ce673d067,T1,cascade,,2024-08-31
vitally,cus_100115,2b4be83e1c60,T1,cascade,,2024-08-31
vitally,cus_100116,3dec1c7194aa,T1,cascade,,2024-08-31
vitally,cus_100117,1d87384d7c5c,T1,cascade,,2024-08-31
vitally,cus_100118,c80df26f0cb2,T1,cascade,,2024-08-31
vitally,cus_100119,1ece7b99e449,T1,cascade,,2024-08-31
vitally,cus_100120,76352359fd43,T1,cascade,,2024-08-31
vitally,cus_100121,201dacb5b332,T1,cascade,,2024-08-31
vitally,cus_100122,2d38af661686,T1,cascade,,2024-08-31
vitally,cus_100123,5c7bb90cf33d,T1,cascade,,2024-08-31
vitally,cus_100124,c906fcd56eec,T1,cascade,,2024-08-31
vitally,cus_100125,062df55dccb8,T1,cascade,,2024-08-31
vitally,cus_100126,1197d211e7e1,T1,cascade,,2024-08-31
vitally,cus_100127,565904aa901f,T2,cascade,,2024-08-31
vitally,cus_100128,bb332bfd6480,T1,cascade,,2024-08-31
vitally,cus_100129,f51f42af8a26,T1,cascade,,2024-08-31
vitally,cus_100130,a6735df00d27,T1,cascade,,2024-08-31
vitally,cus_100131,7c9b0514c9d6,T1,cascade,,2024-08-31
vitally,cus_100132,7a5802bb88f1,T1,cascade,,2024-08-31
vitally,cus_100133,0b632556c614,T1,cascade,,2024-08-31
vitally,cus_100134,179d97e50dff,T1,cascade,,2024-08-31
vitally,cus_100135,8fd0cb9bb127,T1,cascade,,2024-08-31
vitally,cus_100136,cced8c3d305b,T1,cascade,,2024-08-31
vitally,cus_100137,247338856c13,T1,cascade,,2024-08-31
vitally,cus_100138,e7259d79b184,T1,cascade,,2024-08-31
vitally,cus_100139,5aadc6d9beb8,T1,cascade,,2024-08-31
vitally,cus_100140,659b8fb24c41,T1,cascade,,2024-08-31
vitally,cus_100141,dbad5cfaab50,T1,cascade,,2024-08-31
vitally,cus_100142,f08eb23cc0db,T1,cascade,,2024-08-31
vitally,cus_100143,3280fc910c85,T1,cascade,,2024-08-31
vitally,cus_100144,75e57a3efe0c,T1,cascade,,2024-08-31
vitally,cus_100145,766e960f8f0e,T1,cascade,,2024-08-31
vitally,cus_100146,6e9112a3a693,T1,cascade,,2024-08-31
vitally,cus_100147,3499a7868775,T1,cascade,,2024-08-31
vitally,cus_100148,4036aa344034,T1,cascade,,2024-08-31
vitally,cus_100149,d57e35ff96ea,T1,cascade,,2024-08-31
vitally,cus_100150,8fcd350ed2a1,T1,cascade,,2024-08-31
vitally,cus_100151,0d6202950750,T1,cascade,,2024-08-31
vitally,cus_100152,58660e0d4e6c,T1,cascade,,2024-08-31
vitally,cus_100153,b514dcb01651,T1,cascade,,2024-08-31
vitally,cus_100154,267f7ba8567b,T1,cascade,,2024-08-31
vitally,cus_100155,d3325cc67acf,T1,cascade,,2024-08-31
vitally,cus_100156,f618418fca35,T1,cascade,,2024-08-31
vitally,cus_100157,bee384ef88de,T1,cascade,,2024-08-31
vitally,cus_100158,0a2107e049f9,T1,cascade,,2024-08-31
vitally,cus_100159,517840039522,T1,cascade,,2024-08-31
vitally,cus_100160,07834c81ea07,T1,cascade,,2024-08-31
vitally,cus_100161,e79544859377,T1,cascade,,2024-08-31
vitally,cus_100162,43aa39bba634,T1,cascade,,2024-08-31
vitally,cus_100163,5ad0321274f2,T1,cascade,,2024-08-31
vitally,cus_100164,5d3997bae226,T1,cascade,,2024-08-31
vitally,cus_100165,811e0b829afa,T1,cascade,,2024-08-31
vitally,cus_100166,0b42fd3d0ae2,T1,cascade,,2024-08-31
vitally,cus_100167,5020089d9965,T1,cascade,,2024-08-31
vitally,cus_100168,21f411028416,T1,cascade,,2024-08-31
vitally,cus_100169,89399b82116c,T1,cascade,,2024-08-31
vitally,cus_100170,d996f9b6f1f8,T1,cascade,,2024-08-31
vitally,cus_100171,419e91f90223,T1,cascade,,2024-08-31
vitally,cus_100172,b3a24e63f76b,T1,cascade,,2024-08-31
vitally,cus_100173,396128940af3,T1,cascade,,2024-08-31
vitally,cus_100174,6cf7fe3272fc,T1,cascade,,2024-08-31
vitally,cus_100175,7c22a127f33f,T1,cascade,,2024-08-31
vitally,cus_100176,84b433c4b3b9,T1,cascade,,2024-08-31
vitally,cus_100177,d34f4904aa84,T1,cascade,,2024-08-31
vitally,cus_100178,7098e946d95f,T1,cascade,,2024-08-31
vitally,cus_100179,62f2df8d7d2e,T1,cascade,,2024-08-31
vitally,cus_100180,8d7b0e3ccc06,T1,cascade,,2024-08-31
vitally,cus_100181,b743d34f10a8,T1,cascade,,2024-08-31
vitally,cus_100182,69a9c5b9b867,T2,cascade,,2024-08-31
vitally,cus_100183,55d38d912444,T1,cascade,,2024-08-31
vitally,cus_100184,92b7a8a7cdc7,T1,cascade,,2024-08-31
vitally,cus_100185,772649d900e7,T1,cascade,,2024-08-31
vitally,cus_100186,eb78824cdc91,T1,cascade,,2024-08-31
vitally,cus_100187,3f52261ca656,T1,cascade,,2024-08-31
vitally,cus_100188,aa6b09af8aaf,T1,cascade,,2024-08-31
vitally,cus_100189,a888ac2fc626,T1,cascade,,2024-08-31
vitally,cus_100190,780a87c8c2a0,T1,cascade,,2024-08-31
vitally,cus_100191,b24de45006f0,T2,cascade,,2024-08-31
vitally,cus_100192,742b497d49d8,T1,cascade,,2024-08-31
vitally,cus_100193,f43c5b31b192,T1,cascade,,2024-08-31
vitally,cus_100194,a2b85136e7b2,T1,cascade,,2024-08-31
vitally,cus_100195,651fe741fa3d,T1,cascade,,2024-08-31
vitally,cus_100196,76bafd451e9e,T1,cascade,,2024-08-31
vitally,cus_100197,34c5037c1d22,T2,cascade,,2024-08-31
vitally,cus_100198,cc7284c118af,T1,cascade,,2024-08-31
vitally,cus_100199,f2bfbed8aeda,T1,cascade,,2024-08-31
vitally,cus_100200,7d5032d842ab,T1,cascade,,2024-08-31
vitally,cus_100201,0f9a82123cbe,T1,cascade,,2024-08-31
vitally,cus_100202,3a6d440d0d78,T1,cascade,,2024-08-31
vitally,cus_100203,108f213736fb,T1,cascade,,2024-08-31
vitally,cus_100204,b16fd3de8400,T1,cascade,,2024-08-31
vitally,cus_100205,6ea450b057ac,T1,cascade,,2024-08-31
vitally,cus_100206,9d8fc5e5d801,T1,cascade,,2024-08-31
vitally,cus_100207,1db97fc7c4a3,T1,cascade,,2024-08-31
vitally,cus_100208,068871d26770,T1,cascade,,2024-08-31
vitally,cus_100209,572855d81626,T1,cascade,,2024-08-31
vitally,cus_100210,78d1aed426c1,T1,cascade,,2024-08-31
vitally,cus_100211,c6699f5bce6f,T1,cascade,,2024-08-31
vitally,cus_100212,7700c04b25c9,T1,cascade,,2024-08-31
vitally,cus_100213,6dd0a835084b,T2,cascade,,2024-08-31
vitally,cus_100214,afea25b3f304,T1,cascade,,2024-08-31
vitally,cus_100215,5c5dbbe39468,T1,cascade,,2024-08-31
vitally,cus_100216,acef081a80f0,T1,cascade,,2024-08-31
vitally,cus_100217,d8222a570c5e,T1,cascade,,2024-08-31
vitally,cus_100218,29c00e13c4e6,T1,cascade,,2024-08-31
vitally,cus_100219,20eb324cdfc6,T1,cascade,,2024-08-31
vitally,cus_100220,0d4cd09dfa99,T1,cascade,,2024-08-31
vitally,cus_100221,5cb37febc3b4,T1,cascade,,2024-08-31
vitally,cus_100222,68f66e743a15,T1,cascade,,2024-08-31
vitally,cus_100223,8a087810c878,T2,cascade,,2024-08-31
vitally,cus_100224,868d321ac39e,T1,cascade,,2024-08-31
vitally,cus_100225,2dee62dca080,T1,cascade,,2024-08-31
vitally,cus_100226,7cf052e41458,T1,cascade,,2024-08-31
vitally,cus_100227,13d2b5cf6ea2,T1,cascade,,2024-08-31
vitally,cus_100228,7d7c2ceb2e92,T1,cascade,,2024-08-31
vitally,cus_100229,598275c8d1e3,T2,cascade,,2024-08-31
vitally,cus_100230,9407c3c1d5b4,T2,cascade,,2024-08-31
vitally,cus_100231,ccb9abe7b224,T1,cascade,,2024-08-31
vitally,cus_100232,99787ccefdee,T1,cascade,,2024-08-31
vitally,cus_100233,c173e9322576,T1,cascade,,2024-08-31
vitally,cus_100234,d60d16238ec6,T1,cascade,,2024-08-31
vitally,cus_100235,762274061052,T1,cascade,,2024-08-31
vitally,cus_100236,f4738f0dd8aa,T1,cascade,,2024-08-31
vitally,cus_100237,47165a293fc0,T1,cascade,,2024-08-31
vitally,cus_100238,17ad157b6ec9,T1,cascade,,2024-08-31
vitally,cus_100239,2e1dc645f108,T1,cascade,,2024-08-31
vitally,cus_100240,869eab90ae45,T1,cascade,,2024-08-31
vitally,cus_100241,9b86c5d697a4,T1,cascade,,2024-08-31
vitally,cus_100242,67934042a230,T1,cascade,,2024-08-31
vitally,cus_100243,6f8a65d8e369,T1,cascade,,2024-08-31
vitally,cus_100244,f60394aa4454,T1,cascade,,2024-08-31
vitally,cus_100245,183da402db0f,T1,cascade,,2024-08-31
vitally,cus_100246,ef28de0cbaf4,T1,cascade,,2024-08-31
vitally,cus_100247,4dfb9ec0ce11,T1,cascade,,2024-08-31
vitally,cus_100248,99d92d07b60e,T1,cascade,,2024-08-31
vitally,cus_100249,a1baa2e417d2,T1,cascade,,2024-08-31
vitally,cus_100250,0cba696d8c85,T1,cascade,,2024-08-31
vitally,cus_100251,0c9833234628,T1,cascade,,2024-08-31
vitally,cus_100252,034cefcecc7f,T1,cascade,,2024-08-31
vitally,cus_100253,fb8b03e9c21b,T1,cascade,,2024-08-31
vitally,cus_100254,572d46de8d86,T1,cascade,,2024-08-31
vitally,cus_100255,cbf0d50a86e7,T1,cascade,,2024-08-31
vitally,cus_100256,a18e4270c86b,T1,cascade,,2024-08-31
vitally,cus_100257,790c661f3ba2,T1,cascade,,2024-08-31
vitally,cus_100258,6853f3d6a4dc,T1,cascade,,2024-08-31
vitally,cus_100259,80297dea2bcb,T1,cascade,,2024-08-31
vitally,cus_100260,216e100a95ab,T2,cascade,,2024-08-31
vitally,cus_100261,be921c1e148e,T1,cascade,,2024-08-31
vitally,cus_100262,87418077620e,T1,cascade,,2024-08-31
vitally,cus_100263,d7f7a6231274,T1,cascade,,2024-08-31
vitally,cus_100264,7efaa9165fad,T1,cascade,,2024-08-31
vitally,cus_100265,644cd69de81c,T1,cascade,,2024-08-31
vitally,cus_100266,94be9c45cdf6,T1,cascade,,2024-08-31
vitally,cus_100267,efdc46580159,T2,cascade,,2024-08-31
vitally,cus_100268,aad8b8edc903,T1,cascade,,2024-08-31
vitally,cus_100269,26ff7d714cea,T1,cascade,,2024-08-31
vitally,cus_100270,779b9041ca93,T1,cascade,,2024-08-31
vitally,cus_100271,aa269e39c32a,T1,cascade,,2024-08-31
vitally,cus_100272,03ba89cf14b9,T1,cascade,,2024-08-31
vitally,cus_100273,d6c94dcf68f9,T2,cascade,,2024-08-31
vitally,cus_100274,eff19c144690,T2,cascade,,2024-08-31
vitally,cus_100275,f8253f98cbef,T1,cascade,,2024-08-31
vitally,cus_100276,9ae028b62042,T1,cascade,,2024-08-31
vitally,cus_100277,ae22895bdbc5,T1,cascade,,2024-08-31
vitally,cus_100278,64dcc8776b32,T1,cascade,,2024-08-31
vitally,cus_100279,3f41a4432bea,T1,cascade,,2024-08-31
vitally,cus_100280,95b0e7ccdb63,T1,cascade,,2024-08-31
vitally,cus_100281,19e40842726a,T1,cascade,,2024-08-31
vitally,cus_100282,fca6820379e6,T1,cascade,,2024-08-31
vitally,cus_100283,3e0eaa7298aa,T1,cascade,,2024-08-31
vitally,cus_100284,f08e91043b03,T1,cascade,,2024-08-31
vitally,cus_100285,35f7ee11ef6a,T1,cascade,,2024-08-31
vitally,cus_100286,1598cd0f4138,T1,cascade,,2024-08-31
vitally,cus_100287,50de7a632ea8,T1,cascade,,2024-08-31
vitally,cus_100288,143d4fc0dd50,T1,cascade,,2024-08-31
vitally,cus_100289,dbef19a6cece,T1,cascade,,2024-08-31
vitally,cus_100290,3b4b11aa5621,T1,cascade,,2024-08-31
vitally,cus_100291,8fd23f99086a,T1,cascade,,2024-08-31
vitally,cus_100292,d54c9d70035a,T1,cascade,,2024-08-31
vitally,cus_100293,05f6a68d13dc,T2,cascade,,2024-08-31
vitally,cus_100294,b909b1288f6f,T1,cascade,,2024-08-31
vitally,cus_100295,e57b67711c10,T1,cascade,,2024-08-31
vitally,cus_100296,ef0e67d8ffaf,T1,cascade,,2024-08-31
vitally,cus_100297,1b589de854cd,T2,cascade,,2024-08-31
vitally,cus_100298,8740e47ba5df,T1,cascade,,2024-08-31
vitally,cus_100299,0f853c61d098,T1,cascade,,2024-08-31
vitally,cus_100300,f7c843dcd62a,T1,cascade,,2024-08-31
vitally,cus_100301,691d1dc17baa,T1,cascade,,2024-08-31
vitally,cus_100302,605a3500df16,T1,cascade,,2024-08-31
vitally,cus_100303,7b530221112a,T2,cascade,,2024-08-31
vitally,cus_100304,ab838c4c08e3,T2,cascade,,2024-08-31
vitally,cus_100305,0e7b9d22a314,T2,cascade,,2024-08-31
vitally,cus_100306,41c9fae6089e,T1,cascade,,2024-08-31
vitally,cus_100307,54e0cdf8d6e2,T1,cascade,,2024-08-31
vitally,cus_100308,51a517c1a25b,T1,cascade,,2024-08-31
vitally,cus_100309,7efd4b9f1c59,T1,cascade,,2024-08-31
vitally,cus_100310,c194e3bdfad5,T1,cascade,,2024-08-31
vitally,cus_100311,20e77f6284f1,T1,cascade,,2024-08-31
vitally,cus_100312,de3af92df17a,T1,cascade,,2024-08-31
vitally,cus_100313,935a1d29de57,T1,cascade,,2024-08-31
vitally,cus_100314,48fddc0a1679,T1,cascade,,2024-08-31
vitally,cus_100315,b585e4ebcc98,T1,cascade,,2024-08-31
vitally,cus_100316,5ca575bf5963,T1,cascade,,2024-08-31
vitally,cus_100317,eab9d5094af3,T1,cascade,,2024-08-31
vitally,cus_100318,32a352c90e42,T2,cascade,,2024-08-31
vitally,cus_100319,785078eeba1d,T1,cascade,,2024-08-31
vitally,cus_100320,c259030f0a56,T1,cascade,,2024-08-31
vitally,cus_100321,e8f392fbcfbd,T1,cascade,,2024-08-31
vitally,cus_100322,78fc9da31292,T1,cascade,,2024-08-31
vitally,cus_100323,14c82590fbd2,T1,cascade,,2024-08-31
vitally,cus_100324,00902f986641,T1,cascade,,2024-08-31
vitally,cus_100325,3b117610596f,T1,cascade,,2024-08-31
vitally,cus_100326,3444de83dd85,T1,cascade,,2024-08-31
vitally,cus_100327,b60f62d4c3c4,T1,cascade,,2024-08-31
vitally,cus_100328,8dfb642a97d7,T1,cascade,,2024-08-31
vitally,cus_100329,bfcbb37719b9,T1,cascade,,2024-08-31
vitally,cus_100330,5aabb4abe963,T1,cascade,,2024-08-31
vitally,cus_100331,6e00c339a03e,T1,cascade,,2024-08-31
vitally,cus_100332,838250379fa3,T1,cascade,,2024-08-31
vitally,cus_100333,d6e7796e9cfc,T1,cascade,,2024-08-31
vitally,cus_100334,c0e6f6e5493b,T1,cascade,,2024-08-31
vitally,cus_100335,6bca486a099d,T1,cascade,,2024-08-31
vitally,cus_100336,e48d5b78a86a,T1,cascade,,2024-08-31
vitally,cus_100337,e88a6a9945b0,T1,cascade,,2024-08-31
vitally,cus_100338,e37c074286d9,T1,cascade,,2024-08-31
vitally,cus_100339,0950a3eaca02,T1,cascade,,2024-08-31
vitally,cus_100340,f8ef2a0febfc,T1,cascade,,2024-08-31
vitally,cus_100341,29972f42dfdd,T1,cascade,,2024-08-31
vitally,cus_100342,755809755e6a,T1,cascade,,2024-08-31
vitally,cus_100343,16b237fd6c05,T1,cascade,,2024-08-31
vitally,cus_100344,eb11583a635e,T1,cascade,,2024-08-31
vitally,cus_100345,c95e7040378c,T1,cascade,,2024-08-31
vitally,cus_100346,c488ec042e89,T1,cascade,,2024-08-31
vitally,cus_100347,0b0c556bec93,T2,cascade,,2024-08-31
vitally,cus_100348,237b3e09b789,T1,cascade,,2024-08-31
vitally,cus_100349,d12b484f1480,T1,cascade,,2024-08-31
vitally,cus_100350,5ce69a34518d,T1,cascade,,2024-08-31
vitally,cus_100351,2f23ed120ca5,T1,cascade,,2024-08-31
vitally,cus_100352,7df9e48b2cc4,T1,cascade,,2024-08-31
vitally,cus_100353,25de70f28a81,T1,cascade,,2024-08-31
vitally,cus_100354,c7c91bce755e,T1,cascade,,2024-08-31
vitally,cus_100355,789c81ac0120,T1,cascade,,2024-08-31
vitally,cus_100356,1e79ff8dda47,T1,cascade,,2024-08-31
vitally,cus_100357,14e457b52fab,T1,cascade,,2024-08-31
vitally,cus_100358,d0d1124d8f9a,T1,cascade,,2024-08-31
vitally,cus_100359,392bdeef86e1,T1,cascade,,2024-08-31
vitally,cus_100360,34932df15d7b,T1,cascade,,2024-08-31
vitally,cus_100361,8a377898dd91,T1,cascade,,2024-08-31
vitally,cus_100362,b2bb026d825d,T1,cascade,,2024-08-31
vitally,cus_100363,de73c32fa777,T1,cascade,,2024-08-31
vitally,cus_100364,93f094f73363,T1,cascade,,2024-08-31
vitally,cus_100365,95d506c2c301,T1,cascade,,2024-08-31
vitally,cus_100366,7a2060655ae1,T1,cascade,,2024-08-31
vitally,cus_100367,82912c9a4458,T1,cascade,,2024-08-31
vitally,cus_100368,4bf97be2706d,T2,cascade,,2024-08-31
vitally,cus_100369,c22a9a5e32c4,T1,cascade,,2024-08-31
vitally,cus_100370,4140e64c6083,T1,cascade,,2024-08-31
vitally,cus_100371,e43a3fafab38,T1,cascade,,2024-08-31
vitally,cus_100372,6eabad2f9e44,T1,cascade,,2024-08-31
vitally,cus_100373,8ee34a42dee7,T1,cascade,,2024-08-31
vitally,cus_100374,2f2fd459ddca,T1,cascade,,2024-08-31
vitally,cus_100375,f189adcdf97f,T1,cascade,,2024-08-31
vitally,cus_100376,664b9e778e26,T1,cascade,,2024-08-31
vitally,cus_100377,6010a6c2645a,T1,cascade,,2024-08-31
vitally,cus_100378,9f0aac78fb2f,T1,cascade,,2024-08-31
vitally,cus_100379,c6ddaadf8a3c,T1,cascade,,2024-08-31
vitally,cus_100380,4ad2695790da,T1,cascade,,2024-08-31
vitally,cus_100381,879a22cf656a,T1,cascade,,2024-08-31
vitally,cus_100382,e552d9325009,T1,cascade,,2024-08-31
vitally,cus_100383,d81850081a01,T2,cascade,,2024-08-31
vitally,cus_100384,190a2d8a76a2,T1,cascade,,2024-08-31
vitally,cus_100385,c326e9fdf2b2,T1,cascade,,2024-08-31
vitally,cus_100386,2856f6708652,T1,cascade,,2024-08-31
vitally,cus_100387,af6b45260c23,T1,cascade,,2024-08-31
vitally,cus_100388,9382f00dc8c8,T1,cascade,,2024-08-31
vitally,cus_100389,56cc5e17ca7e,T1,cascade,,2024-08-31
vitally,cus_100390,67e350db2ed9,T1,cascade,,2024-08-31
vitally,cus_100391,7c99b8a3ebf7,T1,cascade,,2024-08-31
vitally,cus_100392,daa4aa7c8cad,T1,cascade,,2024-08-31
vitally,cus_100393,ee1a76c497e4,T1,cascade,,2024-08-31
vitally,cus_100394,79adf7e6a753,T1,cascade,,2024-08-31
vitally,cus_100395,a016ad959c90,T1,cascade,,2024-08-31
vitally,cus_100396,1e08214c6d84,T1,cascade,,2024-08-31
vitally,cus_100397,9a0d4f0c47f7,T1,cascade,,2024-08-31
vitally,cus_100398,338f32670f98,T1,cascade,,2024-08-31
vitally,cus_100399,30c2f0ba4f9f,T1,cascade,,2024-08-31
vitally,cus_100400,fa78e5fd572a,T1,cascade,,2024-08-31
vitally,cus_100401,0b0baf334770,T1,cascade,,2024-08-31
vitally,cus_100402,e044425f0f1a,T1,cascade,,2024-08-31
vitally,cus_100403,7a37e35fc015,T2,cascade,,2024-08-31
vitally,cus_100404,295d85bd00ea,T1,cascade,,2024-08-31
vitally,cus_100405,dfdbf0b4c7e0,T1,cascade,,2024-08-31
vitally,cus_100406,02382e1b34e3,T1,cascade,,2024-08-31
vitally,cus_100407,9d663f9ec56a,T1,cascade,,2024-08-31
vitally,cus_100408,f81f32be9b74,T1,cascade,,2024-08-31
vitally,cus_100409,1cf6a4e18b6f,T1,cascade,,2024-08-31
vitally,cus_100410,72c0afa9c950,T1,cascade,,2024-08-31
vitally,cus_100411,a54889f58f60,T1,cascade,,2024-08-31
vitally,cus_100412,b6f7ec4c7c1a,T2,cascade,,2024-08-31
vitally,cus_100413,a62f0320022a,T1,cascade,,2024-08-31
vitally,cus_100414,8d5d932b0f9b,T1,cascade,,2024-08-31
vitally,cus_100415,e102e7f3e17f,T1,cascade,,2024-08-31
vitally,cus_100416,f16517f6876a,T2,cascade,,2024-08-31
vitally,cus_100417,67da30b569af,T1,cascade,,2024-08-31
vitally,cus_100418,c518f6a1dc57,T1,cascade,,2024-08-31
vitally,cus_100419,69901e51bc3c,T1,cascade,,2024-08-31
vitally,cus_100420,0014df720942,T1,cascade,,2024-08-31
vitally,cus_100421,9ce98b1e53c8,T1,cascade,,2024-08-31
vitally,cus_100422,3d9c9189ef8b,T1,cascade,,2024-08-31
vitally,cus_100423,9c3ead02df0b,T1,cascade,,2024-08-31
vitally,cus_100424,58977cac09cc,T1,cascade,,2024-08-31
vitally,cus_100425,a1b6591a36c2,T1,cascade,,2024-08-31
vitally,cus_100426,c9cd0bb0cc08,T1,cascade,,2024-08-31
vitally,cus_100427,f6c34b74fdf2,T1,cascade,,2024-08-31
vitally,cus_100428,4deb4455b182,T1,cascade,,2024-08-31
vitally,cus_100429,de3394369082,T1,cascade,,2024-08-31
vitally,cus_100430,c87b1eef63b3,T1,cascade,,2024-08-31
vitally,cus_100431,da3f37a71944,T1,cascade,,2024-08-31
vitally,cus_100432,8a1b676db0e4,T1,cascade,,2024-08-31
vitally,cus_100433,b898e16bae56,T1,cascade,,2024-08-31
vitally,cus_100434,e622c23e2951,T1,cascade,,2024-08-31
vitally,cus_100435,97081fd75d7e,T1,cascade,,2024-08-31
vitally,cus_100436,b71038723b34,T1,cascade,,2024-08-31
vitally,cus_100437,cce4e07ce38c,T1,cascade,,2024-08-31
vitally,cus_100438,1288cafbc1fe,T1,cascade,,2024-08-31
vitally,cus_100439,f5dc072a79ed,T1,cascade,,2024-08-31
vitally,cus_100440,5945ffa79bf5,T1,cascade,,2024-08-31
vitally,cus_100441,25f129ce4fc4,T1,cascade,,2024-08-31
vitally,cus_100442,bad845ea6ecb,T1,cascade,,2024-08-31
vitally,cus_100443,559a1afd0e44,T1,cascade,,2024-08-31
vitally,cus_100444,89c4b5ff4a9f,T1,cascade,,2024-08-31
vitally,cus_100445,1a38af8fa679,T1,cascade,,2024-08-31
vitally,cus_100446,dbb9781b47c5,T1,cascade,,2024-08-31
vitally,cus_100447,538f62518bf7,T1,cascade,,2024-08-31
vitally,cus_100448,e96833e2c6bb,T1,cascade,,2024-08-31
vitally,cus_100449,d23090c83713,T1,cascade,,2024-08-31
vitally,cus_100450,2c678f4bf9d9,T1,cascade,,2024-08-31
vitally,cus_100451,a6444ea5d4ad,T1,cascade,,2024-08-31
vitally,cus_100452,8ab5e8824094,T1,cascade,,2024-08-31
vitally,cus_100453,00fe53692ca1,T1,cascade,,2024-08-31
vitally,cus_100454,79cd2764ab4f,T1,cascade,,2024-08-31
vitally,cus_100455,0df07dc09d21,T1,cascade,,2024-08-31
vitally,cus_100456,61797f4fd29d,T1,cascade,,2024-08-31
vitally,cus_100457,fcb92db97bd8,T1,cascade,,2024-08-31
vitally,cus_100458,c7ae629f0670,T1,cascade,,2024-08-31
vitally,cus_100459,12031a79d1d3,T1,cascade,,2024-08-31
vitally,cus_100460,a6d940689369,T1,cascade,,2024-08-31
vitally,cus_100461,701a7145499e,T1,cascade,,2024-08-31
vitally,cus_100462,87ff09647766,T1,cascade,,2024-08-31
vitally,cus_100463,ef9605d5a1d4,T1,cascade,,2024-08-31
vitally,cus_100464,1c09f8474886,T1,cascade,,2024-08-31
vitally,cus_100465,c7b8e3dd3d9e,T2,cascade,,2024-08-31
vitally,cus_100466,5469ca09097a,T1,cascade,,2024-08-31
vitally,cus_100467,5211255cc108,T1,cascade,,2024-08-31
vitally,cus_100468,289073814fdb,T1,cascade,,2024-08-31
vitally,cus_100469,efe6dcc1eacd,T1,cascade,,2024-08-31
vitally,cus_100470,d708a60010d8,T1,cascade,,2024-08-31
vitally,cus_100471,0fda0433e133,T1,cascade,,2024-08-31
vitally,cus_100472,b8ff0ac62b88,T1,cascade,,2024-08-31
vitally,cus_100473,69e452cb7a98,T1,cascade,,2024-08-31
vitally,cus_100474,a321e5e40776,T1,cascade,,2024-08-31
vitally,cus_100475,6fbc308a9ed5,T1,cascade,,2024-08-31
vitally,cus_100476,567a1080b6c7,T1,cascade,,2024-08-31
vitally,cus_100477,93d4f5b861a3,T1,cascade,,2024-08-31
vitally,cus_100478,89d3af7bfbf6,T1,cascade,,2024-08-31
vitally,cus_100479,d7f2491cbf17,T1,cascade,,2024-08-31
vitally,cus_100480,67298e35c7b4,T1,cascade,,2024-08-31
vitally,cus_100481,167708133e90,T1,cascade,,2024-08-31
vitally,cus_100482,375bde6ba88f,T1,cascade,,2024-08-31
vitally,cus_100483,51e97a6e2d0f,T1,cascade,,2024-08-31
vitally,cus_100484,3baa0f55645f,T1,cascade,,2024-08-31
vitally,cus_100485,79b0014ab30f,T1,cascade,,2024-08-31
vitally,cus_100486,c434d20674b5,T1,cascade,,2024-08-31
vitally,cus_100487,589f42a9c63a,T1,cascade,,2024-08-31
vitally,cus_100488,5788d992991c,T1,cascade,,2024-08-31
vitally,cus_100489,093598bb9373,T1,cascade,,2024-08-31
vitally,cus_100490,eda37dec809b,T1,cascade,,2024-08-31
vitally,cus_100491,cba7ec6afd2e,T1,cascade,,2024-08-31
vitally,cus_100492,953a1fa5f1e4,T1,cascade,,2024-08-31
vitally,cus_100493,e0ed9bc3304b,T1,cascade,,2024-08-31
vitally,cus_100494,bcbbeb996730,T1,cascade,,2024-08-31
vitally,cus_100495,1fca191b2c4a,T1,cascade,,2024-08-31
vitally,cus_100496,87428c0f5a32,T1,cascade,,2024-08-31
vitally,cus_100497,1344cdebacd2,T2,cascade,,2024-08-31
vitally,cus_100498,88cf09ccad92,T1,cascade,,2024-08-31
vitally,cus_100499,baf649016fa9,T1,cascade,,2024-08-31
vitally,cus_100500,c4a02f8c12cd,T1,cascade,,2024-08-31
vitally,cus_100501,de0488775bd0,T1,cascade,,2024-08-31
vitally,cus_100502,3ed1dd022bbe,T1,cascade,,2024-08-31
vitally,cus_100503,7a3a0e83d9f6,T1,cascade,,2024-08-31
vitally,cus_100504,4cfcbde1f51f,T1,cascade,,2024-08-31
vitally,cus_100505,dde4a2325dc6,T1,cascade,,2024-08-31
vitally,cus_100506,d0cc2b9c1ce9,T1,cascade,,2024-08-31
vitally,cus_100507,548b90cb0018,T1,cascade,,2024-08-31
vitally,cus_100508,5d3a54fbe090,T1,cascade,,2024-08-31
vitally,cus_100509,1a1192e17404,T2,cascade,,2024-08-31
vitally,cus_100510,e9e407e1731c,T1,cascade,,2024-08-31
vitally,cus_100511,8018f473b454,T1,cascade,,2024-08-31
vitally,cus_100512,e31d2d4a48e2,T2,cascade,,2024-08-31
vitally,cus_100513,b6227ca140ae,T1,cascade,,2024-08-31
vitally,cus_100514,b7214f7de0d2,T1,cascade,,2024-08-31
vitally,cus_100515,4852e6665bc7,T2,cascade,,2024-08-31
vitally,cus_100516,a565c66b9bc6,T1,cascade,,2024-08-31
vitally,cus_100517,3d464b2bd5fe,T1,cascade,,2024-08-31
vitally,cus_100518,f3488af55845,T1,cascade,,2024-08-31
vitally,cus_100519,2c29d4cb2989,T1,cascade,,2024-08-31
vitally,cus_100520,2cd7d67219cc,T1,cascade,,2024-08-31
vitally,cus_100521,d8cba4a1d43d,T2,cascade,,2024-08-31
vitally,cus_100522,967e6f7023fc,T1,cascade,,2024-08-31
vitally,cus_100523,40cbcd1a5e9b,T1,cascade,,2024-08-31
vitally,cus_100524,368a3f9d6514,T1,cascade,,2024-08-31
vitally,cus_100525,62e862d0ba6b,T1,cascade,,2024-08-31
vitally,cus_100526,81215df16b9d,T1,cascade,,2024-08-31
vitally,cus_100527,78dd22e22aac,T1,cascade,,2024-08-31
vitally,cus_100528,dc75715a3853,T2,cascade,,2024-08-31
vitally,cus_100529,5f6fe04e3c0d,T1,cascade,,2024-08-31
vitally,cus_100530,ed5931954b72,T1,cascade,,2024-08-31
vitally,cus_100531,c7e410d860dd,T1,cascade,,2024-08-31
vitally,cus_100532,53f68810a2c7,T1,cascade,,2024-08-31
vitally,cus_100533,4cdf5b9fe3a4,T1,cascade,,2024-08-31
vitally,cus_100534,5382574560dc,T1,cascade,,2024-08-31
vitally,cus_100535,73a7137f9426,T1,cascade,,2024-08-31
vitally,cus_100536,59a8da5bbd25,T1,cascade,,2024-08-31
vitally,cus_100537,10e7e55b829d,T1,cascade,,2024-08-31
vitally,cus_100538,887b2c1a1380,T1,cascade,,2024-08-31
vitally,cus_100539,7ecb5a47e4a1,T2,cascade,,2024-08-31
vitally,cus_100540,5ff51d984ff6,T1,cascade,,2024-08-31
vitally,cus_100541,4748fb3a478f,T1,cascade,,2024-08-31
vitally,cus_100542,a24f4d4bb486,T1,cascade,,2024-08-31
vitally,cus_100543,f9d56b104a2b,T1,cascade,,2024-08-31
vitally,cus_100544,03e9e800144c,T1,cascade,,2024-08-31
vitally,cus_100545,78e777fdb583,T1,cascade,,2024-08-31
vitally,cus_100546,77af4118522b,T1,cascade,,2024-08-31
vitally,cus_100547,59a59dbb5c8d,T1,cascade,,2024-08-31
vitally,cus_100548,7964d8b4df3d,T1,cascade,,2024-08-31
vitally,cus_100549,279ab800ac35,T1,cascade,,2024-08-31
vitally,cus_100550,57c8aca8703d,T1,cascade,,2024-08-31
vitally,cus_100551,714a72f5154c,T1,cascade,,2024-08-31
vitally,cus_100552,f53160415402,T1,cascade,,2024-08-31
vitally,cus_100553,92f4e669bfdd,T1,cascade,,2024-08-31
vitally,cus_100554,3e0310fe6b93,T1,cascade,,2024-08-31
vitally,cus_100555,8425a0e965c5,T1,cascade,,2024-08-31
vitally,cus_100556,73791fb3cf09,T1,cascade,,2024-08-31
vitally,cus_100557,fa963456da9c,T2,cascade,,2024-08-31
vitally,cus_100558,118a77d9045d,T1,cascade,,2024-08-31
vitally,cus_100559,454a653ec9a9,T1,cascade,,2024-08-31
vitally,cus_100560,f34cb98c7172,T1,cascade,,2024-08-31
vitally,cus_100561,7fb38f9e61ff,T1,cascade,,2024-08-31
vitally,cus_100562,850c889b188c,T1,cascade,,2024-08-31
vitally,cus_100563,1f5adba0a272,T1,cascade,,2024-08-31
vitally,cus_100564,98aa01742131,T1,cascade,,2024-08-31
vitally,cus_100565,b454b2f7bd1c,T1,cascade,,2024-08-31
vitally,cus_100566,945c463e27f5,T1,cascade,,2024-08-31
vitally,cus_100567,d591a4e10426,T1,cascade,,2024-08-31
vitally,cus_100568,835f374d427c,T1,cascade,,2024-08-31
vitally,cus_100569,6709cae3efd1,T2,cascade,,2024-08-31
vitally,cus_100570,cf932e3d82d8,T1,cascade,,2024-08-31
vitally,cus_100571,2f26a0da0310,T1,cascade,,2024-08-31
vitally,cus_100572,2f9a572a5bab,T1,cascade,,2024-08-31
vitally,cus_100573,7cd86d7f8789,T1,cascade,,2024-08-31
vitally,cus_100574,cdd0fe341983,T1,cascade,,2024-08-31
vitally,cus_100575,cc612f12a5f3,T1,cascade,,2024-08-31
vitally,cus_100576,9e718ad7d560,T2,cascade,,2024-08-31
vitally,cus_100577,723875008eb9,T1,cascade,,2024-08-31
vitally,cus_100578,a93e31f7946a,T2,cascade,,2024-08-31
vitally,cus_100579,c722bd70bb6d,T1,cascade,,2024-08-31
vitally,cus_100580,97ee9f62574c,T2,cascade,,2024-08-31
vitally,cus_100581,c8d1b8b01b16,T1,cascade,,2024-08-31
vitally,cus_100582,7e3cff38400b,T1,cascade,,2024-08-31
vitally,cus_100583,9eb7a3a6657b,T1,cascade,,2024-08-31
vitally,cus_100584,dcbec6838ba3,T1,cascade,,2024-08-31
vitally,cus_100585,dcf6784c3f48,T1,cascade,,2024-08-31
vitally,cus_100586,1e6e8393975f,T1,cascade,,2024-08-31
vitally,cus_100587,9c83b29dabc8,T2,cascade,,2024-08-31
vitally,cus_100588,6978c5309efe,T1,cascade,,2024-08-31
vitally,cus_100589,f9258b3410f9,T1,cascade,,2024-08-31
vitally,cus_100590,ba0e4a372968,T2,cascade,,2024-08-31
vitally,cus_100591,ab72e3445be1,T1,cascade,,2024-08-31
vitally,cus_100592,ed0225bd89c5,T1,cascade,,2024-08-31
vitally,cus_100593,7c71e1e60120,T1,cascade,,2024-08-31
vitally,cus_100594,a79430c11e48,T1,cascade,,2024-08-31
vitally,cus_100595,ad2278a4a6c6,T1,cascade,,2024-08-31
vitally,cus_100596,3967f5213479,T1,cascade,,2024-08-31
vitally,cus_100597,c82c8b5945bb,T1,cascade,,2024-08-31
vitally,cus_100598,ecd54f585087,T1,cascade,,2024-08-31
vitally,cus_100599,bcdb022bc305,T1,cascade,,2024-08-31
vitally,cus_100600,db9bc2d200e6,T1,cascade,,2024-08-31
vitally,cus_100601,b4c838eb089c,T1,cascade,,2024-08-31
vitally,cus_100602,e4190b8c9edb,T1,cascade,,2024-08-31
vitally,cus_100603,b4e6ad0d057a,T1,cascade,,2024-08-31
vitally,cus_100604,eb6e17931ac2,T1,cascade,,2024-08-31
vitally,cus_100605,e19569d925d2,T1,cascade,,2024-08-31
vitally,cus_100606,04887d0f3f7c,T1,cascade,,2024-08-31
vitally,cus_100607,6b9938219d8f,T1,cascade,,2024-08-31
vitally,cus_100608,c29e32af3d21,T1,cascade,,2024-08-31
vitally,cus_100609,2e313ecc9f06,T1,cascade,,2024-08-31
vitally,cus_100610,21a76877b923,T1,cascade,,2024-08-31
vitally,cus_100611,91406719f00e,T1,cascade,,2024-08-31
vitally,cus_100612,77c327404c72,T1,cascade,,2024-08-31
vitally,cus_100613,dcf4823a4d63,T1,cascade,,2024-08-31
vitally,cus_100614,b11ab648f308,T1,cascade,,2024-08-31
vitally,cus_100615,b8a43530cf08,T1,cascade,,2024-08-31
vitally,cus_100616,cd022db07256,T1,cascade,,2024-08-31
vitally,cus_100617,34fc60602415,T1,cascade,,2024-08-31
vitally,cus_100618,48c20dcf6fe4,T1,cascade,,2024-08-31
vitally,cus_100619,22b962d9afed,T1,cascade,,2024-08-31
vitally,cus_100620,aa00b58df5b0,T1,cascade,,2024-08-31
vitally,cus_100621,4566eb75d1d3,T2,cascade,,2024-08-31
vitally,cus_100622,57430e054ca2,T1,cascade,,2024-08-31
vitally,cus_100623,37211eeb762c,T1,cascade,,2024-08-31
vitally,cus_100624,d17a1cb67764,T1,cascade,,2024-08-31
vitally,cus_100625,0f42092743f1,T1,cascade,,2024-08-31
vitally,cus_100626,e9214ee5bf0b,T1,cascade,,2024-08-31
vitally,cus_100627,0c0316a141aa,T1,cascade,,2024-08-31
vitally,cus_100628,28e7c24cd4cb,T2,cascade,,2024-08-31
vitally,cus_100629,a2f4b7cd7eb1,T1,cascade,,2024-08-31
vitally,cus_100630,652a84cfe5c1,T1,cascade,,2024-08-31
vitally,cus_100631,6c0b2c4e1901,T1,cascade,,2024-08-31
vitally,cus_100632,937eb80b0184,T1,cascade,,2024-08-31
vitally,cus_100633,98bbb9b1f4ec,T1,cascade,,2024-08-31
vitally,cus_100634,9d7de9537b7e,T1,cascade,,2024-08-31
vitally,cus_100635,618a87bd9809,T1,cascade,,2024-08-31
vitally,cus_100636,0c092b55cb21,T1,cascade,,2024-08-31
vitally,cus_100637,3af530a7679a,T2,cascade,,2024-08-31
vitally,cus_100638,eb0b897c470a,T1,cascade,,2024-08-31
vitally,cus_100639,2472eb83ec96,T1,cascade,,2024-08-31
vitally,cus_100640,809d0342d4ed,T1,cascade,,2024-08-31
vitally,cus_100641,8aace75b998d,T1,cascade,,2024-08-31
vitally,cus_100642,08513678e63b,T1,cascade,,2024-08-31
vitally,cus_100643,f4369dc52865,T1,cascade,,2024-08-31
vitally,cus_100644,e49077a75737,T1,cascade,,2024-08-31
vitally,cus_100645,49ce3285ee46,T1,cascade,,2024-08-31
vitally,cus_100646,ae32988dfca5,T1,cascade,,2024-08-31
vitally,cus_100647,12bb70998c29,T1,cascade,,2024-08-31
vitally,cus_100648,9de59d515b9f,T1,cascade,,2024-08-31
vitally,cus_100649,ebaae71bb69b,T1,cascade,,2024-08-31
