master_id,hubspot_id,account_id,vitally_id,confidence_tier,company_name,domain,domain_label,segment,industry,plan,state,csm_owner,signup_date,mrr_mxn,mrr_source,mrr_confidence,mrr_original,currency_original,churn_date,churn_status,reference_month,active_users_latest,active_users_avg,usage_months,trend_usage,trend_asof_month,trend_status,tickets_total,tickets_urgent,csat_avg,acquisition_channel,closed_revenue_mxn,ruleset_version,dataset_asof
0014df720942,HS-100421,ACC-2420,cus_100420,T1,Club Mascareñas-Moya,club870.com.mx,club870,Mid-Market,Manufactura,Pro,Puebla,Fernanda Solís,2023-04-10,12583.00,crm,high,12583.00,MXN,,active,2024-08,36,31.53,15,-0.031854,2024-06,computed,3,1,3.00,Organic,0.00,1.0.0,2024-08-31
0044b4ee820c,HS-100017,ACC-2016,cus_100016,T1,"Club Badillo, Ruelas y Almonte",club774.com.mx,club774,SMB,Retail,Basico,Estado de México,Diego Ortega,2024-05-18,2385.00,crm,high,2385.00,MXN,,active,2024-08,5,5.00,2,,2024-06,insufficient_history,4,0,,Outbound SDR,2385.00,1.0.0,2024-08-31
00902f986641,HS-100325,ACC-2324,cus_100324,T1,"Zayas, Guajardo y García",zayas588.com.mx,zayas588,Enterprise,Automotriz,Premium,Nuevo León,Ana Ruiz,2022-07-07,76410.00,crm,high,76410.00,MXN,,active,2024-08,273,248.00,22,-0.068022,2024-06,computed,6,0,2.40,Paid Search,76410.00,1.0.0,2024-08-31
00a8d71c23f4,HS-100064,ACC-2063,cus_100063,T1,Ybarra y Alcaraz S.C.,ybarra40.com.mx,ybarra40,SMB,Logística,Basico,Estado de México,Marta Díaz,2024-06-09,2888.00,crm,high,2888.00,MXN,,active,2024-08,13,11.33,1,,2024-06,insufficient_history,4,0,2.25,Referral,0.00,1.0.0,2024-08-31
00fd17d94d91,HS-100010,ACC-2009,cus_100009,T1,"Proyectos Zamora, Amaya y Rosales",proyectos380.com.mx,proyectos380,Mid-Market,Tecnología,Pro,Jalisco,Fernanda Solís,2023-06-23,15865.00,crm,high,15865.00,MXN,,active,2024-08,16,19.20,13,-0.007432,2024-06,computed,4,0,3.50,Outbound SDR,0.00,1.0.0,2024-08-31
00fe53692ca1,HS-100454,ACC-2453,cus_100453,T1,Despacho Gamboa y Espinoza,despacho982.com.mx,despacho982,Enterprise,Manufactura,Premium,Querétaro,Fernanda Solís,2024-01-22,73127.00,crm,high,73127.00,MXN,,active,2024-08,194,219.12,6,0.026064,2024-06,computed,3,0,3.00,Partner,0.00,1.0.0,2024-08-31
0196867379d8,HS-100062,ACC-2061,cus_100061,T1,"Proyectos Olvera, Llamas y Huerta",proyectos360.com.mx,proyectos360,SMB,Logística,Basico,Chihuahua,Diego Ortega,2024-04-21,7255.00,crm,high,7255.00,MXN,,active,2024-08,8,6.60,3,-0.052293,2024-06,computed,1,1,3.00,Outbound SDR,0.00,1.0.0,2024-08-31
02382e1b34e3,HS-100407,ACC-2406,cus_100406,T1,Marroquín y Mercado A.C.,marroquín837.com.mx,marroquin837,SMB,Logística,Basico,Sonora,Luis Peña,2023-10-19,8437.00,crm,high,8437.00,MXN,2024-05-10,churned,2024-05,2,7.25,6,-0.119613,2024-03,computed,4,0,2.00,Organic,0.00,1.0.0,2024-08-31
034cefcecc7f,HS-100253,ACC-2252,cus_100252,T1,Proyectos Mateo y Tejeda,proyectos585.com.mx,proyectos585,Mid-Market,Construcción,Pro,Guanajuato,Carla Nuñez,2023-07-16,15137.00,crm,high,15137.00,MXN,,active,2024-08,52,52.79,12,0.065085,2024-06,computed,3,0,2.33,Organic,0.00,1.0.0,2024-08-31
03ba89cf14b9,HS-100273,ACC-2272,cus_100272,T1,Zepeda-Partida,zepedapartid936.com.mx,zepedapartid936,Mid-Market,Educación,Pro,Yucatán,Fernanda Solís,2022-07-15,12858.00,crm,high,12858.00,MXN,,active,2024-08,14,15.46,22,-0.083112,2024-06,computed,4,0,1.00,Paid Search,0.00,1.0.0,2024-08-31
03e9e800144c,HS-100545,ACC-2544,cus_100544,T1,"Cervántez, Esparza y Oquendo",cervántez995.com.mx,cervantez995,Mid-Market,Educación,Pro,Chihuahua,Diego Ortega,2023-03-08,16455.00,crm,high,16455.00,MXN,2023-11-21,churned,2023-11,8,32.22,7,-0.144913,2023-09,computed,3,1,1.00,Organic,0.00,1.0.0,2024-08-31
04887d0f3f7c,HS-100607,ACC-2606,cus_100606,T1,Alcala-Magaña,alcalamagaña369.com.mx,alcalamagana369,SMB,Logística,Basico,CDMX,Ana Ruiz,2022-10-10,8566.00,crm,high,8566.00,MXN,,active,2024-08,4,4.52,21,-0.068792,2024-06,computed,5,0,4.33,Webinar,0.00,1.0.0,2024-08-31
05f6a68d13dc,HS-100294,ACC-2293,cus_100293,T2,Serrato-Lomeli,serratolomel126.com.mx,serratolomel126,SMB,Alimentos,Basico,Estado de México,Marta Díaz,2022-12-15,4191.00,crm,high,4191.00,MXN,2023-03-10,churned,2023-03,0,1.25,2,,2023-01,insufficient_history,0,0,,Evento,0.00,1.0.0,2024-08-31
062df55dccb8,HS-100126,ACC-2125,cus_100125,T1,"Grupo Alva, Linares y Mendoza",grupo847.com.mx,grupo847,SMB,Logística,Basico,Sonora,Carla Nuñez,2022-12-20,3165.00,crm,high,3165.00,MXN,2023-07-25,churned,2023-07,0,3.88,6,-0.200308,2023-05,computed,0,0,,Organic,0.00,1.0.0,2024-08-31
068871d26770,HS-100209,ACC-2208,cus_100208,T1,Laboratorios Valdivia-Ornelas,laboratorios614.com.mx,laboratorios614,SMB,Educación,Basico,Nuevo León,Luis Peña,2022-07-07,2448.00,crm,high,2448.00,MXN,,active,2024-08,12,12.21,22,0.011334,2024-06,computed,4,1,3.00,Paid Search,0.00,1.0.0,2024-08-31
07834c81ea07,HS-100161,ACC-2160,cus_100160,T1,Covarrubias-Rosario S.A. de C.V.,covarrubiasr586.com.mx,covarrubiasr586,SMB,Educación,Basico,CDMX,Marta Díaz,2022-01-06,4940.00,crm,high,4940.00,MXN,,active,2024-08,13,13.08,22,-0.001711,2024-06,computed,3,0,3.00,Organic,0.00,1.0.0,2024-08-31
078d848b2f9f,HS-100042,ACC-2041,cus_100041,T1,Maldonado-Bueno,maldonadobue984.com.mx,maldonadobue984,SMB,Manufactura,Basico,Puebla,Fernanda Solís,2022-11-23,6160.00,crm,high,6160.00,MXN,2023-04-01,churned,2023-04,2,8.50,4,-0.162344,2023-02,computed,1,0,5.00,Paid Search,0.00,1.0.0,2024-08-31
08513678e63b,HS-100643,ACC-2642,cus_100642,T1,"Prado, Ozuna y Orellana",prado772.com.mx,prado772,SMB,Construcción,Basico,Sonora,Ana Ruiz,2023-02-10,6433.00,crm,high,6433.00,MXN,,active,2024-08,14,11.74,17,0.029843,2024-06,computed,1,0,1.00,Evento,0.00,1.0.0,2024-08-31
093598bb9373,HS-100490,ACC-2489,cus_100489,T1,Manzanares y Zapata y Asociados,manzanares211.com.mx,manzanares211,Enterprise,Retail,Premium,Nuevo León,Ana Ruiz,2022-01-11,55513.00,crm,high,55513.00,MXN,,active,2024-08,236,245.12,22,-0.017066,2024-06,computed,5,1,2.25,Referral,0.00,1.0.0,2024-08-31
0950a3eaca02,HS-100340,ACC-2339,cus_100339,T1,Prado-Castillo A.C.,pradocastill458.com.mx,pradocastill458,SMB,Servicios Financieros,Basico,CDMX,Ana Ruiz,2023-01-24,6326.00,crm,high,6326.00,MXN,,active,2024-08,8,7.75,18,-0.056939,2024-06,computed,4,0,3.00,Evento,0.00,1.0.0,2024-08-31
09a2a58e60b9,HS-100103,ACC-2102,cus_100102,T1,Industrias Ramos-Tejeda,industrias331.com.mx,industrias331,SMB,Logística,Basico,Yucatán,Marta Díaz,2022-06-20,8977.00,crm,high,8977.00,MXN,,active,2024-08,3,2.46,22,0.092393,2024-06,computed,1,0,5.00,Evento,0.00,1.0.0,2024-08-31
0a2107e049f9,HS-100159,ACC-2158,cus_100158,T1,Chapa S.C.,chapa453.com.mx,chapa453,SMB,Retail,Basico,Querétaro,Fernanda Solís,2022-11-27,4830.00,crm,high,4830.00,MXN,,active,2024-08,3,4.41,20,0.034165,2024-06,computed,2,0,3.50,Outbound SDR,0.00,1.0.0,2024-08-31
0aa90d008a95,HS-100068,ACC-2067,cus_100067,T1,Club Montemayor-Godoy,club922.com.mx,club922,Mid-Market,Agroindustria,Pro,Estado de México,Marta Díaz,2023-01-24,25617.00,crm,high,25617.00,MXN,,active,2024-08,18,20.75,18,0.027523,2024-06,computed,7,1,2.60,Paid Search,25617.00,1.0.0,2024-08-31
0b0baf334770,HS-100402,ACC-2401,cus_100401,T1,Flores-Reyes S. R.L. de C.V.,floresreyes802.com.mx,floresreyes802,Enterprise,Alimentos,Premium,Yucatán,Fernanda Solís,2022-06-10,44495.00,crm,high,44495.00,MXN,,active,2024-08,193,186.21,22,-0.084538,2024-06,computed,6,0,2.25,Referral,0.00,1.0.0,2024-08-31
0b0c556bec93,HS-100348,ACC-2347,cus_100347,T2,Zelaya y Marrero S. R.L. de C.V.,zelaya385.com.mx,zelaya385,SMB,Educación,Basico,Jalisco,Marta Díaz,2022-10-19,31884.00,imputed_from_deal,medium,,MXN,,active,2024-08,8,7.48,21,-0.011075,2024-06,computed,5,0,2.50,Referral,0.00,1.0.0,2024-08-31
0b42fd3d0ae2,HS-100167,ACC-2166,cus_100166,T1,Collazo-Prieto,collazopriet206.com.mx,collazopriet206,SMB,Tecnología,Basico,Chihuahua,Carla Nuñez,2022-07-11,3082.00,crm,high,3082.00,MXN,,active,2024-08,3,3.54,22,-0.074645,2024-06,computed,0,0,,Partner,0.00,1.0.0,2024-08-31
0b632556c614,HS-100134,ACC-2133,cus_100133,T1,Pizarro S.A.,pizarro466.com.mx,pizarro466,SMB,Manufactura,Basico,Estado de México,Diego Ortega,2024-04-02,2721.00,crm,high,2721.00,MXN,,active,2024-08,9,8.20,3,-0.015840,2024-06,computed,1,0,5.00,Webinar,0.00,1.0.0,2024-08-31
0c0316a141aa,HS-100628,ACC-2627,cus_100627,T1,Santillán S.C.,santillán761.com.mx,santillan761,Mid-Market,Agroindustria,Pro,Puebla,Luis Peña,2022-08-16,22409.00,crm,high,22409.00,MXN,,active,2024-08,50,51.58,22,-0.022651,2024-06,computed,4,0,3.33,Outbound SDR,0.00,1.0.0,2024-08-31
0c092b55cb21,HS-100637,ACC-2636,cus_100636,T1,Cavazos y Quiroz S.A. de C.V.,cavazos755.com.mx,cavazos755,SMB,Agroindustria,Basico,Guanajuato,Marta Díaz,2023-01-21,6534.00,crm,high,6534.00,MXN,2024-03-21,churned,2024-03,0,3.60,13,-0.171785,2024-01,computed,3,0,2.33,Referral,0.00,1.0.0,2024-08-31
0c9833234628,HS-100252,ACC-2251,cus_100251,T1,Casárez-Granado,casárezgrana248.com.mx,casarezgrana248,SMB,Hospitalidad,Basico,Guanajuato,Carla Nuñez,2022-03-04,7886.00,crm,high,7886.00,MXN,,active,2024-08,8,6.42,22,0.020722,2024-06,computed,2,0,5.00,Outbound SDR,7886.00,1.0.0,2024-08-31
0cba696d8c85,HS-100251,ACC-2250,cus_100250,T1,Carrillo-Ceja,carrilloceja114.com.mx,carrilloceja114,SMB,Retail,Basico,Chihuahua,Fernanda Solís,2024-05-27,8854.00,crm,high,8854.00,MXN,,active,2024-08,8,8.00,2,,2024-06,insufficient_history,3,0,2.00,Paid Search,0.00,1.0.0,2024-08-31
0d4cd09dfa99,HS-100221,ACC-2220,cus_100220,T1,Negrete-Acosta,negreteacost885.com.mx,negreteacost885,Mid-Market,Salud,Pro,Yucatán,Jorge Ibarra,2022-09-04,19359.00,crm,high,19359.00,MXN,,active,2024-08,59,50.54,22,0.013516,2024-06,computed,2,0,3.00,Organic,0.00,1.0.0,2024-08-31
0d6202950750,HS-100152,ACC-2151,cus_100151,T1,Narváez-Casillas S. R.L. de C.V.,narváezcasil978.com.mx,narvaezcasil978,SMB,Educación,Basico,Jalisco,Carla Nuñez,2023-10-12,4594.00,crm,high,4594.00,MXN,,active,2024-08,13,13.64,9,-0.023502,2024-06,computed,6,1,3.75,Organic,0.00,1.0.0,2024-08-31
0df07dc09d21,HS-100456,ACC-2455,cus_100455,T1,Verdugo y Esquibel S.C.,verdugo926.com.mx,verdugo926,SMB,Automotriz,Basico,Puebla,Marta Díaz,2022-01-02,7315.00,crm,high,7315.00,MXN,,active,2024-08,5,5.54,22,-0.043533,2024-06,computed,1,0,5.00,Webinar,0.00,1.0.0,2024-08-31
0e7b9d22a314,HS-100306,ACC-2305,cus_100305,T2,Borrego y Arenas S.C.,borrego403.com.mx,borrego403,Enterprise,Tecnología,Premium,Chihuahua,Diego Ortega,2023-03-01,66910.00,crm,high,66910.00,MXN,,active,2024-08,322,304.28,16,0.007013,2024-06,computed,4,0,2.67,Outbound SDR,66910.00,1.0.0,2024-08-31
0f42092743f1,HS-100626,ACC-2625,cus_100625,T1,Almaraz y Sanches S.A.,almaraz100.com.mx,almaraz100,SMB,Retail,Basico,Querétaro,Diego Ortega,2022-01-12,8220.00,imputed_from_deal,medium,,MXN,,active,2024-08,2,2.62,22,-0.018020,2024-06,computed,1,1,1.00,Referral,0.00,1.0.0,2024-08-31
0f853c61d098,HS-100300,ACC-2299,cus_100299,T1,Laboratorios Villalpando y Limón,laboratorios375.com.mx,laboratorios375,SMB,Educación,Basico,Guanajuato,Luis Peña,2023-07-20,2370.00,crm,high,2370.00,MXN,,active,2024-08,8,8.00,12,0.009243,2024-06,computed,0,0,,Outbound SDR,0.00,1.0.0,2024-08-31
0f9a82123cbe,HS-100202,ACC-2201,cus_100201,T1,Elizondo-Vergara S.A.,elizondoverg185.com.mx,elizondoverg185,SMB,Manufactura,Basico,Nuevo León,Ana Ruiz,2023-06-09,4238.00,crm,high,4238.00,MXN,,active,2024-08,11,12.40,13,0.073867,2024-06,computed,4,0,1.67,Partner,0.00,1.0.0,2024-08-31
0fda0433e133,HS-100472,ACC-2471,cus_100471,T1,Industrias Delgadillo-Vaca,industrias656.com.mx,industrias656,Enterprise,Retail,Premium,Querétaro,Ana Ruiz,2024-04-04,68373.00,crm,high,68373.00,MXN,,active,2024-08,274,257.80,3,-0.012347,2024-06,computed,4,0,2.25,Outbound SDR,0.00,1.0.0,2024-08-31
108f213736fb,HS-100204,ACC-2203,cus_100203,T1,Proyectos Amaya y Osorio,proyectos386.com.mx,proyectos386,Enterprise,Construcción,Premium,Guanajuato,Marta Díaz,2022-04-05,50340.00,crm,high,50340.00,MXN,,active,2024-08,124,126.67,22,0.052856,2024-06,computed,9,1,2.75,Outbound SDR,0.00,1.0.0,2024-08-31
10e7e55b829d,HS-100538,ACC-2537,cus_100537,T1,Alvarez y Salcido S.A. de C.V.,alvarez51.com.mx,alvarez51,SMB,Retail,Basico,CDMX,Luis Peña,2023-02-03,5218.00,crm,high,5218.00,MXN,,active,2024-08,8,9.58,17,0.132928,2024-06,computed,1,0,,Paid Search,0.00,1.0.0,2024-08-31
118a77d9045d,HS-100559,ACC-2558,cus_100558,T1,"Corporacin Valdez, Samaniego y Sotelo",corporacin308.com.mx,corporacin308,Mid-Market,Tecnología,Pro,Estado de México,Marta Díaz,2023-07-15,23519.00,crm,high,23519.00,MXN,,active,2024-08,33,29.57,12,-0.013523,2024-06,computed,3,0,1.00,Outbound SDR,0.00,1.0.0,2024-08-31
1197d211e7e1,HS-100127,ACC-2126,cus_100126,T1,Club Anaya-Valencia,club450.com.mx,club450,Mid-Market,Logística,Pro,Querétaro,Jorge Ibarra,2023-07-04,24358.00,crm,high,24358.00,MXN,,active,2024-08,27,25.36,12,-0.002588,2024-06,computed,3,0,2.33,Webinar,0.00,1.0.0,2024-08-31
12031a79d1d3,HS-100460,ACC-2459,cus_100459,T1,Rojas y Marrero e Hijos,rojas321.com.mx,rojas321,SMB,Retail,Basico,Nuevo León,Diego Ortega,2023-03-29,5011.00,crm,high,5011.00,MXN,,active,2024-08,3,3.39,16,-0.044203,2024-06,computed,1,0,5.00,Partner,0.00,1.0.0,2024-08-31
1288cafbc1fe,HS-100439,ACC-2438,cus_100438,T1,"Prieto, Alejandro y Tamayo",prieto224.com.mx,prieto224,Mid-Market,Servicios Financieros,Pro,Puebla,Diego Ortega,2024-04-21,12355.00,crm,high,12355.00,MXN,,active,2024-08,44,42.00,3,0.022703,2024-06,computed,2,0,2.50,Paid Search,12355.00,1.0.0,2024-08-31
12bb70998c29,HS-100648,ACC-2647,cus_100647,T1,Gallardo-Bustamante S.A.,gallardobust560.com.mx,gallardobust560,Mid-Market,Hospitalidad,Pro,Querétaro,Luis Peña,2023-04-30,15437.00,crm,high,15437.00,MXN,,active,2024-08,28,27.47,15,0.064684,2024-06,computed,6,0,3.00,Organic,15437.00,1.0.0,2024-08-31
1344cdebacd2,HS-100498,ACC-2497,cus_100497,T2,"Club Saldaña, Lira y Heredia",club162.com.mx,club162,SMB,Retail,Basico,CDMX,Carla Nuñez,2023-04-13,8615.00,crm,high,8615.00,MXN,,active,2024-08,14,12.12,15,-0.001807,2024-06,computed,0,0,,Referral,0.00,1.0.0,2024-08-31
13d2b5cf6ea2,HS-100228,ACC-2227,cus_100227,T1,"Tórrez, Sotelo y Muñoz",tórrez940.com.mx,torrez940,SMB,Salud,Basico,Sonora,Fernanda Solís,2022-06-08,4317.00,crm,high,4317.00,MXN,,active,2024-08,8,7.46,22,-0.045749,2024-06,computed,4,0,3.00,Partner,0.00,1.0.0,2024-08-31
143d4fc0dd50,HS-100289,ACC-2288,cus_100288,T1,Quintanilla-Hernádez,quintanillah633.com.mx,quintanillah633,SMB,Educación,Basico,Querétaro,Carla Nuñez,2022-05-23,7234.00,crm,high,7234.00,MXN,,active,2024-08,6,11.17,22,0.058652,2024-06,computed,2,0,5.00,Evento,0.00,1.0.0,2024-08-31
14c82590fbd2,HS-100324,ACC-2323,cus_100323,T1,"Proyectos Orozco, Rivera y Abreu",proyectos205.com.mx,proyectos205,SMB,Automotriz,Basico,Jalisco,Ana Ruiz,2022-11-20,8192.00,crm,high,8192.00,MXN,,active,2024-08,11,11.00,20,0.025878,2024-06,computed,2,0,5.00,Outbound SDR,0.00,1.0.0,2024-08-31
14e457b52fab,HS-100358,ACC-2357,cus_100357,T1,Zapata-Moreno,zapatamoreno696.com.mx,zapatamoreno696,Mid-Market,Automotriz,Pro,Estado de México,Fernanda Solís,2022-04-03,27214.00,imputed_from_deal,medium,,MXN,2023-05-20,churned,2023-05,5,27.33,7,-0.234583,2023-03,computed,9,1,4.60,Outbound SDR,0.00,1.0.0,2024-08-31
1598cd0f4138,HS-100287,ACC-2286,cus_100286,T1,Burgos y Rosales S.C.,burgos640.com.mx,burgos640,SMB,Automotriz,Basico,CDMX,Ana Ruiz,2022-06-04,7903.00,crm,high,7903.00,MXN,,active,2024-08,9,8.54,22,0.003583,2024-06,computed,0,0,,Referral,0.00,1.0.0,2024-08-31
16541ff794fd,HS-100088,ACC-2087,cus_100087,T1,Raya e Hijos,raya696.com.mx,raya696,Mid-Market,Automotriz,Pro,Nuevo León,Jorge Ibarra,2022-03-13,22248.00,crm,high,22248.00,MXN,,active,2024-08,22,21.62,22,-0.026166,2024-06,computed,3,1,2.00,Paid Search,44496.00,1.0.0,2024-08-31
1657dbc3746e,HS-100093,ACC-2092,cus_100092,T1,"Laboratorios Briseño, Toledo y Salgado",laboratorios666.com.mx,laboratorios666,Mid-Market,Construcción,Pro,CDMX,Luis Peña,2023-05-10,10319.00,crm,high,10319.00,MXN,2023-11-12,churned,2023-11,7,30.00,5,-0.157658,2023-09,computed,5,0,1.25,Outbound SDR,0.00,1.0.0,2024-08-31
167708133e90,HS-100482,ACC-2481,cus_100481,T1,Solorio y Cisneros A.C.,solorio251.com.mx,solorio251,Mid-Market,Manufactura,Pro,Nuevo León,Luis Peña,2023-08-02,452473.00,crm,high,24458.00,USD,,active,2024-08,41,36.08,11,0.067949,2024-06,computed,5,0,2.20,Webinar,452473.00,1.0.0,2024-08-31
16b237fd6c05,HS-100344,ACC-2343,cus_100343,T1,Caraballo S. R.L. de C.V.,caraballo573.com.mx,caraballo573,SMB,Manufactura,Basico,CDMX,Diego Ortega,2022-10-03,5787.00,crm,high,5787.00,MXN,2023-08-19,churned,2023-08,1,8.73,9,-0.132070,2023-06,computed,1,0,1.00,Partner,5787.00,1.0.0,2024-08-31
16c951b00315,HS-100060,ACC-2059,cus_100059,T1,"Corporacin Verduzco, Caraballo y Raya",corporacin228.com.mx,corporacin228,SMB,Alimentos,Basico,Puebla,Diego Ortega,2023-12-24,3634.00,crm,high,3634.00,MXN,,active,2024-08,3,2.67,7,0.021018,2024-06,computed,3,0,1.67,Paid Search,0.00,1.0.0,2024-08-31
179d97e50dff,HS-100135,ACC-2134,cus_100134,T1,Muñiz-Guardado,muñizguardad845.com.mx,munizguardad845,Enterprise,Servicios Financieros,Premium,Chihuahua,Luis Peña,2023-12-29,58276.00,crm,high,58276.00,MXN,,active,2024-08,123,111.44,7,0.049509,2024-06,computed,5,0,1.33,Referral,0.00,1.0.0,2024-08-31
17ad157b6ec9,HS-100239,ACC-2238,cus_100238,T1,Villaseñor y Palomino S.A.,villaseñor547.com.mx,villasenor547,Mid-Market,Construcción,Pro,Puebla,Diego Ortega,2022-05-29,19140.00,crm,high,19140.00,MXN,,active,2024-08,16,18.88,22,0.000450,2024-06,computed,2,1,1.00,Evento,0.00,1.0.0,2024-08-31
183da402db0f,HS-100246,ACC-2245,cus_100245,T1,Arellano y Armas S.C.,arellano29.com.mx,arellano29,Enterprise,Construcción,Premium,Nuevo León,Marta Díaz,2022-05-21,82996.00,crm,high,82996.00,MXN,,active,2024-08,307,284.12,22,0.046713,2024-06,computed,4,0,3.67,Organic,995952.00,1.0.0,2024-08-31
190a2d8a76a2,HS-100385,ACC-2384,cus_100384,T1,"Club Zarate, Peña y Gaona",club804.com.mx,club804,Mid-Market,Automotriz,Pro,CDMX,Carla Nuñez,2023-07-08,27541.00,crm,high,27541.00,MXN,,active,2024-08,37,38.93,12,0.050562,2024-06,computed,4,0,2.00,Webinar,0.00,1.0.0,2024-08-31
19e40842726a,HS-100282,ACC-2281,cus_100281,T1,Luevano-Mota e Hijos,luevanomota900.com.mx,luevanomota900,SMB,Tecnología,Basico,Nuevo León,Diego Ortega,2022-05-02,8791.00,crm,high,8791.00,MXN,,active,2024-08,7,9.25,22,0.014059,2024-06,computed,2,1,,Evento,0.00,1.0.0,2024-08-31
1a1192e17404,HS-100510,ACC-2509,cus_100509,T2,"Escobedo, Guzmán y Montaño",escobedo646.com.mx,escobedo646,Mid-Market,Construcción,Pro,Guanajuato,Diego Ortega,2022-12-27,26814.00,crm,high,26814.00,MXN,2023-09-08,churned,2023-09,5,28.30,8,-0.220072,2023-07,computed,7,1,2.40,Referral,0.00,1.0.0,2024-08-31
1a38af8fa679,HS-100446,ACC-2445,cus_100445,T1,Despacho Flórez-Hernandes,despacho130.com.mx,despacho130,Enterprise,Automotriz,Premium,Puebla,Marta Díaz,2022-03-28,44362.00,crm,high,44362.00,MXN,,active,2024-08,167,156.29,22,-0.036270,2024-06,computed,5,0,3.50,Referral,0.00,1.0.0,2024-08-31
1b589de854cd,HS-100298,ACC-2297,cus_100297,T2,Corporacin Casárez y Fuentes,corporacin50.com.mx,corporacin50,SMB,Salud,Basico,Yucatán,Diego Ortega,2023-05-30,2414.00,crm,high,2414.00,MXN,,active,2024-08,8,7.31,14,0.038074,2024-06,computed,0,0,,Partner,0.00,1.0.0,2024-08-31
1c09f8474886,HS-100465,ACC-2464,cus_100464,T1,Bravo-Terán,bravoterán567.com.mx,bravoteran567,Enterprise,Construcción,Premium,Querétaro,Ana Ruiz,2022-02-07,79050.00,imputed_from_deal,medium,,MXN,,active,2024-08,268,227.00,22,-0.039834,2024-06,computed,2,0,3.00,Paid Search,0.00,1.0.0,2024-08-31
1cf6a4e18b6f,HS-100410,ACC-2409,cus_100409,T1,Laboratorios Garrido-Quiñónez,laboratorios512.com.mx,laboratorios512,SMB,Automotriz,Basico,Estado de México,Luis Peña,2022-01-08,3140.00,crm,high,3140.00,MXN,,active,2024-08,6,6.62,22,0.031930,2024-06,computed,4,0,1.33,Evento,0.00,1.0.0,2024-08-31
1d87384d7c5c,HS-100118,ACC-2117,cus_100117,T1,Despacho Ochoa y Vega,despacho153.com.mx,despacho153,SMB,Tecnología,Basico,Chihuahua,Ana Ruiz,2022-01-17,8644.00,crm,high,8644.00,MXN,2022-11-27,churned,2022-11,1,2.00,1,,2022-09,insufficient_history,1,0,,Evento,8644.00,1.0.0,2024-08-31
1db97fc7c4a3,HS-100208,ACC-2207,cus_100207,T1,Aguilera-Matos,aguileramato695.com.mx,aguileramato695,Mid-Market,Automotriz,Pro,Puebla,Ana Ruiz,2023-01-29,24945.00,crm,high,24945.00,MXN,,active,2024-08,21,17.70,18,-0.068626,2024-06,computed,3,1,1.50,Outbound SDR,24945.00,1.0.0,2024-08-31
1e08214c6d84,HS-100397,ACC-2396,cus_100396,T1,Saldivar-Rangel,saldivarrang192.com.mx,saldivarrang192,Mid-Market,Retail,Pro,Jalisco,Jorge Ibarra,2022-09-10,23707.00,crm,high,23707.00,MXN,,active,2024-08,52,46.17,22,-0.011383,2024-06,computed,3,0,4.00,Evento,23707.00,1.0.0,2024-08-31
1e6e8393975f,HS-100587,ACC-2586,cus_100586,T1,"Club Pizarro, Bernal y Díaz",club215.com.mx,club215,SMB,Logística,Basico,Jalisco,Jorge Ibarra,2023-12-02,8235.00,crm,high,8235.00,MXN,,active,2024-08,3,3.56,7,0.024878,2024-06,computed,5,0,3.75,Partner,0.00,1.0.0,2024-08-31
1e79ff8dda47,HS-100357,ACC-2356,cus_100356,T1,Club Vera-Pelayo,club424.com.mx,club424,SMB,Construcción,Basico,Nuevo León,Carla Nuñez,2022-06-09,4461.00,crm,high,4461.00,MXN,,active,2024-08,4,3.62,22,0.029337,2024-06,computed,1,0,2.00,Evento,0.00,1.0.0,2024-08-31
1ece7b99e449,HS-100120,ACC-2119,cus_100119,T1,Miramontes-Madera,miramontesma881.com.mx,miramontesma881,SMB,Logística,Basico,Sonora,Ana Ruiz,2023-09-05,6821.00,crm,high,6821.00,MXN,,active,2024-08,8,7.42,10,-0.078360,2024-06,computed,1,0,2.00,Webinar,6821.00,1.0.0,2024-08-31
1f5adba0a272,HS-100564,ACC-2563,cus_100563,T1,Urbina y Cedillo S.A.,urbina378.com.mx,urbina378,SMB,Logística,Basico,CDMX,Ana Ruiz,2022-09-28,8746.00,crm,high,8746.00,MXN,,active,2024-08,6,5.88,22,-0.082585,2024-06,computed,1,1,,Evento,0.00,1.0.0,2024-08-31
1fca191b2c4a,HS-100496,ACC-2495,cus_100495,T1,Grupo Salcedo-Valles,grupo160.com.mx,grupo160,SMB,Retail,Basico,Jalisco,Jorge Ibarra,2024-03-06,2865.00,crm,high,2865.00,MXN,,active,2024-08,14,11.67,4,-0.025805,2024-06,computed,1,0,1.00,Paid Search,0.00,1.0.0,2024-08-31
201dacb5b332,HS-100122,ACC-2121,cus_100121,T1,"Ojeda, Carbajal y Venegas",ojeda246.com.mx,ojeda246,Enterprise,Tecnología,Premium,Yucatán,Jorge Ibarra,2024-06-21,32919.00,crm,high,32919.00,MXN,,active,2024-08,210,242.00,1,,2024-06,insufficient_history,5,0,3.40,Outbound SDR,0.00,1.0.0,2024-08-31
2046e13bb328,HS-100109,ACC-2108,cus_100108,T1,Collazo-Frías e Hijos,collazofrías680.com.mx,collazofrias680,SMB,Logística,Basico,Estado de México,Marta Díaz,2022-08-03,6764.00,crm,high,6764.00,MXN,,active,2024-08,13,13.38,22,0.010385,2024-06,computed,4,1,3.00,Partner,0.00,1.0.0,2024-08-31
20e77f6284f1,HS-100312,ACC-2311,cus_100311,T1,Molina y Asociados,molina708.com.mx,molina708,SMB,Educación,Basico,CDMX,Jorge Ibarra,2023-05-18,3670.00,crm,high,3670.00,MXN,,active,2024-08,15,12.50,14,0.011933,2024-06,computed,0,0,,Evento,0.00,1.0.0,2024-08-31
20eb324cdfc6,HS-100220,ACC-2219,cus_100219,T1,"Industrias Cotto, Rentería y de la Garza",industrias773.com.mx,industrias773,Mid-Market,Alimentos,Pro,Sonora,Carla Nuñez,2022-09-05,27988.00,crm,high,27988.00,MXN,,active,2024-08,45,46.62,22,0.020620,2024-06,computed,4,1,2.33,Webinar,0.00,1.0.0,2024-08-31
216e100a95ab,HS-100261,ACC-2260,cus_100260,T2,Rodarte y Madrigal S.C.,rodarte38.com.mx,rodarte38,Mid-Market,Logística,Pro,CDMX,Diego Ortega,2024-06-29,15262.00,crm,high,15262.00,MXN,,active,2024-08,47,54.33,1,,2024-06,insufficient_history,8,0,2.75,Webinar,0.00,1.0.0,2024-08-31
21a76877b923,HS-100611,ACC-2610,cus_100610,T1,Granados A.C.,granados665.com.mx,granados665,SMB,Educación,Basico,Nuevo León,Ana Ruiz,2023-10-27,8528.00,crm,high,8528.00,MXN,2024-06-28,churned,2024-06,0,2.67,7,-0.164648,2024-04,computed,3,0,2.33,Partner,0.00,1.0.0,2024-08-31
21f411028416,HS-100169,ACC-2168,cus_100168,T1,Proyectos Garibay-Espinosa,proyectos892.com.mx,proyectos892,SMB,Agroindustria,Basico,Puebla,Luis Peña,2024-02-04,4774.00,crm,high,4774.00,MXN,,active,2024-08,4,4.14,5,0.022817,2024-06,computed,1,0,,Organic,0.00,1.0.0,2024-08-31
22b962d9afed,HS-100620,ACC-2619,cus_100619,T1,"Estrada, Rincón y Zavala",estrada229.com.mx,estrada229,Mid-Market,Servicios Financieros,Pro,Yucatán,Ana Ruiz,2023-09-15,21407.00,crm,high,21407.00,MXN,,active,2024-08,45,41.50,10,0.066984,2024-06,computed,3,0,4.33,Outbound SDR,21407.00,1.0.0,2024-08-31
237b3e09b789,HS-100349,ACC-2348,cus_100348,T1,"Cabán, Olivárez y Tamayo",cabán551.com.mx,caban551,SMB,Tecnología,Basico,CDMX,Luis Peña,2023-06-24,5219.00,crm,high,5219.00,MXN,,active,2024-08,8,10.27,13,-0.026855,2024-06,computed,4,0,1.67,Webinar,0.00,1.0.0,2024-08-31
2472eb83ec96,HS-100640,ACC-2639,cus_100639,T1,Bañuelos-Gallegos,bañuelosgall766.com.mx,banuelosgall766,SMB,Automotriz,Basico,CDMX,Jorge Ibarra,2022-05-10,8892.00,crm,high,8892.00,MXN,,active,2024-08,16,14.58,22,0.029073,2024-06,computed,1,0,2.00,Outbound SDR,0.00,1.0.0,2024-08-31
247338856c13,HS-100138,ACC-2137,cus_100137,T1,Industrias Arellano-Cedillo,industrias997.com.mx,industrias997,Mid-Market,Manufactura,Pro,CDMX,Carla Nuñez,2023-10-03,16841.00,crm,high,16841.00,MXN,,active,2024-08,46,49.27,9,-0.012424,2024-06,computed,3,0,4.00,Organic,0.00,1.0.0,2024-08-31
25de70f28a81,HS-100354,ACC-2353,cus_100353,T1,"Proyectos Loera, Vergara y Torres",proyectos759.com.mx,proyectos759,SMB,Construcción,Basico,CDMX,Luis Peña,2023-05-28,2362.00,crm,high,2362.00,MXN,,active,2024-08,6,5.56,14,0.018091,2024-06,computed,2,0,2.00,Evento,0.00,1.0.0,2024-08-31
25f129ce4fc4,HS-100442,ACC-2441,cus_100441,T1,"Toro, Paredes y Montenegro",toro625.com.mx,toro625,Enterprise,Agroindustria,Premium,Puebla,Diego Ortega,2022-08-21,38877.00,crm,high,38877.00,MXN,,active,2024-08,197,280.33,22,0.092441,2024-06,computed,4,1,2.00,Organic,38877.00,1.0.0,2024-08-31
267f7ba8567b,HS-100155,ACC-2154,cus_100154,T1,"Rivero, Arroyo y Guevara",rivero816.com.mx,rivero816,Enterprise,Salud,Premium,Puebla,Luis Peña,2023-10-31,952602.00,crm,high,51492.00,USD,,active,2024-08,199,254.64,9,-0.019101,2024-06,computed,3,0,2.67,Webinar,0.00,1.0.0,2024-08-31
26ff7d714cea,HS-100270,ACC-2269,cus_100269,T1,"Rangel, Arellano y Carreón",rangel393.com.mx,rangel393,SMB,Salud,Basico,Guanajuato,Marta Díaz,2022-05-09,6646.00,crm,high,6646.00,MXN,2023-10-11,churned,2023-10,0,5.07,12,-0.199784,2023-08,computed,1,0,4.00,Referral,0.00,1.0.0,2024-08-31
279ab800ac35,HS-100550,ACC-2549,cus_100549,T1,Ledesma-Rolón S.A.,ledesmarolón152.com.mx,ledesmarolon152,Mid-Market,Automotriz,Pro,Jalisco,Diego Ortega,2024-04-09,17450.00,crm,high,17450.00,MXN,,active,2024-08,65,60.80,3,0.002488,2024-06,computed,3,0,5.00,Paid Search,209400.00,1.0.0,2024-08-31
2856f6708652,HS-100387,ACC-2386,cus_100386,T1,Laboratorios Herrera-Fuentes,laboratorios578.com.mx,laboratorios578,SMB,Servicios Financieros,Basico,CDMX,Marta Díaz,2023-11-19,136733.50,crm,high,7391.00,USD,,active,2024-08,12,10.30,8,-0.009578,2024-06,computed,0,0,,Evento,0.00,1.0.0,2024-08-31
289073814fdb,HS-100469,ACC-2468,cus_100468,T1,Calderón S.A.,calderón375.com.mx,calderon375,SMB,Educación,Basico,Jalisco,Diego Ortega,2024-05-08,119787.50,crm,high,6475.00,USD,,active,2024-08,11,10.50,2,,2024-06,insufficient_history,1,0,2.00,Outbound SDR,119787.50,1.0.0,2024-08-31
28e7c24cd4cb,HS-100629,ACC-2628,cus_100628,T2,Amaya-Prado,amayaprado953.com.mx,amayaprado953,SMB,Retail,Basico,Puebla,Diego Ortega,2023-06-25,8981.00,crm,high,8981.00,MXN,,active,2024-08,15,13.87,13,0.007365,2024-06,computed,1,0,2.00,Paid Search,0.00,1.0.0,2024-08-31
295d85bd00ea,HS-100405,ACC-2404,cus_100404,T1,Industrias Fajardo y Patiño,industrias308.com.mx,industrias308,SMB,Tecnología,Basico,Guanajuato,Jorge Ibarra,2023-04-22,4626.00,crm,high,4626.00,MXN,,active,2024-08,11,9.88,15,-0.050063,2024-06,computed,0,0,,Outbound SDR,0.00,1.0.0,2024-08-31
29972f42dfdd,HS-100342,ACC-2341,cus_100341,T1,"Ceja, Longoria y Alonso",ceja453.com.mx,ceja453,SMB,Servicios Financieros,Basico,Chihuahua,Ana Ruiz,2022-08-31,2952.00,crm,high,2952.00,MXN,,active,2024-08,9,9.25,22,0.031595,2024-06,computed,2,0,1.00,Paid Search,2952.00,1.0.0,2024-08-31
29c00e13c4e6,HS-100219,ACC-2218,cus_100218,T1,"Grupo Tijerina, Ponce y Mares",grupo157.com.mx,grupo157,Mid-Market,Hospitalidad,Pro,Yucatán,Fernanda Solís,2023-06-03,11469.00,crm,high,11469.00,MXN,,active,2024-08,42,51.60,13,0.041214,2024-06,computed,2,0,4.00,Referral,0.00,1.0.0,2024-08-31
2abb19d06446,HS-100012,ACC-2011,cus_100011,T1,Zaragoza y Asociados,zaragoza948.com.mx,zaragoza948,Enterprise,Logística,Premium,CDMX,Diego Ortega,2023-07-29,42392.00,imputed_from_deal,medium,,MXN,,active,2024-08,211,241.21,12,-0.034421,2024-06,computed,1,0,5.00,Outbound SDR,0.00,1.0.0,2024-08-31
2b4be83e1c60,HS-100116,ACC-2115,cus_100115,T1,Laboratorios Rocha-Casas,laboratorios491.com.mx,laboratorios491,Mid-Market,Alimentos,Pro,Yucatán,Marta Díaz,2022-03-20,20164.00,crm,high,20164.00,MXN,,active,2024-08,18,23.79,22,0.035882,2024-06,computed,3,0,3.50,Partner,20164.00,1.0.0,2024-08-31
2c29d4cb2989,HS-100520,ACC-2519,cus_100519,T1,Peralta-Cabán,peraltacabán349.com.mx,peraltacaban349,SMB,Tecnología,Basico,Guanajuato,Diego Ortega,2022-01-24,7873.00,crm,high,7873.00,MXN,,active,2024-08,16,14.75,22,0.062615,2024-06,computed,2,0,2.50,Evento,0.00,1.0.0,2024-08-31
2c678f4bf9d9,HS-100451,ACC-2450,cus_100450,T1,Rentería-Contreras,renteríacont845.com.mx,renteriacont845,Mid-Market,Educación,Pro,Guanajuato,Marta Díaz,2024-02-06,25210.00,crm,high,25210.00,MXN,,active,2024-08,37,38.57,5,0.006835,2024-06,computed,3,1,5.00,Partner,0.00,1.0.0,2024-08-31
2cc32419a667,HS-100009,ACC-2008,cus_100008,T1,González-Serrano A.C.,gonzálezserr876.com.mx,gonzalezserr876,Mid-Market,Retail,Pro,Guanajuato,Fernanda Solís,2022-11-03,12309.00,crm,high,12309.00,MXN,,active,2024-08,18,20.91,20,-0.030851,2024-06,computed,6,0,1.80,Evento,0.00,1.0.0,2024-08-31
2cd7d67219cc,HS-100521,ACC-2520,cus_100520,T1,Rosas-Rojas e Hijos,rosasrojas23.com.mx,rosasrojas23,Mid-Market,Manufactura,Pro,Guanajuato,Diego Ortega,2022-06-17,13641.00,crm,high,13641.00,MXN,2024-02-05,churned,2024-02,5,28.11,16,-0.239740,2023-12,computed,8,0,3.75,Evento,0.00,1.0.0,2024-08-31
2d38af661686,HS-100123,ACC-2122,cus_100122,T1,Aragón y Monroy A.C.,aragón609.com.mx,aragon609,SMB,Agroindustria,Basico,Querétaro,Fernanda Solís,2023-11-26,5849.00,crm,high,5849.00,MXN,,active,2024-08,13,13.10,8,-0.013884,2024-06,computed,2,1,2.00,Evento,0.00,1.0.0,2024-08-31
2dee62dca080,HS-100226,ACC-2225,cus_100225,T1,Serna y Anaya e Hijos,serna462.com.mx,serna462,SMB,Manufactura,Basico,CDMX,Luis Peña,2023-05-29,52669.50,crm,high,2847.00,USD,2024-06-22,churned,2024-06,1,6.79,12,-0.201544,2024-04,computed,2,0,2.00,Evento,0.00,1.0.0,2024-08-31
2e1dc645f108,HS-100240,ACC-2239,cus_100239,T1,Chacón-Jaimes,chacónjaimes695.com.mx,chaconjaimes695,SMB,Salud,Basico,Estado de México,Diego Ortega,2023-07-10,6672.00,crm,high,6672.00,MXN,,active,2024-08,15,13.43,12,0.014971,2024-06,computed,1,0,2.00,Paid Search,80064.00,1.0.0,2024-08-31
2e313ecc9f06,HS-100610,ACC-2609,cus_100609,T1,Batista-Briseño S.A.,batistabrise410.com.mx,batistabrise410,Mid-Market,Educación,Pro,Yucatán,Diego Ortega,2023-04-12,17907.00,crm,high,17907.00,MXN,,active,2024-08,22,28.18,15,0.021908,2024-06,computed,6,0,2.50,Organic,17907.00,1.0.0,2024-08-31
2f23ed120ca5,HS-100352,ACC-2351,cus_100351,T1,"Estévez, Covarrubias y Ramírez",estévez829.com.mx,estevez829,Mid-Market,Manufactura,Pro,Puebla,Ana Ruiz,2023-08-01,22737.00,crm,high,22737.00,MXN,,active,2024-08,54,50.15,11,-0.024367,2024-06,computed,3,0,2.67,Evento,0.00,1.0.0,2024-08-31
2f26a0da0310,HS-100572,ACC-2571,cus_100571,T1,Industrias Centeno y Rosario,industrias534.com.mx,industrias534,Mid-Market,Automotriz,Pro,Guanajuato,Fernanda Solís,2022-02-13,22013.00,crm,high,22013.00,MXN,2023-09-19,churned,2023-09,7,40.46,11,-0.188482,2023-07,computed,11,0,2.29,Outbound SDR,0.00,1.0.0,2024-08-31
2f2fd459ddca,HS-100375,ACC-2374,cus_100374,T1,Grupo Benavides-Henríquez,grupo939.com.mx,grupo939,SMB,Tecnología,Basico,CDMX,Diego Ortega,2023-12-16,6441.00,crm,high,6441.00,MXN,2024-03-04,churned,2024-03,1,3.25,2,,2024-01,insufficient_history,1,0,3.00,Paid Search,0.00,1.0.0,2024-08-31
2f9a572a5bab,HS-100573,ACC-2572,cus_100572,T1,Ulibarri-Pacheco e Hijos,ulibarripach663.com.mx,ulibarripach663,SMB,Servicios Financieros,Basico,Jalisco,Jorge Ibarra,2023-09-15,6864.00,imputed_from_deal,medium,,MXN,,active,2024-08,15,15.67,10,-0.017851,2024-06,computed,0,0,,Referral,0.00,1.0.0,2024-08-31
30c2f0ba4f9f,HS-100400,ACC-2399,cus_100399,T1,Guevara S.A. de C.V.,guevara586.com.mx,guevara586,Mid-Market,Construcción,Pro,Querétaro,Luis Peña,2022-06-08,14556.00,crm,high,14556.00,MXN,,active,2024-08,21,27.25,22,0.023685,2024-06,computed,3,0,3.67,Referral,174672.00,1.0.0,2024-08-31
3280fc910c85,HS-100144,ACC-2143,cus_100143,T1,Club Guillen y Serrato,club290.com.mx,club290,SMB,Manufactura,Basico,Yucatán,Fernanda Solís,2022-10-04,7947.00,crm,high,7947.00,MXN,,active,2024-08,10,9.22,21,-0.003225,2024-06,computed,3,0,1.00,Paid Search,0.00,1.0.0,2024-08-31
32a352c90e42,HS-100319,ACC-2318,cus_100318,T2,Flores-Zapata,floreszapata298.com.mx,floreszapata298,SMB,Tecnología,Basico,Querétaro,Fernanda Solís,2024-02-24,2344.00,crm,high,2344.00,MXN,2024-06-19,churned,2024-06,1,3.60,3,-0.120056,2024-04,computed,0,0,,Partner,0.00,1.0.0,2024-08-31
32abb429e0d8,HS-100090,ACC-2089,cus_100089,T1,Ríos-Tijerina,ríostijerina439.com.mx,riostijerina439,SMB,Automotriz,Basico,Puebla,Marta Díaz,2023-02-09,3111.00,crm,high,3111.00,MXN,2023-10-21,churned,2023-10,1,5.67,7,-0.186641,2023-08,computed,3,1,2.50,Organic,0.00,1.0.0,2024-08-31
338f32670f98,HS-100399,ACC-2398,cus_100398,T1,Chavarría y Santiago S.A.,chavarría13.com.mx,chavarria13,Mid-Market,Educación,Pro,Chihuahua,Fernanda Solís,2023-04-02,22559.00,crm,high,22559.00,MXN,,active,2024-08,43,41.76,15,0.016184,2024-06,computed,7,1,2.50,Referral,0.00,1.0.0,2024-08-31
3444de83dd85,HS-100327,ACC-2326,cus_100326,T1,Proyectos Guzmán y Quintero,proyectos191.com.mx,proyectos191,Mid-Market,Alimentos,Pro,Sonora,Carla Nuñez,2023-02-04,18485.00,crm,high,18485.00,MXN,2023-09-04,churned,2023-09,7,34.25,6,-0.171075,2023-07,computed,2,0,2.00,Outbound SDR,18485.00,1.0.0,2024-08-31
34932df15d7b,HS-100361,ACC-2360,cus_100360,T1,Despacho Hernández-Aponte,despacho576.com.mx,despacho576,SMB,Manufactura,Basico,Puebla,Jorge Ibarra,2022-10-09,5380.00,crm,high,5380.00,MXN,,active,2024-08,10,7.57,21,-0.008335,2024-06,computed,4,0,2.50,Webinar,0.00,1.0.0,2024-08-31
3499a7868775,HS-100148,ACC-2147,cus_100147,T1,Corona y Gaytán S.C.,corona812.com.mx,corona812,SMB,Automotriz,Basico,Chihuahua,Luis Peña,2024-03-17,8723.00,crm,high,8723.00,MXN,,active,2024-08,6,6.50,4,0.015641,2024-06,computed,3,0,5.00,Webinar,0.00,1.0.0,2024-08-31
34a9ffde0fc0,HS-100107,ACC-2106,cus_100106,T2,Bermúdez-Sánchez S.C.,bermúdezsánc417.com.mx,bermudezsanc417,SMB,Agroindustria,Basico,Yucatán,Jorge Ibarra,2023-01-25,72024.00,imputed_from_deal,high,,MXN,,active,2024-08,3,2.50,18,-0.072238,2024-06,computed,3,0,4.00,Evento,72024.00,1.0.0,2024-08-31
34c5037c1d22,HS-100198,ACC-2197,cus_100197,T2,Industrias Arce-Rentería,industrias53.com.mx,industrias53,Enterprise,Agroindustria,Premium,Puebla,Carla Nuñez,2023-12-07,51045.00,crm,high,51045.00,MXN,,active,2024-08,83,77.44,7,0.015155,2024-06,computed,4,0,3.00,Outbound SDR,0.00,1.0.0,2024-08-31
34fc60602415,HS-100618,ACC-2617,cus_100617,T1,Cornejo-Villareal,cornejovilla12.com.mx,cornejovilla12,SMB,Manufactura,Basico,Yucatán,Diego Ortega,2022-05-23,7270.00,crm,high,7270.00,MXN,,active,2024-08,16,13.38,22,-0.031960,2024-06,computed,2,0,2.50,Paid Search,0.00,1.0.0,2024-08-31
35f7ee11ef6a,HS-100286,ACC-2285,cus_100285,T1,Club Zambrano y Terrazas,club515.com.mx,club515,SMB,Retail,Basico,Nuevo León,Luis Peña,2023-03-14,7250.00,crm,high,7250.00,MXN,,active,2024-08,13,12.22,16,0.030984,2024-06,computed,0,0,,Evento,0.00,1.0.0,2024-08-31
368a3f9d6514,HS-100525,ACC-2524,cus_100524,T1,Fernández S.C.,fernández315.com.mx,fernandez315,Mid-Market,Educación,Pro,Sonora,Ana Ruiz,2024-05-27,18650.00,crm,high,18650.00,MXN,,active,2024-08,51,46.75,2,,2024-06,insufficient_history,5,0,3.50,Paid Search,0.00,1.0.0,2024-08-31
36fd3dae4ce6,HS-100078,ACC-2077,cus_100077,T1,López e Hijos,lópez137.com.mx,lopez137,SMB,Alimentos,Basico,Sonora,Carla Nuñez,2022-11-25,8565.00,crm,high,8565.00,MXN,,active,2024-08,14,12.50,20,-0.036025,2024-06,computed,3,0,4.00,Webinar,0.00,1.0.0,2024-08-31
37211eeb762c,HS-100624,ACC-2623,cus_100623,T1,"Laboratorios Pizarro, Tamez y Rosario",laboratorios576.com.mx,laboratorios576,SMB,Servicios Financieros,Basico,Puebla,Ana Ruiz,2024-02-11,3694.00,crm,high,3694.00,MXN,,active,2024-08,9,14.29,5,-0.013681,2024-06,computed,2,0,2.00,Outbound SDR,0.00,1.0.0,2024-08-31
375bde6ba88f,HS-100483,ACC-2482,cus_100482,T1,Gamez-Otero,gamezotero567.com.mx,gamezotero567,SMB,Manufactura,Basico,Guanajuato,Jorge Ibarra,2023-01-19,8579.00,crm,high,8579.00,MXN,,active,2024-08,7,7.70,18,0.039626,2024-06,computed,3,1,3.00,Referral,0.00,1.0.0,2024-08-31
3764f7701b9c,HS-100099,ACC-2098,cus_100098,T1,Garibay-Tejeda S. R.L. de C.V.,garibaytejed816.com.mx,garibaytejed816,SMB,Retail,Basico,Guanajuato,Fernanda Solís,2024-03-26,6636.00,crm,high,6636.00,MXN,,active,2024-08,8,11.67,4,-0.011412,2024-06,computed,3,1,3.50,Evento,0.00,1.0.0,2024-08-31
37d67f0e2f52,HS-100057,ACC-2056,cus_100056,T1,"Proyectos Lara, Garica y Olmos",proyectos106.com.mx,proyectos106,SMB,Automotriz,Basico,Nuevo León,Carla Nuñez,2023-01-17,4897.00,crm,high,4897.00,MXN,,active,2024-08,5,6.60,18,0.043442,2024-06,computed,2,0,1.00,Referral,0.00,1.0.0,2024-08-31
392bdeef86e1,HS-100360,ACC-2359,cus_100359,T1,Chacón-Flores S.C.,chacónflores485.com.mx,chaconflores485,Mid-Market,Servicios Financieros,Pro,Yucatán,Luis Peña,2024-04-20,16384.00,crm,high,16384.00,MXN,,active,2024-08,21,19.40,3,0.003852,2024-06,computed,4,1,2.33,Organic,0.00,1.0.0,2024-08-31
396128940af3,HS-100174,ACC-2173,cus_100173,T1,"Pacheco, Granados y Espinosa",pacheco844.com.mx,pacheco844,SMB,Automotriz,Basico,CDMX,Luis Peña,2022-07-02,5803.00,crm,high,5803.00,MXN,,active,2024-08,8,7.54,22,-0.095030,2024-06,computed,1,0,,Outbound SDR,0.00,1.0.0,2024-08-31
3967f5213479,HS-100597,ACC-2596,cus_100596,T1,"Quintero, Escobedo y Carrillo",quintero678.com.mx,quintero678,Mid-Market,Manufactura,Pro,Yucatán,Jorge Ibarra,2022-03-05,9646.00,crm,high,9646.00,MXN,,active,2024-08,34,33.58,22,-0.068655,2024-06,computed,5,0,4.00,Referral,0.00,1.0.0,2024-08-31
3a6d440d0d78,HS-100203,ACC-2202,cus_100202,T1,Corporacin Carrero-Durán,corporacin580.com.mx,corporacin580,SMB,Tecnología,Basico,Chihuahua,Ana Ruiz,2024-02-14,7384.00,crm,high,7384.00,MXN,2024-04-17,churned,2024-04,2,2.67,1,,2024-02,insufficient_history,1,0,2.00,Paid Search,0.00,1.0.0,2024-08-31
3af530a7679a,HS-100638,ACC-2637,cus_100637,T2,Industrias Zaragoza-Lira,industrias136.com.mx,industrias136,SMB,Automotriz,Basico,Guanajuato,Fernanda Solís,2024-04-29,7819.00,crm,high,7819.00,MXN,,active,2024-08,9,10.60,3,0.016667,2024-06,computed,2,0,,Organic,0.00,1.0.0,2024-08-31
3b117610596f,HS-100326,ACC-2325,cus_100325,T1,Orta-Estévez,ortaestévez904.com.mx,ortaestevez904,Mid-Market,Educación,Pro,Estado de México,Diego Ortega,2024-02-27,14760.00,crm,high,14760.00,MXN,,active,2024-08,46,47.14,5,-0.011584,2024-06,computed,2,0,2.00,Outbound SDR,0.00,1.0.0,2024-08-31
3b4b11aa5621,HS-100291,ACC-2290,cus_100290,T1,Carreón-Garay e Hijos,carreóngaray465.com.mx,carreongaray465,SMB,Logística,Basico,Yucatán,Jorge Ibarra,2022-05-02,2597.00,crm,high,2597.00,MXN,,active,2024-08,13,14.38,22,0.088923,2024-06,computed,2,0,5.00,Referral,0.00,1.0.0,2024-08-31
3baa0f55645f,HS-100485,ACC-2484,cus_100484,T1,"Segura, Zamudio y Baca",segura824.com.mx,segura824,Mid-Market,Construcción,Pro,Querétaro,Diego Ortega,2023-03-02,10504.00,crm,high,10504.00,MXN,2023-12-25,churned,2023-12,3,20.30,8,-0.183733,2023-10,computed,8,2,2.43,Partner,10504.00,1.0.0,2024-08-31
3d3cf29f1b67,HS-100095,ACC-2094,cus_100094,T1,Proyectos Escobar-Vigil,proyectos717.com.mx,proyectos717,Mid-Market,Alimentos,Pro,Jalisco,Fernanda Solís,2022-05-28,21087.00,crm,high,21087.00,MXN,,active,2024-08,41,35.58,22,0.034205,2024-06,computed,2,1,2.50,Webinar,0.00,1.0.0,2024-08-31
3d464b2bd5fe,HS-100518,ACC-2517,cus_100517,T1,Gaitán-Delgadillo,gaitándelgad556.com.mx,gaitandelgad556,Mid-Market,Alimentos,Pro,Sonora,Luis Peña,2022-06-08,14752.00,crm,high,14752.00,MXN,2022-10-03,churned,2022-10,9,9.50,0,,2022-08,no_usage,3,0,1.00,Evento,14752.00,1.0.0,2024-08-31
3d9c9189ef8b,HS-100423,ACC-2422,cus_100422,T1,"Proyectos León, Salazar y Noriega",proyectos645.com.mx,proyectos645,SMB,Educación,Basico,CDMX,Jorge Ibarra,2023-01-15,3511.00,crm,high,3511.00,MXN,,active,2024-08,7,6.45,18,-0.082853,2024-06,computed,2,1,,Evento,0.00,1.0.0,2024-08-31
3dc38ff1f062,HS-100058,ACC-2057,cus_100057,T1,"Laboratorios Téllez, Sanches y Abreu",laboratorios886.com.mx,laboratorios886,SMB,Construcción,Basico,Guanajuato,Luis Peña,2024-02-07,3331.00,crm,high,3331.00,MXN,,active,2024-08,13,11.71,5,0.034281,2024-06,computed,2,0,3.00,Webinar,0.00,1.0.0,2024-08-31
3dec1c7194aa,HS-100117,ACC-2116,cus_100116,T1,Cuellar-Fonseca,cuellarfonse842.com.mx,cuellarfonse842,Mid-Market,Retail,Pro,CDMX,Fernanda Solís,2023-04-30,22130.00,crm,high,22130.00,MXN,2024-05-16,churned,2024-05,5,37.79,12,-0.258371,2024-03,computed,1,0,2.00,Referral,0.00,1.0.0,2024-08-31
3e0310fe6b93,HS-100555,ACC-2554,cus_100554,T1,"Proyectos González, Carrasco y Rivera",proyectos485.com.mx,proyectos485,Mid-Market,Hospitalidad,Pro,Sonora,Carla Nuñez,2022-08-03,14642.00,crm,high,14642.00,MXN,,active,2024-08,22,18.88,22,0.056909,2024-06,computed,4,0,3.00,Evento,0.00,1.0.0,2024-08-31
3e0eaa7298aa,HS-100284,ACC-2283,cus_100283,T1,Corporacin Caldera y Blanco,corporacin231.com.mx,corporacin231,SMB,Agroindustria,Basico,Querétaro,Ana Ruiz,2023-04-04,4834.00,crm,high,4834.00,MXN,,active,2024-08,9,11.35,15,0.004592,2024-06,computed,2,0,3.00,Outbound SDR,0.00,1.0.0,2024-08-31
3ed1dd022bbe,HS-100503,ACC-2502,cus_100502,T1,Zambrano-Cabán S.C.,zambranocabá844.com.mx,zambranocaba844,SMB,Construcción,Basico,Jalisco,Fernanda Solís,2023-07-04,5281.00,crm,high,5281.00,MXN,,active,2024-08,15,14.50,12,-0.036307,2024-06,computed,3,0,3.00,Evento,0.00,1.0.0,2024-08-31
3f41a4432bea,HS-100280,ACC-2279,cus_100279,T1,Archuleta-Perea,archuletaper408.com.mx,archuletaper408,Mid-Market,Logística,Pro,Sonora,Jorge Ibarra,2023-03-21,24684.00,crm,high,24684.00,MXN,,active,2024-08,26,26.50,16,-0.014252,2024-06,computed,4,1,3.00,Organic,0.00,1.0.0,2024-08-31
3f52261ca656,HS-100188,ACC-2187,cus_100187,T1,Crespo y Borrego S. R.L. de C.V.,crespo745.com.mx,crespo745,Mid-Market,Manufactura,Pro,CDMX,Ana Ruiz,2023-02-02,26086.00,crm,high,26086.00,MXN,,active,2024-08,18,18.74,17,0.040623,2024-06,computed,2,0,1.00,Evento,0.00,1.0.0,2024-08-31
3f8121a01f52,HS-100065,ACC-2064,cus_100064,T1,Valladares S.C.,valladares524.com.mx,valladares524,SMB,Hospitalidad,Basico,CDMX,Marta Díaz,2023-08-19,2947.00,crm,high,2947.00,MXN,,active,2024-08,4,3.38,11,-0.020115,2024-06,computed,0,0,,Referral,0.00,1.0.0,2024-08-31
3f9a1cc61de5,HS-100055,ACC-2054,cus_100054,T1,León S.A.,león37.com.mx,leon37,Mid-Market,Servicios Financieros,Pro,Nuevo León,Jorge Ibarra,2024-03-17,21098.00,crm,high,21098.00,MXN,,active,2024-08,16,19.00,4,0.007079,2024-06,computed,4,1,2.00,Evento,0.00,1.0.0,2024-08-31
4036aa344034,HS-100149,ACC-2148,cus_100148,T1,Corporacin Madrigal-Lozano,corporacin340.com.mx,corporacin340,SMB,Hospitalidad,Basico,CDMX,Jorge Ibarra,2024-06-24,2822.00,crm,high,2822.00,MXN,,active,2024-08,12,10.67,1,,2024-06,insufficient_history,4,0,3.67,Paid Search,0.00,1.0.0,2024-08-31
40cbcd1a5e9b,HS-100524,ACC-2523,cus_100523,T1,Industrias Reyna-Feliciano,industrias911.com.mx,industrias911,Mid-Market,Agroindustria,Pro,Nuevo León,Diego Ortega,2022-01-31,20692.00,crm,high,20692.00,MXN,,active,2024-08,47,48.29,22,-0.083365,2024-06,computed,6,0,1.50,Outbound SDR,0.00,1.0.0,2024-08-31
4140e64c6083,HS-100371,ACC-2370,cus_100370,T1,Laboratorios Santacruz y Elizondo,laboratorios150.com.mx,laboratorios150,SMB,Agroindustria,Basico,Estado de México,Carla Nuñez,2023-05-27,2132.00,crm,high,2132.00,MXN,,active,2024-08,12,13.12,14,-0.018793,2024-06,computed,2,0,3.00,Webinar,0.00,1.0.0,2024-08-31
4196ef66325f,HS-100086,ACC-2085,cus_100085,T1,Laboratorios Herrera y Rodríguez,laboratorios874.com.mx,laboratorios874,SMB,Educación,Basico,Sonora,Carla Nuñez,2022-12-28,8846.00,crm,high,8846.00,MXN,,active,2024-08,3,2.57,19,0.027917,2024-06,computed,3,0,4.00,Organic,0.00,1.0.0,2024-08-31
419e91f90223,HS-100172,ACC-2171,cus_100171,T1,Despacho Garrido-Quintana,despacho391.com.mx,despacho391,SMB,Hospitalidad,Basico,CDMX,Jorge Ibarra,2022-07-22,8737.00,crm,high,8737.00,MXN,,active,2024-08,6,6.38,22,0.012709,2024-06,computed,1,0,1.00,Evento,0.00,1.0.0,2024-08-31
41c9fae6089e,HS-100307,ACC-2306,cus_100306,T1,Mayorga-Montemayor S.C.,mayorgamonte502.com.mx,mayorgamonte502,SMB,Servicios Financieros,Basico,Guanajuato,Ana Ruiz,2022-07-24,7805.00,crm,high,7805.00,MXN,,active,2024-08,11,11.46,22,0.012975,2024-06,computed,2,0,2.00,Partner,0.00,1.0.0,2024-08-31
41d822af890b,HS-100056,ACC-2055,cus_100055,T1,Industrias Balderas y Yáñez,industrias316.com.mx,industrias316,Enterprise,Manufactura,Premium,Puebla,Fernanda Solís,2022-06-18,86911.00,imputed_from_deal,medium,,MXN,,active,2024-08,210,169.17,22,0.014739,2024-06,computed,4,1,3.25,Partner,0.00,1.0.0,2024-08-31
4241a3ce2f40,HS-100003,ACC-2002,cus_100002,T1,Granados y Solís e Hijos,granados239.com.mx,granados239,Mid-Market,Construcción,Pro,Chihuahua,Fernanda Solís,2024-05-30,9869.00,crm,high,9869.00,MXN,,active,2024-08,26,25.25,2,,2024-06,insufficient_history,2,1,1.00,Organic,0.00,1.0.0,2024-08-31
43aa39bba634,HS-100163,ACC-2162,cus_100162,T1,"Grupo Gastélum, Manzanares y Lira",grupo764.com.mx,grupo764,Mid-Market,Hospitalidad,Pro,Guanajuato,Carla Nuñez,2023-03-07,18378.00,crm,high,18378.00,MXN,,active,2024-08,22,17.00,16,-0.006151,2024-06,computed,2,0,3.00,Partner,0.00,1.0.0,2024-08-31
446b01c1b10d,HS-100066,ACC-2065,cus_100065,T1,Villareal S.A. de C.V.,villareal447.com.mx,villareal447,SMB,Agroindustria,Basico,Puebla,Fernanda Solís,2023-02-11,2013.00,crm,high,2013.00,MXN,,active,2024-08,4,4.26,17,-0.019866,2024-06,computed,1,0,2.00,Evento,0.00,1.0.0,2024-08-31
454a653ec9a9,HS-100560,ACC-2559,cus_100559,T1,Velásquez y Anaya S. R.L. de C.V.,velásquez662.com.mx,velasquez662,Mid-Market,Hospitalidad,Pro,Estado de México,Diego Ortega,2023-02-22,15158.00,crm,high,15158.00,MXN,,active,2024-08,19,21.00,17,0.042475,2024-06,computed,3,1,3.00,Referral,0.00,1.0.0,2024-08-31
4566eb75d1d3,HS-100622,ACC-2621,cus_100621,T2,Proyectos Gonzales-Lebrón,proyectos510.com.mx,proyectos510,SMB,Retail,Basico,Chihuahua,Ana Ruiz,2024-04-26,8104.00,crm,high,8104.00,MXN,,active,2024-08,5,3.60,3,-0.012667,2024-06,computed,1,0,1.00,Partner,0.00,1.0.0,2024-08-31
47165a293fc0,HS-100238,ACC-2237,cus_100237,T1,Grupo Nieto-Ortiz,grupo737.com.mx,grupo737,SMB,Automotriz,Basico,Yucatán,Fernanda Solís,2023-12-01,72982.50,crm,high,3945.00,USD,,active,2024-08,4,4.89,7,-0.004349,2024-06,computed,0,0,,Paid Search,0.00,1.0.0,2024-08-31
4748fb3a478f,HS-100542,ACC-2541,cus_100541,T1,Sepúlveda y Cisneros y Asociados,sepúlveda658.com.mx,sepulveda658,Mid-Market,Retail,Pro,Guanajuato,Jorge Ibarra,2023-03-24,21698.00,crm,high,21698.00,MXN,,active,2024-08,17,22.33,16,0.001501,2024-06,computed,2,0,3.00,Evento,21698.00,1.0.0,2024-08-31
4852e6665bc7,HS-100516,ACC-2515,cus_100515,T2,Naranjo-Limón A.C.,naranjolimón243.com.mx,naranjolimon243,SMB,Tecnología,Basico,Sonora,Marta Díaz,2022-03-11,6853.00,crm,high,6853.00,MXN,,active,2024-08,14,14.79,22,0.003855,2024-06,computed,1,0,,Organic,0.00,1.0.0,2024-08-31
48633a3c243e,HS-100052,ACC-2051,cus_100051,T1,Cordero S.A.,cordero501.com.mx,cordero501,Mid-Market,Servicios Financieros,Pro,Querétaro,Diego Ortega,2023-12-22,10664.00,crm,high,10664.00,MXN,,active,2024-08,57,58.33,7,-0.021056,2024-06,computed,3,0,3.00,Outbound SDR,0.00,1.0.0,2024-08-31
48c20dcf6fe4,HS-100619,ACC-2618,cus_100618,T1,Grupo Sanches-Quiñónez,grupo77.com.mx,grupo77,Mid-Market,Tecnología,Pro,CDMX,Marta Díaz,2023-08-08,25110.00,crm,high,25110.00,MXN,,active,2024-08,56,49.46,11,0.034204,2024-06,computed,2,0,4.00,Evento,0.00,1.0.0,2024-08-31
48fddc0a1679,HS-100315,ACC-2314,cus_100314,T1,"Almanza, Dávila y Sanches",almanza693.com.mx,almanza693,Mid-Market,Salud,Pro,Querétaro,Luis Peña,2023-02-13,17662.00,crm,high,17662.00,MXN,,active,2024-08,61,58.89,17,0.052462,2024-06,computed,2,0,3.50,Webinar,17662.00,1.0.0,2024-08-31
49ce3285ee46,HS-100646,ACC-2645,cus_100645,T1,Club Morales y Portillo,club980.com.mx,club980,Enterprise,Educación,Premium,Querétaro,Fernanda Solís,2022-02-01,64184.00,crm,high,64184.00,MXN,,active,2024-08,308,268.83,22,-0.092791,2024-06,computed,4,1,3.00,Outbound SDR,0.00,1.0.0,2024-08-31
49ecd60b845c,HS-100079,ACC-2078,cus_100078,T1,Despacho Olivárez-Ruelas,despacho973.com.mx,despacho973,SMB,Salud,Basico,Estado de México,Carla Nuñez,2024-03-26,8187.00,crm,high,8187.00,MXN,,active,2024-08,2,2.17,4,0.083198,2024-06,computed,0,0,,Paid Search,0.00,1.0.0,2024-08-31
4ad2695790da,HS-100381,ACC-2380,cus_100380,T1,Gurule-Jurado,gurulejurado835.com.mx,gurulejurado835,SMB,Logística,Basico,Estado de México,Marta Díaz,2022-08-12,4903.00,crm,high,4903.00,MXN,,active,2024-08,7,5.50,22,-0.002104,2024-06,computed,5,0,2.50,Organic,0.00,1.0.0,2024-08-31
4b4752da4a83,HS-100096,ACC-2095,cus_100095,T2,Flórez-Monroy e Hijos,flórezmonroy988.com.mx,florezmonroy988,SMB,Tecnología,Basico,Sonora,Marta Díaz,2024-05-07,4548.00,crm,high,4548.00,MXN,,active,2024-08,14,15.00,2,,2024-06,insufficient_history,5,0,2.40,Evento,0.00,1.0.0,2024-08-31
4b51faa01f35,HS-100016,ACC-2015,cus_100015,T1,Cabrera y Galván S. R.L. de C.V.,cabrera920.com.mx,cabrera920,SMB,Educación,Basico,Yucatán,Carla Nuñez,2023-07-28,6780.00,crm,high,6780.00,MXN,2023-12-05,churned,2023-12,2,8.33,4,-0.146313,2023-10,computed,1,0,,Outbound SDR,0.00,1.0.0,2024-08-31
4b99f2dd30ed,HS-100076,ACC-2075,cus_100075,T2,"Parra, Ybarra y Menéndez",parra250.com.mx,parra250,Mid-Market,Educación,Pro,Jalisco,Diego Ortega,2023-03-17,9181.00,crm,high,9181.00,MXN,,active,2024-08,60,60.44,16,-0.009295,2024-06,computed,3,0,2.00,Webinar,0.00,1.0.0,2024-08-31
4bf97be2706d,HS-100369,ACC-2368,cus_100368,T2,Angulo y Asociados,angulo904.com.mx,angulo904,SMB,Servicios Financieros,Basico,Yucatán,Fernanda Solís,2024-05-25,6073.00,crm,high,6073.00,MXN,,active,2024-08,7,9.25,2,,2024-06,insufficient_history,2,0,3.00,Organic,0.00,1.0.0,2024-08-31
4bfe1795911a,HS-100075,ACC-2074,cus_100074,T1,Carrera y Crespo y Asociados,carrera425.com.mx,carrera425,Mid-Market,Alimentos,Pro,Yucatán,Jorge Ibarra,2022-07-02,27863.00,crm,high,27863.00,MXN,,active,2024-08,36,43.88,22,-0.021534,2024-06,computed,5,1,3.50,Evento,0.00,1.0.0,2024-08-31
4cdf5b9fe3a4,HS-100534,ACC-2533,cus_100533,T1,Saldivar y Rojo S.A.,saldivar750.com.mx,saldivar750,Mid-Market,Tecnología,Pro,Guanajuato,Ana Ruiz,2022-01-24,26925.00,crm,high,26925.00,MXN,,active,2024-08,16,19.46,22,0.013113,2024-06,computed,5,1,2.00,Referral,0.00,1.0.0,2024-08-31
4cfcbde1f51f,HS-100505,ACC-2504,cus_100504,T1,Magaña-Sevilla,magañasevill95.com.mx,maganasevill95,Mid-Market,Tecnología,Pro,Nuevo León,Ana Ruiz,2022-11-06,19864.00,crm,high,19864.00,MXN,2024-04-21,churned,2024-04,6,38.11,16,-0.260131,2024-02,computed,5,0,3.00,Webinar,0.00,1.0.0,2024-08-31
4deb4455b182,HS-100429,ACC-2428,cus_100428,T1,Industrias Cazares-Navarro,industrias605.com.mx,industrias605,SMB,Hospitalidad,Basico,Nuevo León,Ana Ruiz,2023-12-27,2694.00,crm,high,2694.00,MXN,2024-04-04,churned,2024-04,1,5.00,3,-0.140564,2024-02,computed,7,0,3.86,Outbound SDR,0.00,1.0.0,2024-08-31
4dfb9ec0ce11,HS-100248,ACC-2247,cus_100247,T1,"Arriaga, Navarrete y Rangel",arriaga631.com.mx,arriaga631,Enterprise,Alimentos,Premium,Nuevo León,Diego Ortega,2024-01-09,29245.00,crm,high,29245.00,MXN,,active,2024-08,87,92.25,6,-0.027944,2024-06,computed,3,0,3.67,Partner,0.00,1.0.0,2024-08-31
5020089d9965,HS-100168,ACC-2167,cus_100167,T1,"Corporacin Solorzano, Ramírez y Zavala",corporacin851.com.mx,corporacin851,SMB,Logística,Basico,Querétaro,Jorge Ibarra,2024-02-01,3347.00,crm,high,3347.00,MXN,,active,2024-08,11,9.71,5,-0.001416,2024-06,computed,1,0,1.00,Webinar,0.00,1.0.0,2024-08-31
50de7a632ea8,HS-100288,ACC-2287,cus_100287,T1,Fernández-de la Garza,fernándezde47.com.mx,fernandezde47,SMB,Retail,Basico,Sonora,Diego Ortega,2022-09-23,7254.00,crm,high,7254.00,MXN,,active,2024-08,4,3.58,22,0.052252,2024-06,computed,3,0,2.00,Outbound SDR,7254.00,1.0.0,2024-08-31
517840039522,HS-100160,ACC-2159,cus_100159,T1,Corporacin Tejeda-Baeza,corporacin866.com.mx,corporacin866,Mid-Market,Alimentos,Pro,Puebla,Ana Ruiz,2023-08-11,15527.00,crm,high,15527.00,MXN,,active,2024-08,31,31.15,11,-0.041893,2024-06,computed,2,0,3.00,Evento,0.00,1.0.0,2024-08-31
51a517c1a25b,HS-100309,ACC-2308,cus_100308,T1,"Grupo Beltrán, Garza y Bahena",grupo486.com.mx,grupo486,Mid-Market,Hospitalidad,Pro,Sonora,Ana Ruiz,2023-12-07,27955.00,crm,high,27955.00,MXN,,active,2024-08,38,44.00,7,0.030096,2024-06,computed,3,0,4.50,Referral,0.00,1.0.0,2024-08-31
51b8827af99f,HS-100002,ACC-2001,cus_100001,T1,Guillen y Saucedo y Asociados,guillen759.com.mx,guillen759,Enterprise,Automotriz,Premium,Jalisco,Ana Ruiz,2024-01-01,66698.00,crm,high,66698.00,MXN,,active,2024-08,300,309.50,6,0.006859,2024-06,computed,7,2,1.67,Organic,0.00,1.0.0,2024-08-31
51e97a6e2d0f,HS-100484,ACC-2483,cus_100483,T1,Ibarra e Hijos,ibarra846.com.mx,ibarra846,Mid-Market,Logística,Pro,Nuevo León,Ana Ruiz,2022-12-27,27728.00,crm,high,27728.00,MXN,2024-02-04,churned,2024-02,4,23.40,13,-0.169651,2023-12,computed,4,0,4.50,Referral,0.00,1.0.0,2024-08-31
5205e01e1434,HS-100027,ACC-2026,cus_100026,T1,Laboratorios Godoy y Toledo,laboratorios320.com.mx,laboratorios320,SMB,Agroindustria,Basico,Jalisco,Jorge Ibarra,2024-04-12,5268.00,crm,high,5268.00,MXN,,active,2024-08,12,13.20,3,0.036644,2024-06,computed,3,0,2.00,Paid Search,0.00,1.0.0,2024-08-31
5211255cc108,HS-100468,ACC-2467,cus_100467,T1,Montalvo y Márquez y Asociados,montalvo911.com.mx,montalvo911,Mid-Market,Servicios Financieros,Pro,Sonora,Jorge Ibarra,2022-05-25,20832.00,crm,high,20832.00,MXN,,active,2024-08,59,58.58,22,-0.000517,2024-06,computed,8,0,3.14,Outbound SDR,0.00,1.0.0,2024-08-31
523ef10f815e,HS-100077,ACC-2076,cus_100076,T1,"Menéndez, Figueroa y Corral",menéndez225.com.mx,menendez225,Mid-Market,Educación,Pro,Jalisco,Diego Ortega,2024-01-20,25972.00,crm,high,25972.00,MXN,2024-04-20,churned,2024-04,3,7.50,2,,2024-02,insufficient_history,1,0,2.00,Partner,0.00,1.0.0,2024-08-31
52584d35f5ce,HS-100111,ACC-2110,cus_100110,T1,Industrias Puente y Tello,industrias124.com.mx,industrias124,SMB,Construcción,Basico,Nuevo León,Diego Ortega,2023-04-01,7908.00,crm,high,7908.00,MXN,2024-02-29,churned,2024-02,2,10.82,9,-0.233190,2023-12,computed,1,0,,Referral,0.00,1.0.0,2024-08-31
5284a262a4a1,HS-100018,ACC-2017,cus_100017,T1,Mateo-Rolón S. R.L. de C.V.,mateorolón66.com.mx,mateorolon66,SMB,Hospitalidad,Basico,Querétaro,Carla Nuñez,2022-03-20,5152.00,crm,high,5152.00,MXN,,active,2024-08,2,2.33,22,-0.060217,2024-06,computed,2,0,3.50,Organic,0.00,1.0.0,2024-08-31
531b08e15995,HS-100081,ACC-2080,cus_100080,T1,"Ojeda, Rivas y Roybal",ojeda497.com.mx,ojeda497,Mid-Market,Servicios Financieros,Pro,Querétaro,Fernanda Solís,2023-04-06,16839.00,crm,high,16839.00,MXN,,active,2024-08,29,30.12,15,-0.082379,2024-06,computed,2,1,1.00,Evento,0.00,1.0.0,2024-08-31
5382574560dc,HS-100535,ACC-2534,cus_100534,T1,Valle-Valencia S.C.,vallevalenci629.com.mx,vallevalenci629,Mid-Market,Hospitalidad,Pro,Sonora,Luis Peña,2022-08-04,10015.00,crm,high,10015.00,MXN,,active,2024-08,42,39.46,22,-0.037044,2024-06,computed,4,0,3.00,Webinar,0.00,1.0.0,2024-08-31
538f62518bf7,HS-100448,ACC-2447,cus_100447,T1,Rentería-Madera,renteríamade463.com.mx,renteriamade463,Mid-Market,Educación,Pro,Guanajuato,Marta Díaz,2024-01-01,144600.00,imputed_from_deal,medium,,MXN,,active,2024-08,53,50.50,6,0.021342,2024-06,computed,6,1,3.67,Evento,0.00,1.0.0,2024-08-31
53f68810a2c7,HS-100533,ACC-2532,cus_100532,T1,"Rivero, Castellanos y Anaya",rivero21.com.mx,rivero21,Enterprise,Logística,Premium,Estado de México,Luis Peña,2024-06-10,644965.50,crm,high,34863.00,USD,,active,2024-08,127,129.33,1,,2024-06,insufficient_history,6,1,3.00,Webinar,0.00,1.0.0,2024-08-31
5469ca09097a,HS-100467,ACC-2466,cus_100466,T1,Olivas-Casas,olivascasas507.com.mx,olivascasas507,SMB,Construcción,Basico,Jalisco,Carla Nuñez,2023-07-02,5161.00,crm,high,5161.00,MXN,,active,2024-08,4,4.21,12,-0.017690,2024-06,computed,2,0,,Partner,0.00,1.0.0,2024-08-31
548b90cb0018,HS-100508,ACC-2507,cus_100507,T1,Porras-Arredondo S.A.,porrasarredo635.com.mx,porrasarredo635,Mid-Market,Hospitalidad,Pro,Chihuahua,Jorge Ibarra,2024-06-19,17053.00,crm,high,17053.00,MXN,,active,2024-08,54,50.33,1,,2024-06,insufficient_history,4,0,3.50,Outbound SDR,17053.00,1.0.0,2024-08-31
54e0cdf8d6e2,HS-100308,ACC-2307,cus_100307,T1,Laboratorios Escobar-Gómez,laboratorios690.com.mx,laboratorios690,SMB,Salud,Basico,CDMX,Fernanda Solís,2024-04-10,53594.50,crm,high,2897.00,USD,,active,2024-08,15,14.80,3,0.031831,2024-06,computed,3,0,3.50,Paid Search,0.00,1.0.0,2024-08-31
559a1afd0e44,HS-100444,ACC-2443,cus_100443,T1,Robles S.A. de C.V.,robles332.com.mx,robles332,SMB,Tecnología,Basico,Chihuahua,Diego Ortega,2022-05-23,143689.50,crm,high,7767.00,USD,,active,2024-08,5,5.54,22,-0.018122,2024-06,computed,4,0,3.50,Organic,0.00,1.0.0,2024-08-31
55d38d912444,HS-100184,ACC-2183,cus_100183,T1,"Club Cotto, Flores y Chavarría",club257.com.mx,club257,Mid-Market,Servicios Financieros,Pro,Nuevo León,Ana Ruiz,2022-11-10,14717.00,crm,high,14717.00,MXN,,active,2024-08,21,19.27,20,-0.021281,2024-06,computed,3,0,2.50,Organic,14717.00,1.0.0,2024-08-31
565904aa901f,HS-100128,ACC-2127,cus_100127,T2,Valencia-Guardado e Hijos,valenciaguar553.com.mx,valenciaguar553,Mid-Market,Servicios Financieros,Pro,Guanajuato,Jorge Ibarra,2022-09-01,23344.00,crm,high,23344.00,MXN,,active,2024-08,31,36.54,22,0.069778,2024-06,computed,5,0,3.25,Outbound SDR,23344.00,1.0.0,2024-08-31
566ce673d067,HS-100115,ACC-2114,cus_100114,T1,Valdez-Manzanares A.C.,valdezmanzan967.com.mx,valdezmanzan967,Mid-Market,Agroindustria,Pro,Querétaro,Carla Nuñez,2022-11-22,25085.00,crm,high,25085.00,MXN,,active,2024-08,52,51.86,20,-0.008145,2024-06,computed,6,0,3.00,Paid Search,0.00,1.0.0,2024-08-31
567a1080b6c7,HS-100477,ACC-2476,cus_100476,T1,Romero-Franco A.C.,romerofranco530.com.mx,romerofranco530,SMB,Servicios Financieros,Basico,Querétaro,Fernanda Solís,2023-04-25,8414.00,crm,high,8414.00,MXN,,active,2024-08,6,7.18,15,0.030334,2024-06,computed,0,0,,Webinar,100968.00,1.0.0,2024-08-31
56cc5e17ca7e,HS-100390,ACC-2389,cus_100389,T1,"Balderas, Galván y Espinal",balderas144.com.mx,balderas144,Mid-Market,Agroindustria,Pro,CDMX,Marta Díaz,2022-05-20,11569.00,crm,high,11569.00,MXN,,active,2024-08,48,38.79,22,0.027525,2024-06,computed,5,0,2.20,Webinar,0.00,1.0.0,2024-08-31
572855d81626,HS-100210,ACC-2209,cus_100209,T1,Ceballos-Reyna S.C.,ceballosreyn297.com.mx,ceballosreyn297,SMB,Logística,Basico,Nuevo León,Jorge Ibarra,2022-05-23,4687.00,crm,high,4687.00,MXN,,active,2024-08,7,6.62,22,0.079526,2024-06,computed,1,0,2.00,Evento,0.00,1.0.0,2024-08-31
572d46de8d86,HS-100255,ACC-2254,cus_100254,T1,Corporacin Becerra-Salas,corporacin400.com.mx,corporacin400,SMB,Manufactura,Basico,Querétaro,Marta Díaz,2022-10-26,5851.00,crm,high,5851.00,MXN,,active,2024-08,9,7.48,21,-0.008909,2024-06,computed,1,0,,Webinar,5851.00,1.0.0,2024-08-31
57430e054ca2,HS-100623,ACC-2622,cus_100622,T1,Rangel y Asociados,rangel1.com.mx,rangel1,SMB,Servicios Financieros,Basico,Querétaro,Carla Nuñez,2022-08-14,8765.00,crm,high,8765.00,MXN,,active,2024-08,14,13.29,22,-0.059948,2024-06,computed,0,0,,Paid Search,0.00,1.0.0,2024-08-31
5788d992991c,HS-100489,ACC-2488,cus_100488,T1,"Laboratorios Cardona, Prado y Valverde",laboratorios355.com.mx,laboratorios355,Enterprise,Servicios Financieros,Premium,Querétaro,Diego Ortega,2024-02-23,49955.00,crm,high,49955.00,MXN,2024-06-10,churned,2024-06,25,76.00,3,-0.112129,2024-04,computed,3,0,3.00,Organic,0.00,1.0.0,2024-08-31
57c8aca8703d,HS-100551,ACC-2550,cus_100550,T1,Club Cuellar-Leiva,club398.com.mx,club398,SMB,Retail,Basico,Chihuahua,Marta Díaz,2022-03-21,6557.00,crm,high,6557.00,MXN,,active,2024-08,17,14.12,22,0.013783,2024-06,computed,3,1,2.33,Partner,0.00,1.0.0,2024-08-31
58660e0d4e6c,HS-100153,ACC-2152,cus_100152,T1,Industrias Cedillo-Olvera,industrias647.com.mx,industrias647,SMB,Construcción,Basico,Jalisco,Jorge Ibarra,2024-02-09,7606.00,crm,high,7606.00,MXN,,active,2024-08,4,3.86,5,0.022817,2024-06,computed,5,0,3.00,Webinar,0.00,1.0.0,2024-08-31
58977cac09cc,HS-100425,ACC-2424,cus_100424,T1,"Villareal, Mateo y Griego",villareal286.com.mx,villareal286,SMB,Construcción,Basico,Guanajuato,Luis Peña,2022-08-06,8163.00,crm,high,8163.00,MXN,2024-04-06,churned,2024-04,2,12.95,18,-0.260991,2024-02,computed,2,0,5.00,Partner,0.00,1.0.0,2024-08-31
589f42a9c63a,HS-100488,ACC-2487,cus_100487,T1,Mojica-Ruelas,mojicaruelas923.com.mx,mojicaruelas923,SMB,Agroindustria,Basico,Puebla,Ana Ruiz,2023-01-06,6477.00,crm,high,6477.00,MXN,2023-10-02,churned,2023-10,0,4.40,8,-0.184288,2023-08,computed,1,1,2.00,Organic,0.00,1.0.0,2024-08-31
5945ffa79bf5,HS-100441,ACC-2440,cus_100440,T1,"Grupo Jáquez, Pulido y Sánchez",grupo887.com.mx,grupo887,SMB,Alimentos,Basico,Guanajuato,Carla Nuñez,2024-04-11,2961.00,crm,high,2961.00,MXN,,active,2024-08,6,8.20,3,0.028090,2024-06,computed,2,0,5.00,Partner,35532.00,1.0.0,2024-08-31
598275c8d1e3,HS-100230,ACC-2229,cus_100229,T2,Cepeda-Arredondo y Asociados,cepedaarredo259.com.mx,cepedaarredo259,Mid-Market,Logística,Pro,Guanajuato,Luis Peña,2022-12-21,13927.00,crm,high,13927.00,MXN,2024-01-24,churned,2024-01,3,15.57,12,-0.248731,2023-11,computed,3,0,3.00,Webinar,0.00,1.0.0,2024-08-31
59a59dbb5c8d,HS-100548,ACC-2547,cus_100547,T1,Balderas-Espinoza e Hijos,balderasespi636.com.mx,balderasespi636,Mid-Market,Automotriz,Pro,Puebla,Luis Peña,2024-02-16,12941.00,crm,high,12941.00,MXN,,active,2024-08,40,43.29,5,-0.019310,2024-06,computed,4,0,3.00,Partner,0.00,1.0.0,2024-08-31
59a8da5bbd25,HS-100537,ACC-2536,cus_100536,T1,Casanova S.A.,casanova568.com.mx,casanova568,Mid-Market,Agroindustria,Pro,Puebla,Marta Díaz,2022-03-07,26698.00,crm,high,26698.00,MXN,,active,2024-08,39,43.33,22,-0.045735,2024-06,computed,6,1,2.50,Webinar,0.00,1.0.0,2024-08-31
5aabb4abe963,HS-100331,ACC-2330,cus_100330,T1,Corporacin Alcántar-Carranza,corporacin346.com.mx,corporacin346,SMB,Agroindustria,Basico,Nuevo León,Luis Peña,2022-07-22,8477.00,crm,high,8477.00,MXN,,active,2024-08,8,7.33,22,0.037742,2024-06,computed,3,0,2.50,Referral,0.00,1.0.0,2024-08-31
5aadc6d9beb8,HS-100140,ACC-2139,cus_100139,T1,Grupo Bahena y Barragán,grupo853.com.mx,grupo853,Enterprise,Automotriz,Premium,Querétaro,Carla Nuñez,2023-07-30,89122.00,crm,high,89122.00,MXN,,active,2024-08,320,240.64,12,-0.042584,2024-06,computed,4,0,2.33,Referral,0.00,1.0.0,2024-08-31
5ad0321274f2,HS-100164,ACC-2163,cus_100163,T1,Industrias Pacheco y Correa,industrias652.com.mx,industrias652,SMB,Construcción,Basico,Nuevo León,Diego Ortega,2023-10-17,3557.00,crm,high,3557.00,MXN,,active,2024-08,14,11.82,9,-0.026035,2024-06,computed,2,1,3.00,Paid Search,0.00,1.0.0,2024-08-31
5ad6ce2d765a,HS-100036,ACC-2035,cus_100035,T1,Navarrete-Berríos S.A.,navarreteber668.com.mx,navarreteber668,Mid-Market,Manufactura,Pro,Puebla,Diego Ortega,2023-12-05,9483.00,crm,high,9483.00,MXN,,active,2024-08,26,23.89,7,0.000102,2024-06,computed,4,0,4.50,Paid Search,0.00,1.0.0,2024-08-31
5c5dbbe39468,HS-100216,ACC-2215,cus_100215,T1,Trejo y Aparicio S.A. de C.V.,trejo406.com.mx,trejo406,SMB,Retail,Basico,Jalisco,Luis Peña,2023-05-13,4541.00,imputed_from_deal,medium,,MXN,,active,2024-08,4,4.31,14,0.089404,2024-06,computed,0,0,,Evento,0.00,1.0.0,2024-08-31
5c7bb90cf33d,HS-100124,ACC-2123,cus_100123,T1,"Meraz, Ordóñez y Anaya",meraz881.com.mx,meraz881,SMB,Agroindustria,Basico,Sonora,Marta Díaz,2023-08-17,5719.00,crm,high,5719.00,MXN,,active,2024-08,6,7.23,11,0.051937,2024-06,computed,3,0,4.00,Organic,0.00,1.0.0,2024-08-31
5ca575bf5963,HS-100317,ACC-2316,cus_100316,T1,Ocampo y Rocha S. R.L. de C.V.,ocampo492.com.mx,ocampo492,SMB,Salud,Basico,Querétaro,Fernanda Solís,2023-08-10,4857.00,crm,high,4857.00,MXN,,active,2024-08,4,4.31,11,-0.029206,2024-06,computed,1,0,,Outbound SDR,0.00,1.0.0,2024-08-31
5cb37febc3b4,HS-100222,ACC-2221,cus_100221,T1,Jasso-Rangel,jassorangel311.com.mx,jassorangel311,Mid-Market,Automotriz,Pro,Querétaro,Ana Ruiz,2022-10-02,18000.00,crm,high,18000.00,MXN,2024-05-03,churned,2024-05,8,43.80,18,-0.197969,2024-03,computed,3,0,4.00,Webinar,0.00,1.0.0,2024-08-31
5ce69a34518d,HS-100351,ACC-2350,cus_100350,T1,Delgadillo-López y Asociados,delgadilloló472.com.mx,delgadillolo472,SMB,Construcción,Basico,Jalisco,Diego Ortega,2024-01-24,89447.50,crm,high,4835.00,USD,2024-06-24,churned,2024-06,1,6.67,4,-0.192664,2024-04,computed,1,0,,Evento,0.00,1.0.0,2024-08-31
5d3997bae226,HS-100165,ACC-2164,cus_100164,T1,Dueñas S. R.L. de C.V.,dueñas100.com.mx,duenas100,SMB,Automotriz,Basico,Sonora,Ana Ruiz,2023-03-31,7140.00,crm,high,7140.00,MXN,,active,2024-08,6,5.61,16,0.031356,2024-06,computed,5,0,3.33,Evento,0.00,1.0.0,2024-08-31
5d3a54fbe090,HS-100509,ACC-2508,cus_100508,T1,Maestas-Bustos A.C.,maestasbusto63.com.mx,maestasbusto63,Enterprise,Alimentos,Premium,Chihuahua,Luis Peña,2024-06-12,53101.00,crm,high,53101.00,MXN,,active,2024-08,85,79.00,1,,2024-06,insufficient_history,5,1,3.33,Outbound SDR,0.00,1.0.0,2024-08-31
5df58f1cd011,HS-100006,ACC-2005,cus_100005,T1,Cuellar-Ceja e Hijos,cuellarceja100.com.mx,cuellarceja100,SMB,Educación,Basico,Yucatán,Ana Ruiz,2022-02-20,4940.00,crm,high,4940.00,MXN,,active,2024-08,5,6.67,22,-0.003066,2024-06,computed,2,0,,Partner,0.00,1.0.0,2024-08-31
5f6fe04e3c0d,HS-100530,ACC-2529,cus_100529,T1,"Despacho Montalvo, Garza y Salazar",despacho738.com.mx,despacho738,Mid-Market,Retail,Pro,Nuevo León,Jorge Ibarra,2022-03-27,10577.00,crm,high,10577.00,MXN,,active,2024-08,42,40.04,22,-0.001599,2024-06,computed,5,0,3.33,Partner,0.00,1.0.0,2024-08-31
5ff51d984ff6,HS-100541,ACC-2540,cus_100540,T1,Arevalo-Orta,arevaloorta316.com.mx,arevaloorta316,Enterprise,Retail,Premium,Querétaro,Fernanda Solís,2022-02-23,58863.00,crm,high,58863.00,MXN,,active,2024-08,139,154.67,22,0.068172,2024-06,computed,3,0,2.50,Partner,0.00,1.0.0,2024-08-31
6010a6c2645a,HS-100378,ACC-2377,cus_100377,T1,Proyectos Quezada-Fernández,proyectos500.com.mx,proyectos500,SMB,Automotriz,Basico,CDMX,Ana Ruiz,2022-02-08,2128.00,crm,high,2128.00,MXN,,active,2024-08,6,5.54,22,0.005314,2024-06,computed,1,0,4.00,Evento,0.00,1.0.0,2024-08-31
605a3500df16,HS-100303,ACC-2302,cus_100302,T1,Corporacin Aragón-Rivas,corporacin572.com.mx,corporacin572,SMB,Salud,Basico,Chihuahua,Jorge Ibarra,2023-04-02,4995.00,crm,high,4995.00,MXN,,active,2024-08,11,11.82,15,0.007477,2024-06,computed,1,0,5.00,Organic,0.00,1.0.0,2024-08-31
61797f4fd29d,HS-100457,ACC-2456,cus_100456,T1,Tórrez-Polanco,tórrezpolanc672.com.mx,torrezpolanc672,SMB,Educación,Basico,Sonora,Luis Peña,2023-01-04,2747.00,crm,high,2747.00,MXN,2023-04-13,churned,2023-04,0,2.00,2,,2023-02,insufficient_history,1,0,2.00,Outbound SDR,0.00,1.0.0,2024-08-31
618a87bd9809,HS-100636,ACC-2635,cus_100635,T1,Aparicio y Asociados,aparicio142.com.mx,aparicio142,SMB,Tecnología,Basico,Guanajuato,Carla Nuñez,2022-08-06,5381.00,crm,high,5381.00,MXN,,active,2024-08,9,9.42,22,-0.001710,2024-06,computed,3,0,2.50,Partner,0.00,1.0.0,2024-08-31
61c8003722fd,HS-100053,ACC-2052,cus_100052,T1,"Sevilla, Prado y Gálvez",sevilla4.com.mx,sevilla4,Enterprise,Manufactura,Premium,Yucatán,Luis Peña,2022-07-21,69753.00,crm,high,69753.00,MXN,,active,2024-08,99,103.92,22,0.027336,2024-06,computed,9,0,2.86,Paid Search,139506.00,1.0.0,2024-08-31
621d856f0a4b,HS-100045,ACC-2044,cus_100044,T2,"Industrias Soto, Luna y Llamas",industrias734.com.mx,industrias734,SMB,Automotriz,Basico,Querétaro,Fernanda Solís,2022-05-18,4573.00,crm,high,4573.00,MXN,,active,2024-08,4,4.67,22,-0.063698,2024-06,computed,0,0,,Referral,0.00,1.0.0,2024-08-31
62e862d0ba6b,HS-100526,ACC-2525,cus_100525,T1,"Arellano, Abrego y Carrero",arellano872.com.mx,arellano872,SMB,Educación,Basico,Sonora,Diego Ortega,2023-09-05,8314.00,crm,high,8314.00,MXN,2024-01-24,churned,2024-01,0,1.00,3,-0.101620,2023-11,computed,2,1,5.00,Referral,8314.00,1.0.0,2024-08-31
62f2df8d7d2e,HS-100180,ACC-2179,cus_100179,T1,"Nazario, Almaraz y Sandoval",nazario283.com.mx,nazario283,SMB,Educación,Basico,Puebla,Ana Ruiz,2024-03-21,3554.00,crm,high,3554.00,MXN,,active,2024-08,12,12.17,4,0.005594,2024-06,computed,1,0,,Partner,0.00,1.0.0,2024-08-31
63a717661ec6,HS-100102,ACC-2101,cus_100101,T1,"Venegas, Cantú y Munguía",venegas277.com.mx,venegas277,Mid-Market,Automotriz,Pro,Sonora,Jorge Ibarra,2023-02-14,26634.00,crm,high,26634.00,MXN,,active,2024-08,23,24.26,17,0.091546,2024-06,computed,2,1,3.00,Webinar,0.00,1.0.0,2024-08-31
644cd69de81c,HS-100266,ACC-2265,cus_100265,T1,Garica-Díaz,garicadíaz618.com.mx,garicadiaz618,Mid-Market,Alimentos,Pro,Yucatán,Marta Díaz,2024-06-09,22962.00,crm,high,22962.00,MXN,,active,2024-08,41,46.67,1,,2024-06,insufficient_history,3,0,2.50,Organic,22962.00,1.0.0,2024-08-31
64dcc8776b32,HS-100279,ACC-2278,cus_100278,T1,Grupo Arevalo-Loera,grupo378.com.mx,grupo378,Mid-Market,Hospitalidad,Pro,Jalisco,Ana Ruiz,2022-07-29,27076.00,crm,high,27076.00,MXN,,active,2024-08,40,45.29,22,0.000416,2024-06,computed,7,1,3.00,Referral,0.00,1.0.0,2024-08-31
651fe741fa3d,HS-100196,ACC-2195,cus_100195,T1,Durán S.C.,durán99.com.mx,duran99,SMB,Educación,Basico,Chihuahua,Carla Nuñez,2022-03-20,8099.00,crm,high,8099.00,MXN,2022-07-19,churned,2022-07,,,0,,2022-05,no_usage,0,0,,Referral,0.00,1.0.0,2024-08-31
652a84cfe5c1,HS-100631,ACC-2630,cus_100630,T1,Grupo Cordero-Gaitán,grupo791.com.mx,grupo791,Mid-Market,Retail,Pro,Nuevo León,Carla Nuñez,2024-01-15,23987.00,crm,high,23987.00,MXN,,active,2024-08,21,19.12,6,0.012266,2024-06,computed,1,0,,Paid Search,0.00,1.0.0,2024-08-31
659b8fb24c41,HS-100141,ACC-2140,cus_100140,T1,Laboratorios Salas y Carrera,laboratorios855.com.mx,laboratorios855,Enterprise,Educación,Premium,Estado de México,Luis Peña,2022-10-12,43973.00,imputed_from_deal,medium,,MXN,,active,2024-08,210,179.78,21,0.006411,2024-06,computed,4,0,2.67,Webinar,0.00,1.0.0,2024-08-31
664b9e778e26,HS-100377,ACC-2376,cus_100376,T1,"Corporacin Fierro, Cardenas y Galván",corporacin467.com.mx,corporacin467,Mid-Market,Servicios Financieros,Pro,Yucatán,Carla Nuñez,2023-01-02,10980.00,crm,high,10980.00,MXN,,active,2024-08,26,25.05,18,-0.001960,2024-06,computed,4,1,2.33,Evento,0.00,1.0.0,2024-08-31
6709cae3efd1,HS-100570,ACC-2569,cus_100569,T2,"Grupo Portillo, del Río y Valdivia",grupo259.com.mx,grupo259,SMB,Construcción,Basico,Querétaro,Fernanda Solís,2024-01-14,6983.00,crm,high,6983.00,MXN,,active,2024-08,6,5.50,6,-0.015511,2024-06,computed,4,0,3.33,Webinar,0.00,1.0.0,2024-08-31
67298e35c7b4,HS-100481,ACC-2480,cus_100480,T1,Ozuna y Castillo y Asociados,ozuna691.com.mx,ozuna691,Mid-Market,Hospitalidad,Pro,CDMX,Ana Ruiz,2023-03-12,12779.00,crm,high,12779.00,MXN,,active,2024-08,15,15.33,16,-0.075059,2024-06,computed,3,0,1.00,Outbound SDR,0.00,1.0.0,2024-08-31
67934042a230,HS-100243,ACC-2242,cus_100242,T1,"Godoy, Santiago y Gollum",godoy292.com.mx,godoy292,Enterprise,Retail,Premium,Nuevo León,Carla Nuñez,2022-02-06,45877.00,crm,high,45877.00,MXN,,active,2024-08,58,65.79,22,0.006789,2024-06,computed,4,0,3.33,Outbound SDR,45877.00,1.0.0,2024-08-31
67da30b569af,HS-100418,ACC-2417,cus_100417,T1,Luna-Burgos S. R.L. de C.V.,lunaburgos303.com.mx,lunaburgos303,SMB,Retail,Basico,Nuevo León,Fernanda Solís,2022-10-13,5407.00,crm,high,5407.00,MXN,,active,2024-08,14,13.96,21,0.010334,2024-06,computed,1,0,4.00,Referral,0.00,1.0.0,2024-08-31
67e350db2ed9,HS-100391,ACC-2390,cus_100390,T1,Rocha-Posada,rochaposada448.com.mx,rochaposada448,Enterprise,Retail,Premium,Sonora,Carla Nuñez,2022-12-20,50321.00,crm,high,50321.00,MXN,,active,2024-08,214,211.62,19,0.011999,2024-06,computed,7,0,2.60,Paid Search,0.00,1.0.0,2024-08-31
6853f3d6a4dc,HS-100259,ACC-2258,cus_100258,T1,Mata-Gálvez S. R.L. de C.V.,matagálvez734.com.mx,matagalvez734,Mid-Market,Retail,Pro,Puebla,Ana Ruiz,2023-04-15,23997.00,crm,high,23997.00,MXN,,active,2024-08,28,32.12,15,-0.077527,2024-06,computed,3,0,1.00,Partner,0.00,1.0.0,2024-08-31
68f66e743a15,HS-100223,ACC-2222,cus_100222,T1,Pulido-Olivárez,pulidoolivár463.com.mx,pulidoolivar463,SMB,Alimentos,Basico,Jalisco,Ana Ruiz,2022-09-03,2308.00,crm,high,2308.00,MXN,,active,2024-08,13,12.92,22,0.025657,2024-06,computed,0,0,,Referral,0.00,1.0.0,2024-08-31
691d1dc17baa,HS-100302,ACC-2301,cus_100301,T1,Alcaraz-Mayorga S.A.,alcarazmayor697.com.mx,alcarazmayor697,SMB,Hospitalidad,Basico,Guanajuato,Jorge Ibarra,2022-01-05,7005.00,crm,high,7005.00,MXN,,active,2024-08,12,12.21,22,-0.032255,2024-06,computed,2,0,3.50,Paid Search,7005.00,1.0.0,2024-08-31
695d5be4f470,HS-100100,ACC-2099,cus_100099,T1,Industrias Baca y Camarillo,industrias519.com.mx,industrias519,SMB,Retail,Basico,Yucatán,Diego Ortega,2022-12-01,7304.00,crm,high,7304.00,MXN,,active,2024-08,12,10.24,19,-0.031573,2024-06,computed,1,0,,Organic,0.00,1.0.0,2024-08-31
6978c5309efe,HS-100589,ACC-2588,cus_100588,T1,Cadena-Cantú y Asociados,cadenacantú39.com.mx,cadenacantu39,SMB,Manufactura,Basico,Guanajuato,Ana Ruiz,2023-11-09,6372.00,crm,high,6372.00,MXN,,active,2024-08,15,13.50,8,-0.000555,2024-06,computed,3,0,3.00,Organic,0.00,1.0.0,2024-08-31
69901e51bc3c,HS-100420,ACC-2419,cus_100419,T1,Viera S.C.,viera100.com.mx,viera100,Mid-Market,Alimentos,Pro,Jalisco,Diego Ortega,2024-02-28,440762.50,crm,high,23825.00,USD,2024-05-03,churned,2024-05,4,9.50,2,,2024-03,insufficient_history,5,1,4.50,Outbound SDR,0.00,1.0.0,2024-08-31
699ff55001cc,HS-100097,ACC-2096,cus_100096,T1,"Casárez, Carvajal y Laboy",casárez930.com.mx,casarez930,SMB,Automotriz,Basico,Sonora,Ana Ruiz,2022-12-24,5074.00,crm,high,5074.00,MXN,,active,2024-08,8,8.71,19,-0.038655,2024-06,computed,2,0,1.50,Webinar,0.00,1.0.0,2024-08-31
69a9c5b9b867,HS-100183,ACC-2182,cus_100182,T2,Laboratorios Briseño-Esparza,laboratorios793.com.mx,laboratorios793,Enterprise,Salud,Premium,Nuevo León,Luis Peña,2024-03-10,46171.00,crm,high,46171.00,MXN,,active,2024-08,221,197.50,4,-0.022280,2024-06,computed,5,2,3.67,Partner,46171.00,1.0.0,2024-08-31
69e452cb7a98,HS-100474,ACC-2473,cus_100473,T1,"Barraza, Naranjo y Valdez",barraza716.com.mx,barraza716,Enterprise,Logística,Premium,Jalisco,Jorge Ibarra,2023-02-02,31794.00,crm,high,31794.00,MXN,,active,2024-08,191,226.47,17,0.113426,2024-06,computed,4,1,2.25,Organic,31794.00,1.0.0,2024-08-31
6b9938219d8f,HS-100608,ACC-2607,cus_100607,T1,Club Solorzano y Mireles,club873.com.mx,club873,SMB,Manufactura,Basico,Sonora,Jorge Ibarra,2022-08-24,3133.00,imputed_from_deal,medium,,MXN,,active,2024-08,10,11.25,22,-0.005645,2024-06,computed,3,0,1.00,Evento,0.00,1.0.0,2024-08-31
6bca486a099d,HS-100336,ACC-2335,cus_100335,T1,Laureano-Ocasio,laureanoocas684.com.mx,laureanoocas684,SMB,Manufactura,Basico,Querétaro,Carla Nuñez,2023-01-23,2968.00,crm,high,2968.00,MXN,2024-03-09,churned,2024-03,1,8.20,13,-0.248426,2024-01,computed,0,0,,Organic,0.00,1.0.0,2024-08-31
6c0b2c4e1901,HS-100632,ACC-2631,cus_100631,T1,Club Perea y Salcido,club5.com.mx,club5,Enterprise,Alimentos,Premium,Sonora,Diego Ortega,2023-10-04,64256.00,crm,high,64256.00,MXN,,active,2024-08,243,250.36,9,-0.017852,2024-06,computed,4,0,3.50,Paid Search,0.00,1.0.0,2024-08-31
6cf7fe3272fc,HS-100175,ACC-2174,cus_100174,T1,"Proyectos Miramontes, Santiago y Quesada",proyectos312.com.mx,proyectos312,Mid-Market,Manufactura,Pro,Nuevo León,Carla Nuñez,2023-08-13,12805.00,crm,high,12805.00,MXN,,active,2024-08,53,45.08,11,0.009684,2024-06,computed,3,0,4.67,Partner,25610.00,1.0.0,2024-08-31
6cfc2bb220b5,HS-100031,ACC-2030,cus_100030,T1,Casas y Salinas y Asociados,casas958.com.mx,casas958,Mid-Market,Agroindustria,Pro,Estado de México,Jorge Ibarra,2022-11-01,27881.00,crm,high,27881.00,MXN,,active,2024-08,29,39.86,20,0.035086,2024-06,computed,6,1,3.80,Evento,0.00,1.0.0,2024-08-31
6d6157f05d37,HS-100046,ACC-2045,cus_100045,T1,"Figueroa, Villa y Rojo",figueroa324.com.mx,figueroa324,Mid-Market,Alimentos,Pro,Jalisco,Carla Nuñez,2023-03-10,11377.00,crm,high,11377.00,MXN,,active,2024-08,52,50.61,16,0.113086,2024-06,computed,4,0,2.00,Referral,0.00,1.0.0,2024-08-31
6d621ac6bce1,HS-100004,ACC-2003,cus_100003,T1,Club Medrano y Mercado,club226.com.mx,club226,Mid-Market,Educación,Pro,Nuevo León,Diego Ortega,2024-05-13,18115.00,crm,high,18115.00,MXN,,active,2024-08,40,33.25,2,,2024-06,insufficient_history,3,0,5.00,Outbound SDR,0.00,1.0.0,2024-08-31
6d7170e9789b,HS-100024,ACC-2023,cus_100023,T1,"Narváez, Madera y Roldán",narváez60.com.mx,narvaez60,SMB,Construcción,Basico,Jalisco,Diego Ortega,2022-12-13,3973.00,crm,high,3973.00,MXN,2023-10-17,churned,2023-10,2,8.91,9,-0.247891,2023-08,computed,3,0,2.33,Webinar,3973.00,1.0.0,2024-08-31
6dd0a835084b,HS-100214,ACC-2213,cus_100213,T2,"Cavazos, Zavala y Villareal",cavazos22.com.mx,cavazos22,SMB,Educación,Basico,Guanajuato,Jorge Ibarra,2024-04-20,4660.00,crm,high,4660.00,MXN,,active,2024-08,12,13.60,3,-0.025182,2024-06,computed,1,0,,Referral,0.00,1.0.0,2024-08-31
6de6d67a878e,HS-100098,ACC-2097,cus_100097,T1,Camacho-Perales,camachoperal851.com.mx,camachoperal851,SMB,Agroindustria,Basico,Sonora,Marta Díaz,2022-03-04,7138.00,crm,high,7138.00,MXN,,active,2024-08,10,11.46,22,0.069277,2024-06,computed,1,0,1.00,Paid Search,7138.00,1.0.0,2024-08-31
6e00c339a03e,HS-100332,ACC-2331,cus_100331,T1,Corporacin Quintanilla-Macías,corporacin877.com.mx,corporacin877,Mid-Market,Hospitalidad,Pro,Jalisco,Marta Díaz,2022-03-18,22287.00,crm,high,22287.00,MXN,,active,2024-08,45,49.00,22,-0.130826,2024-06,computed,8,2,3.00,Paid Search,22287.00,1.0.0,2024-08-31
6e9112a3a693,HS-100147,ACC-2146,cus_100146,T1,Polanco-Terán e Hijos,polancoterán45.com.mx,polancoteran45,Mid-Market,Educación,Pro,Estado de México,Jorge Ibarra,2022-02-26,24498.00,crm,high,24498.00,MXN,,active,2024-08,30,32.71,22,-0.002719,2024-06,computed,6,0,2.67,Webinar,24498.00,1.0.0,2024-08-31
6ea450b057ac,HS-100206,ACC-2205,cus_100205,T1,"Toro, Valentín y Villareal",toro84.com.mx,toro84,SMB,Automotriz,Basico,Yucatán,Carla Nuñez,2024-04-21,4229.00,crm,high,4229.00,MXN,,active,2024-08,12,13.40,3,-0.016797,2024-06,computed,1,0,,Partner,0.00,1.0.0,2024-08-31
6eabad2f9e44,HS-100373,ACC-2372,cus_100372,T1,Soria y Quiroz e Hijos,soria564.com.mx,soria564,SMB,Alimentos,Basico,Yucatán,Jorge Ibarra,2024-01-21,7362.00,crm,high,7362.00,MXN,,active,2024-08,2,2.50,6,-0.033473,2024-06,computed,4,0,5.00,Webinar,0.00,1.0.0,2024-08-31
6f8a65d8e369,HS-100244,ACC-2243,cus_100243,T1,Galindo S. R.L. de C.V.,galindo94.com.mx,galindo94,SMB,Educación,Basico,Estado de México,Ana Ruiz,2022-07-12,3818.00,crm,high,3818.00,MXN,,active,2024-08,7,6.54,22,0.024163,2024-06,computed,2,0,4.00,Organic,45816.00,1.0.0,2024-08-31
6fbc308a9ed5,HS-100476,ACC-2475,cus_100475,T1,Grupo Alba-Toledo,grupo13.com.mx,grupo13,Enterprise,Retail,Premium,Guanajuato,Jorge Ibarra,2024-06-11,73973.00,crm,high,73973.00,MXN,,active,2024-08,162,185.67,1,,2024-06,insufficient_history,3,0,3.00,Evento,0.00,1.0.0,2024-08-31
701a7145499e,HS-100462,ACC-2461,cus_100461,T1,Bahena-Dávila,bahenadávila360.com.mx,bahenadavila360,Mid-Market,Alimentos,Pro,Sonora,Jorge Ibarra,2024-04-10,15981.00,crm,high,15981.00,MXN,,active,2024-08,22,22.80,3,-0.037375,2024-06,computed,5,0,2.60,Partner,0.00,1.0.0,2024-08-31
705ac77b56d1,HS-100106,ACC-2105,cus_100105,T1,Olmos y Lozano S.C.,olmos287.com.mx,olmos287,SMB,Salud,Basico,Puebla,Ana Ruiz,2022-05-04,6883.00,crm,high,6883.00,MXN,2023-01-14,churned,2023-01,1,3.60,3,-0.137199,2022-11,computed,6,0,2.50,Organic,0.00,1.0.0,2024-08-31
7098e946d95f,HS-100179,ACC-2178,cus_100178,T1,Laboratorios Leyva y Ojeda,laboratorios703.com.mx,laboratorios703,Enterprise,Retail,Premium,CDMX,Marta Díaz,2022-11-13,87093.00,crm,high,87093.00,MXN,,active,2024-08,208,176.27,20,-0.002503,2024-06,computed,1,0,,Referral,0.00,1.0.0,2024-08-31
70ea0c23bdb2,HS-100038,ACC-2037,cus_100037,T1,Miramontes y Zambrano S.A. de C.V.,miramontes3.com.mx,miramontes3,SMB,Educación,Basico,Querétaro,Jorge Ibarra,2022-07-11,5198.00,crm,high,5198.00,MXN,,active,2024-08,6,5.42,22,-0.009750,2024-06,computed,1,0,5.00,Evento,0.00,1.0.0,2024-08-31
714a72f5154c,HS-100552,ACC-2551,cus_100551,T1,Laboratorios Ramírez y Villalpando,laboratorios940.com.mx,laboratorios940,Mid-Market,Alimentos,Pro,Nuevo León,Jorge Ibarra,2023-05-20,26123.00,crm,high,26123.00,MXN,,active,2024-08,38,38.00,14,0.034051,2024-06,computed,4,0,2.50,Referral,0.00,1.0.0,2024-08-31
723875008eb9,HS-100578,ACC-2577,cus_100577,T1,Villaseñor-Marrero e Hijos,villaseñorma744.com.mx,villasenorma744,Enterprise,Salud,Premium,Yucatán,Diego Ortega,2023-02-04,72978.00,crm,high,72978.00,MXN,,active,2024-08,106,119.58,17,0.014815,2024-06,computed,4,1,2.75,Paid Search,72978.00,1.0.0,2024-08-31
72c0afa9c950,HS-100411,ACC-2410,cus_100410,T1,"Núñez, Laureano y Casillas",núñez76.com.mx,nunez76,SMB,Educación,Basico,Estado de México,Carla Nuñez,2023-07-13,5678.00,crm,high,5678.00,MXN,,active,2024-08,8,8.57,12,0.008083,2024-06,computed,2,1,2.50,Evento,0.00,1.0.0,2024-08-31
73791fb3cf09,HS-100557,ACC-2556,cus_100556,T1,"Ocampo, Osorio y Oquendo",ocampo764.com.mx,ocampo764,SMB,Manufactura,Basico,Querétaro,Marta Díaz,2023-05-06,5892.00,crm,high,5892.00,MXN,,active,2024-08,5,5.81,14,-0.045424,2024-06,computed,3,1,1.50,Evento,0.00,1.0.0,2024-08-31
73a7137f9426,HS-100536,ACC-2535,cus_100535,T1,Guajardo y Chacón S.A.,guajardo161.com.mx,guajardo161,Enterprise,Educación,Premium,Estado de México,Luis Peña,2022-10-03,49698.00,crm,high,49698.00,MXN,,active,2024-08,162,193.52,21,-0.014931,2024-06,computed,4,0,2.50,Paid Search,0.00,1.0.0,2024-08-31
742b497d49d8,HS-100193,ACC-2192,cus_100192,T1,Batista-de León S. R.L. de C.V.,batistade887.com.mx,batistade887,Enterprise,Agroindustria,Premium,Guanajuato,Jorge Ibarra,2024-06-12,57593.00,crm,high,57593.00,MXN,,active,2024-08,326,288.00,1,,2024-06,insufficient_history,3,0,2.33,Referral,57593.00,1.0.0,2024-08-31
755809755e6a,HS-100343,ACC-2342,cus_100342,T1,"Amaya, Cadena y Prieto",amaya829.com.mx,amaya829,SMB,Alimentos,Basico,Sonora,Jorge Ibarra,2022-11-15,45417.50,crm,high,2455.00,USD,,active,2024-08,15,14.64,20,0.023617,2024-06,computed,5,0,3.67,Evento,0.00,1.0.0,2024-08-31
75e57a3efe0c,HS-100145,ACC-2144,cus_100144,T1,Paredes-Angulo,paredesangul458.com.mx,paredesangul458,SMB,Tecnología,Basico,Chihuahua,Diego Ortega,2023-12-29,6412.00,crm,high,6412.00,MXN,,active,2024-08,9,10.44,7,0.048826,2024-06,computed,4,0,3.00,Organic,0.00,1.0.0,2024-08-31
762274061052,HS-100236,ACC-2235,cus_100235,T1,"Despacho Quiñones, Chacón y Rosado",despacho678.com.mx,despacho678,Mid-Market,Manufactura,Pro,Nuevo León,Luis Peña,2023-08-26,13294.00,crm,high,13294.00,MXN,,active,2024-08,42,39.46,11,-0.012068,2024-06,computed,5,0,3.33,Referral,0.00,1.0.0,2024-08-31
76352359fd43,HS-100121,ACC-2120,cus_100120,T1,Laboratorios Velásquez-Aponte,laboratorios102.com.mx,laboratorios102,Mid-Market,Agroindustria,Pro,Jalisco,Fernanda Solís,2022-07-05,15808.00,crm,high,15808.00,MXN,,active,2024-08,36,41.96,22,0.019525,2024-06,computed,9,0,3.86,Evento,15808.00,1.0.0,2024-08-31
766e960f8f0e,HS-100146,ACC-2145,cus_100145,T1,"Sotelo, Montemayor y Vásquez",sotelo467.com.mx,sotelo467,SMB,Educación,Basico,Puebla,Jorge Ibarra,2023-09-10,4636.00,crm,high,4636.00,MXN,,active,2024-08,12,10.75,10,-0.065935,2024-06,computed,0,0,,Referral,0.00,1.0.0,2024-08-31
7673a68d1cc4,HS-100011,ACC-2010,cus_100010,T1,"Aragón, Rodríguez y Carmona",aragón651.com.mx,aragon651,SMB,Hospitalidad,Basico,Estado de México,Jorge Ibarra,2023-01-20,3401.00,crm,high,3401.00,MXN,,active,2024-08,4,3.50,18,-0.051455,2024-06,computed,4,0,4.00,Webinar,0.00,1.0.0,2024-08-31
76bafd451e9e,HS-100197,ACC-2196,cus_100196,T1,"Ayala, Valle y Fuentes",ayala338.com.mx,ayala338,Mid-Market,Servicios Financieros,Pro,Estado de México,Fernanda Solís,2023-07-13,13005.00,crm,high,13005.00,MXN,,active,2024-08,54,50.43,12,-0.079561,2024-06,computed,4,0,3.75,Evento,0.00,1.0.0,2024-08-31
7700c04b25c9,HS-100213,ACC-2212,cus_100212,T1,Industrias Abreu y Granado,industrias440.com.mx,industrias440,Mid-Market,Hospitalidad,Pro,Jalisco,Marta Díaz,2022-10-04,22252.00,crm,high,22252.00,MXN,,active,2024-08,25,30.65,21,0.054883,2024-06,computed,5,0,2.75,Outbound SDR,0.00,1.0.0,2024-08-31
772649d900e7,HS-100186,ACC-2185,cus_100185,T1,Club Mejía-Carrera,club130.com.mx,club130,Mid-Market,Manufactura,Pro,Yucatán,Ana Ruiz,2024-04-09,22794.00,crm,high,22794.00,MXN,,active,2024-08,43,48.00,3,-0.018469,2024-06,computed,3,0,2.33,Partner,0.00,1.0.0,2024-08-31
774336269cfb,HS-100061,ACC-2060,cus_100060,T2,Grupo Valencia-Alva,grupo25.com.mx,grupo25,SMB,Construcción,Basico,Jalisco,Diego Ortega,2023-03-12,7406.00,crm,high,7406.00,MXN,,active,2024-08,3,2.33,16,0.055857,2024-06,computed,3,1,1.50,Webinar,0.00,1.0.0,2024-08-31
779b9041ca93,HS-100271,ACC-2270,cus_100270,T1,Laboratorios Tafoya y Sanches,laboratorios782.com.mx,laboratorios782,Mid-Market,Alimentos,Pro,Guanajuato,Jorge Ibarra,2022-05-10,27806.00,crm,high,27806.00,MXN,,active,2024-08,30,43.08,22,0.036653,2024-06,computed,2,0,2.00,Evento,0.00,1.0.0,2024-08-31
77af4118522b,HS-100547,ACC-2546,cus_100546,T1,Godoy y Fierro y Asociados,godoy405.com.mx,godoy405,SMB,Retail,Basico,Sonora,Carla Nuñez,2022-03-27,8995.00,crm,high,8995.00,MXN,,active,2024-08,12,10.58,22,-0.030283,2024-06,computed,2,1,3.00,Organic,0.00,1.0.0,2024-08-31
77c327404c72,HS-100613,ACC-2612,cus_100612,T1,Proyectos Esquibel-Espinal,proyectos389.com.mx,proyectos389,Mid-Market,Hospitalidad,Pro,Yucatán,Jorge Ibarra,2022-08-28,20750.00,crm,high,20750.00,MXN,2023-03-09,churned,2023-03,6,26.14,5,-0.206054,2023-01,computed,5,2,3.00,Evento,20750.00,1.0.0,2024-08-31
780a87c8c2a0,HS-100191,ACC-2190,cus_100190,T1,"Proyectos Padrón, Saavedra y Solís",proyectos730.com.mx,proyectos730,SMB,Servicios Financieros,Basico,Chihuahua,Jorge Ibarra,2023-01-24,4663.00,crm,high,4663.00,MXN,,active,2024-08,8,8.85,18,-0.092636,2024-06,computed,1,0,,Paid Search,0.00,1.0.0,2024-08-31
785078eeba1d,HS-100320,ACC-2319,cus_100319,T1,Corporacin Aguirre y Jaime,corporacin491.com.mx,corporacin491,SMB,Agroindustria,Basico,Querétaro,Carla Nuñez,2023-12-12,3752.00,crm,high,3752.00,MXN,,active,2024-08,3,3.33,7,-0.059769,2024-06,computed,2,1,3.00,Webinar,0.00,1.0.0,2024-08-31
789c81ac0120,HS-100356,ACC-2355,cus_100355,T1,Jáquez S.A.,jáquez613.com.mx,jaquez613,Mid-Market,Hospitalidad,Pro,Chihuahua,Luis Peña,2023-02-24,19507.00,crm,high,19507.00,MXN,,active,2024-08,38,39.68,17,0.014544,2024-06,computed,6,0,2.60,Evento,0.00,1.0.0,2024-08-31
78d1aed426c1,HS-100211,ACC-2210,cus_100210,T1,Zambrano-Navarrete,zambranonava390.com.mx,zambranonava390,SMB,Tecnología,Basico,Guanajuato,Fernanda Solís,2023-07-03,117697.00,crm,high,6362.00,USD,,active,2024-08,5,4.64,12,0.021737,2024-06,computed,1,0,,Evento,0.00,1.0.0,2024-08-31
78dd22e22aac,HS-100528,ACC-2527,cus_100527,T1,"Club Segovia, Santana y Vela",club356.com.mx,club356,SMB,Construcción,Basico,Guanajuato,Ana Ruiz,2023-07-27,4617.00,crm,high,4617.00,MXN,,active,2024-08,5,5.57,12,0.049466,2024-06,computed,1,0,,Referral,0.00,1.0.0,2024-08-31
78e777fdb583,HS-100546,ACC-2545,cus_100545,T1,"Tejada, Cortez y León",tejada989.com.mx,tejada989,SMB,Educación,Basico,Querétaro,Jorge Ibarra,2023-02-19,6386.00,crm,high,6386.00,MXN,,active,2024-08,10,9.84,17,0.026890,2024-06,computed,2,0,5.00,Organic,6386.00,1.0.0,2024-08-31
78fc9da31292,HS-100323,ACC-2322,cus_100322,T1,Olivares S.C.,olivares988.com.mx,olivares988,Mid-Market,Manufactura,Pro,Yucatán,Jorge Ibarra,2022-12-31,14175.00,crm,high,14175.00,MXN,,active,2024-08,35,38.57,19,-0.065562,2024-06,computed,3,0,2.00,Evento,0.00,1.0.0,2024-08-31
790c661f3ba2,HS-100258,ACC-2257,cus_100257,T1,Laboratorios Montaño y Carvajal,laboratorios180.com.mx,laboratorios180,Mid-Market,Automotriz,Pro,Nuevo León,Luis Peña,2024-01-23,448144.00,crm,high,24224.00,USD,,active,2024-08,65,58.12,6,-0.010368,2024-06,computed,5,0,2.50,Webinar,5377728.00,1.0.0,2024-08-31
793be83a3632,HS-100005,ACC-2004,cus_100004,T1,Club Jasso y Puente,club433.com.mx,club433,SMB,Agroindustria,Basico,Jalisco,Ana Ruiz,2022-09-11,4787.00,crm,high,4787.00,MXN,2023-10-20,churned,2023-10,1,6.57,12,-0.253989,2023-08,computed,3,1,3.50,Webinar,0.00,1.0.0,2024-08-31
794d03d90ea6,HS-100087,ACC-2086,cus_100086,T2,Rosas-Varela,rosasvarela500.com.mx,rosasvarela500,Mid-Market,Construcción,Pro,Guanajuato,Jorge Ibarra,2022-08-08,17943.00,crm,high,17943.00,MXN,,active,2024-08,35,38.54,22,-0.110938,2024-06,computed,1,0,4.00,Outbound SDR,17943.00,1.0.0,2024-08-31
7964d8b4df3d,HS-100549,ACC-2548,cus_100548,T1,Varela-Gallegos,varelagalleg130.com.mx,varelagalleg130,SMB,Construcción,Basico,Puebla,Jorge Ibarra,2023-09-25,2349.00,crm,high,2349.00,MXN,,active,2024-08,2,2.58,10,-0.057789,2024-06,computed,2,0,3.00,Webinar,0.00,1.0.0,2024-08-31
79adf7e6a753,HS-100395,ACC-2394,cus_100394,T1,Laboratorios Olivares-Castro,laboratorios158.com.mx,laboratorios158,SMB,Logística,Basico,Jalisco,Marta Díaz,2023-01-01,5112.00,crm,high,5112.00,MXN,,active,2024-08,9,8.70,18,0.048587,2024-06,computed,3,0,5.00,Webinar,5112.00,1.0.0,2024-08-31
79b0014ab30f,HS-100486,ACC-2485,cus_100485,T1,Club Nieto-Gaona,club336.com.mx,club336,Enterprise,Logística,Premium,Sonora,Marta Díaz,2023-12-16,57933.00,crm,high,57933.00,MXN,2024-04-05,churned,2024-04,35,95.00,3,-0.128234,2024-02,computed,1,0,1.00,Paid Search,57933.00,1.0.0,2024-08-31
79cd2764ab4f,HS-100455,ACC-2454,cus_100454,T1,Proyectos Frías-Sánchez,proyectos896.com.mx,proyectos896,SMB,Tecnología,Basico,Guanajuato,Ana Ruiz,2022-06-14,4244.00,crm,high,4244.00,MXN,,active,2024-08,4,3.58,22,-0.092164,2024-06,computed,2,0,4.50,Referral,0.00,1.0.0,2024-08-31
79d3b0680edc,HS-100059,ACC-2058,cus_100058,T1,Despacho Escobar-Soto,despacho822.com.mx,despacho822,SMB,Educación,Basico,CDMX,Jorge Ibarra,2022-06-30,7487.00,crm,high,7487.00,MXN,2022-12-17,churned,2022-12,1,2.50,2,,2022-10,insufficient_history,3,0,4.00,Organic,7487.00,1.0.0,2024-08-31
79dd57fbb9d2,HS-100104,ACC-2103,cus_100103,T1,"Club Villalobos, Rentería y Quintana",club769.com.mx,club769,SMB,Construcción,Basico,CDMX,Marta Díaz,2022-11-24,5806.00,crm,high,5806.00,MXN,,active,2024-08,15,13.77,20,0.033332,2024-06,computed,1,0,,Partner,0.00,1.0.0,2024-08-31
7a2060655ae1,HS-100367,ACC-2366,cus_100366,T1,"Maestas, de la Garza y Aragón",maestas619.com.mx,maestas619,Enterprise,Agroindustria,Premium,Guanajuato,Carla Nuñez,2022-11-30,53993.00,crm,high,53993.00,MXN,,active,2024-08,157,171.14,20,0.027093,2024-06,computed,5,0,4.00,Webinar,0.00,1.0.0,2024-08-31
7a37e35fc015,HS-100404,ACC-2403,cus_100403,T2,"Márquez, Adame y Cepeda",márquez390.com.mx,marquez390,Mid-Market,Hospitalidad,Pro,Sonora,Diego Ortega,2022-04-26,19798.00,crm,high,19798.00,MXN,,active,2024-08,26,22.08,22,0.028310,2024-06,computed,4,0,2.00,Paid Search,0.00,1.0.0,2024-08-31
7a3a0e83d9f6,HS-100504,ACC-2503,cus_100503,T1,Baeza S.A. de C.V.,baeza601.com.mx,baeza601,Mid-Market,Hospitalidad,Pro,Yucatán,Luis Peña,2022-09-10,11457.00,crm,high,11457.00,MXN,,active,2024-08,23,27.58,22,0.065255,2024-06,computed,6,0,3.00,Referral,0.00,1.0.0,2024-08-31
7a5802bb88f1,HS-100133,ACC-2132,cus_100132,T1,"Serrato, Acosta y Granados",serrato422.com.mx,serrato422,SMB,Salud,Basico,Chihuahua,Jorge Ibarra,2023-07-11,7682.00,crm,high,7682.00,MXN,,active,2024-08,13,10.79,12,0.004393,2024-06,computed,1,1,3.00,Webinar,0.00,1.0.0,2024-08-31
7b530221112a,HS-100304,ACC-2303,cus_100303,T2,Guzmán-Salcido,guzmánsalcid47.com.mx,guzmansalcid47,Mid-Market,Manufactura,Pro,Chihuahua,Jorge Ibarra,2023-03-28,13490.00,crm,high,13490.00,MXN,,active,2024-08,48,44.28,16,-0.006748,2024-06,computed,5,0,2.33,Webinar,0.00,1.0.0,2024-08-31
7c22a127f33f,HS-100176,ACC-2175,cus_100175,T1,"Grupo Patiño, Huerta y Tafoya",grupo465.com.mx,grupo465,SMB,Educación,Basico,Nuevo León,Fernanda Solís,2022-02-23,5039.00,crm,high,5039.00,MXN,,active,2024-08,10,8.79,22,-0.022757,2024-06,computed,1,0,,Webinar,0.00,1.0.0,2024-08-31
7c49bd17517b,HS-100021,ACC-2020,cus_100020,T1,Rivera y Frías y Asociados,rivera781.com.mx,rivera781,Mid-Market,Servicios Financieros,Pro,Querétaro,Fernanda Solís,2024-05-16,25635.00,imputed_from_deal,medium,,MXN,,active,2024-08,39,47.50,2,,2024-06,insufficient_history,4,0,2.00,Outbound SDR,0.00,1.0.0,2024-08-31
7c71e1e60120,HS-100594,ACC-2593,cus_100593,T1,Grupo Urías-Romero,grupo169.com.mx,grupo169,SMB,Construcción,Basico,Nuevo León,Fernanda Solís,2022-05-23,8651.00,crm,high,8651.00,MXN,,active,2024-08,11,9.46,22,-0.024310,2024-06,computed,2,0,3.50,Organic,0.00,1.0.0,2024-08-31
7c99b8a3ebf7,HS-100392,ACC-2391,cus_100391,T1,"Corporacin Merino, Orosco y Jaimes",corporacin993.com.mx,corporacin993,SMB,Educación,Basico,Yucatán,Diego Ortega,2024-04-15,8336.00,crm,high,8336.00,MXN,,active,2024-08,16,14.40,3,-0.022791,2024-06,computed,0,0,,Outbound SDR,0.00,1.0.0,2024-08-31
7c9b0514c9d6,HS-100132,ACC-2131,cus_100131,T1,Lebrón-Alonso S.A.,lebrónalonso482.com.mx,lebronalonso482,SMB,Retail,Basico,Nuevo León,Ana Ruiz,2024-01-20,4850.00,crm,high,4850.00,MXN,,active,2024-08,13,12.38,6,-0.033572,2024-06,computed,2,0,3.50,Outbound SDR,0.00,1.0.0,2024-08-31
7cd86d7f8789,HS-100574,ACC-2573,cus_100573,T1,Vera-Maya A.C.,veramaya284.com.mx,veramaya284,Mid-Market,Salud,Pro,Querétaro,Fernanda Solís,2022-06-27,19654.00,crm,high,19654.00,MXN,,active,2024-08,34,45.12,22,-0.000256,2024-06,computed,6,2,3.00,Paid Search,0.00,1.0.0,2024-08-31
7cf052e41458,HS-100227,ACC-2226,cus_100226,T1,"Berríos, Carranza y Nazario",berríos725.com.mx,berrios725,Enterprise,Construcción,Premium,Guanajuato,Luis Peña,2024-06-05,62345.00,crm,high,62345.00,MXN,,active,2024-08,73,74.67,1,,2024-06,insufficient_history,1,0,4.00,Outbound SDR,0.00,1.0.0,2024-08-31
7d5032d842ab,HS-100201,ACC-2200,cus_100200,T1,Grupo Arellano-Luna,grupo629.com.mx,grupo629,Mid-Market,Hospitalidad,Pro,Querétaro,Fernanda Solís,2023-06-11,27243.00,crm,high,27243.00,MXN,,active,2024-08,32,32.47,13,-0.038807,2024-06,computed,5,1,3.00,Evento,27243.00,1.0.0,2024-08-31
7d7c2ceb2e92,HS-100229,ACC-2228,cus_100228,T1,"Industrias Ríos, Saucedo y Salcido",industrias809.com.mx,industrias809,Enterprise,Manufactura,Premium,Estado de México,Carla Nuñez,2024-05-17,387828.00,imputed_from_deal,medium,,MXN,,active,2024-08,279,246.50,2,,2024-06,insufficient_history,5,1,3.25,Outbound SDR,0.00,1.0.0,2024-08-31
7df9e48b2cc4,HS-100353,ACC-2352,cus_100352,T1,"Proyectos Saldivar, Tejeda y de la Torre",proyectos69.com.mx,proyectos69,Mid-Market,Construcción,Pro,CDMX,Fernanda Solís,2024-05-12,186850.00,crm,high,10100.00,USD,,active,2024-08,18,16.00,2,,2024-06,insufficient_history,4,0,3.75,Referral,0.00,1.0.0,2024-08-31
7e3cff38400b,HS-100583,ACC-2582,cus_100582,T1,Industrias Mares y López,industrias55.com.mx,industrias55,SMB,Alimentos,Basico,Jalisco,Carla Nuñez,2024-02-02,7196.00,crm,high,7196.00,MXN,,active,2024-08,7,8.00,5,0.029511,2024-06,computed,0,0,,Evento,0.00,1.0.0,2024-08-31
7ecb5a47e4a1,HS-100540,ACC-2539,cus_100539,T2,Hernádez y Córdova S. R.L. de C.V.,hernádez205.com.mx,hernadez205,SMB,Alimentos,Basico,Yucatán,Ana Ruiz,2023-09-20,2794.00,crm,high,2794.00,MXN,2024-02-01,churned,2024-02,1,7.50,4,-0.130672,2023-12,computed,1,0,4.00,Outbound SDR,0.00,1.0.0,2024-08-31
7ed9ffed0ce9,HS-100020,ACC-2019,cus_100019,T1,"Espinosa, Valdez y Tamez",espinosa349.com.mx,espinosa349,SMB,Automotriz,Basico,Querétaro,Fernanda Solís,2022-02-15,2913.00,crm,high,2913.00,MXN,2022-04-19,churned,2022-04,,,0,,2022-02,no_usage,2,0,5.00,Evento,0.00,1.0.0,2024-08-31
7efaa9165fad,HS-100265,ACC-2264,cus_100264,T1,Ferrer-Vallejo,ferrervallej301.com.mx,ferrervallej301,Mid-Market,Servicios Financieros,Pro,Querétaro,Marta Díaz,2023-11-07,12361.00,crm,high,12361.00,MXN,,active,2024-08,43,46.50,8,-0.010942,2024-06,computed,1,0,2.00,Webinar,0.00,1.0.0,2024-08-31
7efd4b9f1c59,HS-100310,ACC-2309,cus_100309,T1,"Carreón, Alonso y Castellanos",carreón175.com.mx,carreon175,SMB,Alimentos,Basico,CDMX,Luis Peña,2022-08-23,6294.00,crm,high,6294.00,MXN,,active,2024-08,12,12.42,22,0.039261,2024-06,computed,0,0,,Referral,6294.00,1.0.0,2024-08-31
7fb38f9e61ff,HS-100562,ACC-2561,cus_100561,T1,"Mejía, Paredes y Vargas",mejía68.com.mx,mejia68,SMB,Tecnología,Basico,Puebla,Luis Peña,2023-08-13,4548.00,crm,high,4548.00,MXN,2023-10-26,churned,2023-10,0,1.00,1,,2023-08,insufficient_history,4,1,3.00,Partner,0.00,1.0.0,2024-08-31
800f2eb56933,HS-100030,ACC-2029,cus_100029,T1,García S. R.L. de C.V.,garcía527.com.mx,garcia527,SMB,Retail,Basico,Nuevo León,Carla Nuñez,2024-02-08,3949.00,imputed_from_deal,medium,,MXN,,active,2024-08,9,7.57,5,0.033517,2024-06,computed,1,0,3.00,Referral,0.00,1.0.0,2024-08-31
8018f473b454,HS-100512,ACC-2511,cus_100511,T1,Despacho Olivárez y Toro,despacho277.com.mx,despacho277,SMB,Educación,Basico,Querétaro,Ana Ruiz,2022-02-11,3473.00,crm,high,3473.00,MXN,,active,2024-08,5,4.46,22,0.012681,2024-06,computed,6,1,2.33,Evento,0.00,1.0.0,2024-08-31
80297dea2bcb,HS-100260,ACC-2259,cus_100259,T1,"Despacho de la Torre, Pichardo y Robledo",despacho324.com.mx,despacho324,SMB,Manufactura,Basico,Yucatán,Carla Nuñez,2023-08-01,4540.00,crm,high,4540.00,MXN,,active,2024-08,13,12.62,11,-0.008369,2024-06,computed,0,0,,Partner,0.00,1.0.0,2024-08-31
809d0342d4ed,HS-100641,ACC-2640,cus_100640,T1,Rolón S.A. de C.V.,rolón110.com.mx,rolon110,SMB,Servicios Financieros,Basico,Querétaro,Luis Peña,2023-05-25,40829.50,crm,high,2207.00,USD,2023-08-21,churned,2023-08,1,5.00,2,,2023-06,insufficient_history,1,0,4.00,Outbound SDR,40829.50,1.0.0,2024-08-31
811e0b829afa,HS-100166,ACC-2165,cus_100165,T1,Soto-Canales,sotocanales750.com.mx,sotocanales750,Mid-Market,Salud,Pro,Estado de México,Fernanda Solís,2024-03-31,11953.00,crm,high,11953.00,MXN,,active,2024-08,25,28.33,4,0.033380,2024-06,computed,6,0,1.50,Outbound SDR,0.00,1.0.0,2024-08-31
81215df16b9d,HS-100527,ACC-2526,cus_100526,T1,"Grupo Lira, Maya y Vera",grupo655.com.mx,grupo655,SMB,Construcción,Basico,Jalisco,Marta Díaz,2022-09-14,6632.00,crm,high,6632.00,MXN,,active,2024-08,8,7.54,22,-0.023032,2024-06,computed,3,0,2.00,Evento,0.00,1.0.0,2024-08-31
82912c9a4458,HS-100368,ACC-2367,cus_100367,T1,Proyectos Soliz y Trejo,proyectos390.com.mx,proyectos390,Enterprise,Logística,Premium,Guanajuato,Marta Díaz,2024-06-22,70514.00,crm,high,70514.00,MXN,,active,2024-08,196,195.00,1,,2024-06,insufficient_history,4,0,3.50,Partner,0.00,1.0.0,2024-08-31
82b3be1a7259,HS-100019,ACC-2018,cus_100018,T1,Laboratorios Ulibarri-Duarte,laboratorios882.com.mx,laboratorios882,SMB,Servicios Financieros,Basico,Querétaro,Diego Ortega,2022-11-21,2094.00,crm,high,2094.00,MXN,,active,2024-08,2,2.50,20,0.058126,2024-06,computed,2,0,4.00,Organic,0.00,1.0.0,2024-08-31
835f374d427c,HS-100569,ACC-2568,cus_100568,T1,Batista-Hernádez S.A. de C.V.,batistaherná10.com.mx,batistaherna10,Enterprise,Automotriz,Premium,CDMX,Diego Ortega,2024-02-01,70426.00,crm,high,70426.00,MXN,,active,2024-08,113,119.00,5,-0.025568,2024-06,computed,3,0,4.00,Referral,0.00,1.0.0,2024-08-31
838250379fa3,HS-100333,ACC-2332,cus_100332,T1,Colón-Peña S.C.,colónpeña686.com.mx,colonpena686,SMB,Educación,Basico,CDMX,Luis Peña,2023-08-29,2781.00,crm,high,2781.00,MXN,,active,2024-08,3,3.69,11,-0.032970,2024-06,computed,2,0,2.00,Evento,0.00,1.0.0,2024-08-31
840d8a53bce8,HS-100043,ACC-2042,cus_100042,T1,Laboratorios Caldera-Arredondo,laboratorios123.com.mx,laboratorios123,SMB,Educación,Basico,Jalisco,Carla Nuñez,2022-01-11,6666.00,crm,high,6666.00,MXN,,active,2024-08,7,6.42,22,0.004137,2024-06,computed,2,0,4.00,Outbound SDR,0.00,1.0.0,2024-08-31
8425a0e965c5,HS-100556,ACC-2555,cus_100555,T1,Corporacin Porras-Regalado,corporacin711.com.mx,corporacin711,SMB,Automotriz,Basico,Puebla,Marta Díaz,2024-03-17,5290.00,crm,high,5290.00,MXN,,active,2024-08,8,10.00,4,0.074727,2024-06,computed,2,0,3.00,Referral,0.00,1.0.0,2024-08-31
84b433c4b3b9,HS-100177,ACC-2176,cus_100176,T1,Proyectos Ramos y Cazares,proyectos671.com.mx,proyectos671,Mid-Market,Educación,Pro,CDMX,Marta Díaz,2023-07-13,463129.00,crm,high,25034.00,USD,,active,2024-08,14,14.57,12,-0.023229,2024-06,computed,7,1,2.60,Evento,0.00,1.0.0,2024-08-31
850c889b188c,HS-100563,ACC-2562,cus_100562,T1,Quintanilla y Soto S.A. de C.V.,quintanilla858.com.mx,quintanilla858,SMB,Construcción,Basico,Puebla,Marta Díaz,2023-08-09,2472.00,crm,high,2472.00,MXN,,active,2024-08,8,8.77,11,0.053498,2024-06,computed,3,0,4.00,Partner,0.00,1.0.0,2024-08-31
868d321ac39e,HS-100225,ACC-2224,cus_100224,T1,de Jesús y Campos y Asociados,de931.com.mx,de931,SMB,Alimentos,Basico,Nuevo León,Carla Nuñez,2023-12-08,8634.00,crm,high,8634.00,MXN,2024-06-06,churned,2024-06,1,5.43,5,-0.204563,2024-04,computed,1,0,3.00,Paid Search,0.00,1.0.0,2024-08-31
869eab90ae45,HS-100241,ACC-2240,cus_100240,T1,Grupo Longoria-Velázquez,grupo541.com.mx,grupo541,Enterprise,Servicios Financieros,Premium,Nuevo León,Carla Nuñez,2022-07-30,81535.00,crm,high,81535.00,MXN,,active,2024-08,200,184.33,22,0.015904,2024-06,computed,3,0,3.33,Evento,0.00,1.0.0,2024-08-31
8740e47ba5df,HS-100299,ACC-2298,cus_100298,T1,León y Becerra S.A. de C.V.,león550.com.mx,leon550,Mid-Market,Logística,Pro,Guanajuato,Marta Díaz,2024-06-17,12522.00,crm,high,12522.00,MXN,,active,2024-08,49,50.67,1,,2024-06,insufficient_history,3,0,2.00,Referral,0.00,1.0.0,2024-08-31
87418077620e,HS-100263,ACC-2262,cus_100262,T1,Industrias Bétancourt y Sisneros,industrias348.com.mx,industrias348,SMB,Educación,Basico,Chihuahua,Diego Ortega,2022-11-04,3530.00,crm,high,3530.00,MXN,,active,2024-08,7,8.18,20,-0.003979,2024-06,computed,1,0,4.00,Organic,0.00,1.0.0,2024-08-31
87428c0f5a32,HS-100497,ACC-2496,cus_100496,T1,Club Ávila y Trujillo,club367.com.mx,club367,Mid-Market,Servicios Financieros,Pro,Jalisco,Marta Díaz,2022-10-02,15803.00,crm,high,15803.00,MXN,,active,2024-08,20,24.00,21,-0.003525,2024-06,computed,4,1,2.67,Paid Search,0.00,1.0.0,2024-08-31
87653c642368,HS-100089,ACC-2088,cus_100088,T1,Muñiz y Cedillo y Asociados,muñiz547.com.mx,muniz547,Enterprise,Hospitalidad,Premium,Jalisco,Ana Ruiz,2022-09-12,66790.00,crm,high,66790.00,MXN,,active,2024-08,173,209.75,22,-0.034158,2024-06,computed,3,0,3.00,Outbound SDR,0.00,1.0.0,2024-08-31
879a22cf656a,HS-100382,ACC-2381,cus_100381,T1,Batista S.C.,batista579.com.mx,batista579,Mid-Market,Alimentos,Pro,Jalisco,Diego Ortega,2024-02-16,16400.00,crm,high,16400.00,MXN,,active,2024-08,32,32.43,5,-0.000034,2024-06,computed,6,0,2.25,Outbound SDR,0.00,1.0.0,2024-08-31
87ff09647766,HS-100463,ACC-2462,cus_100462,T1,Club Toro y Tafoya,club454.com.mx,club454,Mid-Market,Automotriz,Pro,Estado de México,Carla Nuñez,2023-08-01,11840.00,crm,high,11840.00,MXN,2023-12-02,churned,2023-12,2,8.60,3,-0.107713,2023-10,computed,5,1,2.50,Organic,11840.00,1.0.0,2024-08-31
887b2c1a1380,HS-100539,ACC-2538,cus_100538,T1,Laboratorios Sandoval-Tijerina,laboratorios4.com.mx,laboratorios4,SMB,Salud,Basico,Sonora,Fernanda Solís,2022-11-24,5502.00,crm,high,5502.00,MXN,,active,2024-08,8,6.36,20,0.057476,2024-06,computed,1,0,1.00,Evento,0.00,1.0.0,2024-08-31
88a8efcac170,HS-100047,ACC-2046,cus_100046,T1,Despacho Fonseca-Toro,despacho551.com.mx,despacho551,SMB,Retail,Basico,Jalisco,Marta Díaz,2024-04-24,3746.00,crm,high,3746.00,MXN,,active,2024-08,3,3.40,3,0.011480,2024-06,computed,3,0,4.50,Referral,3746.00,1.0.0,2024-08-31
88cf09ccad92,HS-100499,ACC-2498,cus_100498,T1,"Industrias Juárez, Portillo y Serrano",industrias856.com.mx,industrias856,Enterprise,Construcción,Premium,Estado de México,Marta Díaz,2023-07-12,33977.00,crm,high,33977.00,MXN,,active,2024-08,74,85.00,12,-0.006929,2024-06,computed,2,0,5.00,Webinar,0.00,1.0.0,2024-08-31
890c3cae550f,HS-100035,ACC-2034,cus_100034,T1,"Aponte, Bueno y Orosco",aponte256.com.mx,aponte256,Enterprise,Alimentos,Premium,Jalisco,Carla Nuñez,2024-01-13,80954.00,crm,high,80954.00,MXN,,active,2024-08,91,120.12,6,0.015325,2024-06,computed,4,0,2.33,Organic,0.00,1.0.0,2024-08-31
89399b82116c,HS-100170,ACC-2169,cus_100169,T1,Valenzuela-Rodríquez,valenzuelaro742.com.mx,valenzuelaro742,Mid-Market,Automotriz,Pro,Jalisco,Marta Díaz,2023-01-19,22022.00,crm,high,22022.00,MXN,,active,2024-08,53,57.15,18,-0.017223,2024-06,computed,4,0,4.00,Evento,0.00,1.0.0,2024-08-31
89c4b5ff4a9f,HS-100445,ACC-2444,cus_100444,T1,"Bueno, Dávila y Sáenz",bueno835.com.mx,bueno835,Mid-Market,Automotriz,Pro,Querétaro,Ana Ruiz,2022-12-06,13442.00,crm,high,13442.00,MXN,,active,2024-08,18,16.81,19,0.018750,2024-06,computed,6,0,3.00,Referral,13442.00,1.0.0,2024-08-31
89d3af7bfbf6,HS-100479,ACC-2478,cus_100478,T1,Industrias Gurule-Holguín,industrias270.com.mx,industrias270,Enterprise,Retail,Premium,Chihuahua,Jorge Ibarra,2023-02-11,69125.00,crm,high,69125.00,MXN,,active,2024-08,102,94.63,17,0.015081,2024-06,computed,7,1,4.00,Paid Search,0.00,1.0.0,2024-08-31
8a087810c878,HS-100224,ACC-2223,cus_100223,T2,"Peres, Contreras y Valdez",peres609.com.mx,peres609,SMB,Hospitalidad,Basico,CDMX,Diego Ortega,2023-08-14,6153.00,crm,high,6153.00,MXN,,active,2024-08,15,14.54,11,0.092594,2024-06,computed,2,1,4.50,Webinar,0.00,1.0.0,2024-08-31
8a1b676db0e4,HS-100433,ACC-2432,cus_100432,T1,"Duarte, Guillen y Gaona",duarte55.com.mx,duarte55,Mid-Market,Hospitalidad,Pro,Estado de México,Diego Ortega,2023-09-08,9314.00,crm,high,9314.00,MXN,,active,2024-08,41,40.58,10,-0.062836,2024-06,computed,3,0,3.00,Referral,0.00,1.0.0,2024-08-31
8a377898dd91,HS-100362,ACC-2361,cus_100361,T1,"Grupo Armas, Matías y Cruz",grupo209.com.mx,grupo209,Mid-Market,Logística,Pro,Jalisco,Marta Díaz,2024-03-15,11590.00,crm,high,11590.00,MXN,,active,2024-08,52,52.33,4,0.031504,2024-06,computed,2,0,3.00,Organic,0.00,1.0.0,2024-08-31
8aace75b998d,HS-100642,ACC-2641,cus_100641,T1,Muñiz-Pelayo,muñizpelayo294.com.mx,munizpelayo294,SMB,Tecnología,Basico,Querétaro,Fernanda Solís,2024-05-16,7598.00,imputed_from_deal,medium,,MXN,,active,2024-08,12,10.50,2,,2024-06,insufficient_history,1,0,2.00,Organic,0.00,1.0.0,2024-08-31
8ab5e8824094,HS-100453,ACC-2452,cus_100452,T1,Madrid S.A.,madrid102.com.mx,madrid102,SMB,Manufactura,Basico,Yucatán,Jorge Ibarra,2023-03-29,7129.00,crm,high,7129.00,MXN,2023-08-16,churned,2023-08,0,3.33,4,-0.220950,2023-06,computed,1,0,3.00,Referral,0.00,1.0.0,2024-08-31
8c5f19b3b0d6,HS-100069,ACC-2068,cus_100068,T1,"Despacho Amaya, Arevalo y Reyna",despacho303.com.mx,despacho303,SMB,Agroindustria,Basico,Nuevo León,Jorge Ibarra,2024-02-01,6541.00,crm,high,6541.00,MXN,,active,2024-08,7,6.43,5,0.017631,2024-06,computed,5,0,3.00,Partner,0.00,1.0.0,2024-08-31
8d5d932b0f9b,HS-100415,ACC-2414,cus_100414,T1,"Paz, Aguirre y Velásquez",paz989.com.mx,paz989,Mid-Market,Salud,Pro,Chihuahua,Luis Peña,2023-05-27,23105.00,crm,high,23105.00,MXN,2023-12-05,churned,2023-12,5,23.00,6,-0.144992,2023-10,computed,4,0,4.33,Organic,0.00,1.0.0,2024-08-31
8d7b0e3ccc06,HS-100181,ACC-2180,cus_100180,T1,Naranjo S.A. de C.V.,naranjo655.com.mx,naranjo655,SMB,Automotriz,Basico,Nuevo León,Luis Peña,2022-02-10,6891.00,crm,high,6891.00,MXN,,active,2024-08,10,9.17,22,-0.000572,2024-06,computed,2,0,3.00,Partner,0.00,1.0.0,2024-08-31
8dc56996e31a,HS-100029,ACC-2028,cus_100028,T1,Villagómez-de Jesús e Hijos,villagómezde8.com.mx,villagomezde8,Mid-Market,Construcción,Pro,Guanajuato,Diego Ortega,2023-11-11,10929.00,crm,high,10929.00,MXN,2024-01-18,churned,2024-01,6,8.00,1,,2023-11,insufficient_history,2,0,3.00,Webinar,0.00,1.0.0,2024-08-31
8dfb642a97d7,HS-100329,ACC-2328,cus_100328,T1,Delgado y Asociados,delgado911.com.mx,delgado911,SMB,Alimentos,Basico,Jalisco,Diego Ortega,2022-10-09,3099.00,crm,high,3099.00,MXN,,active,2024-08,11,10.22,21,0.009777,2024-06,computed,1,0,1.00,Organic,0.00,1.0.0,2024-08-31
8e811d2dc5a1,HS-100039,ACC-2038,cus_100038,T1,Enríquez-Olivárez,enríquezoliv714.com.mx,enriquezoliv714,Mid-Market,Educación,Pro,Puebla,Luis Peña,2022-01-08,27211.00,crm,high,27211.00,MXN,,active,2024-08,27,28.92,22,0.023210,2024-06,computed,2,0,2.00,Referral,0.00,1.0.0,2024-08-31
8ee34a42dee7,HS-100374,ACC-2373,cus_100373,T1,Lira y Barrera S.A. de C.V.,lira173.com.mx,lira173,Mid-Market,Alimentos,Pro,Yucatán,Carla Nuñez,2023-11-22,20540.00,crm,high,20540.00,MXN,,active,2024-08,40,41.70,8,0.039361,2024-06,computed,1,0,2.00,Partner,0.00,1.0.0,2024-08-31
8fcd350ed2a1,HS-100151,ACC-2150,cus_100150,T1,Muñoz A.C.,muñoz710.com.mx,munoz710,Enterprise,Hospitalidad,Premium,Chihuahua,Fernanda Solís,2023-08-06,83821.00,crm,high,83821.00,MXN,,active,2024-08,220,248.00,11,0.008486,2024-06,computed,5,0,4.25,Outbound SDR,0.00,1.0.0,2024-08-31
8fd0cb9bb127,HS-100136,ACC-2135,cus_100135,T1,Marín-Pérez,marínpérez638.com.mx,marinperez638,SMB,Salud,Basico,Puebla,Ana Ruiz,2022-07-22,8196.00,crm,high,8196.00,MXN,,active,2024-08,3,2.42,22,-0.026492,2024-06,computed,0,0,,Evento,98352.00,1.0.0,2024-08-31
8fd23f99086a,HS-100292,ACC-2291,cus_100291,T1,Laureano-Gil,laureanogil349.com.mx,laureanogil349,SMB,Construcción,Basico,Guanajuato,Marta Díaz,2024-03-25,6969.00,crm,high,6969.00,MXN,,active,2024-08,5,5.17,4,0.036447,2024-06,computed,0,0,,Evento,0.00,1.0.0,2024-08-31
91406719f00e,HS-100612,ACC-2611,cus_100611,T1,Soria-Heredia,soriaheredia427.com.mx,soriaheredia427,Mid-Market,Retail,Pro,Nuevo León,Jorge Ibarra,2022-07-27,24816.00,crm,high,24816.00,MXN,,active,2024-08,64,60.08,22,0.067239,2024-06,computed,2,0,3.00,Outbound SDR,24816.00,1.0.0,2024-08-31
92b7a8a7cdc7,HS-100185,ACC-2184,cus_100184,T1,"Grupo Castellanos, Loya y Tamayo",grupo367.com.mx,grupo367,SMB,Manufactura,Basico,Querétaro,Luis Peña,2023-07-25,8471.00,crm,high,8471.00,MXN,,active,2024-08,6,4.50,12,-0.073033,2024-06,computed,4,1,3.00,Paid Search,0.00,1.0.0,2024-08-31
92f4e669bfdd,HS-100554,ACC-2553,cus_100553,T1,Laboratorios Olivárez-Camarillo,laboratorios902.com.mx,laboratorios902,Mid-Market,Servicios Financieros,Pro,Sonora,Jorge Ibarra,2023-11-28,22464.00,crm,high,22464.00,MXN,,active,2024-08,52,53.60,8,-0.027309,2024-06,computed,3,0,2.67,Partner,0.00,1.0.0,2024-08-31
935a1d29de57,HS-100314,ACC-2313,cus_100313,T1,Centeno-Sandoval S.A. de C.V.,centenosando386.com.mx,centenosando386,Enterprise,Servicios Financieros,Premium,Chihuahua,Marta Díaz,2022-04-09,58124.00,crm,high,58124.00,MXN,,active,2024-08,270,242.00,22,-0.007829,2024-06,computed,6,2,4.67,Paid Search,58124.00,1.0.0,2024-08-31
937eb80b0184,HS-100633,ACC-2632,cus_100632,T1,Proyectos Carreón-Tijerina,proyectos947.com.mx,proyectos947,SMB,Alimentos,Basico,Nuevo León,Fernanda Solís,2024-01-01,6164.00,crm,high,6164.00,MXN,,active,2024-08,12,13.62,6,0.040276,2024-06,computed,0,0,,Paid Search,0.00,1.0.0,2024-08-31
9382f00dc8c8,HS-100389,ACC-2388,cus_100388,T1,Segovia y Esquivel S.A. de C.V.,segovia855.com.mx,segovia855,Mid-Market,Hospitalidad,Pro,Estado de México,Marta Díaz,2022-01-14,21751.00,crm,high,21751.00,MXN,,active,2024-08,21,24.04,22,-0.058934,2024-06,computed,1,0,2.00,Referral,21751.00,1.0.0,2024-08-31
93d4f5b861a3,HS-100478,ACC-2477,cus_100477,T1,Luevano y Lucero S.A.,luevano908.com.mx,luevano908,Mid-Market,Agroindustria,Pro,Chihuahua,Marta Díaz,2022-03-12,9961.00,crm,high,9961.00,MXN,,active,2024-08,38,42.83,22,0.020701,2024-06,computed,3,0,2.00,Organic,0.00,1.0.0,2024-08-31
93f094f73363,HS-100365,ACC-2364,cus_100364,T1,Ávalos S.C.,ávalos491.com.mx,avalos491,Enterprise,Construcción,Premium,Puebla,Ana Ruiz,2023-03-16,47869.00,crm,high,47869.00,MXN,,active,2024-08,156,204.61,16,-0.000983,2024-06,computed,2,1,2.00,Referral,0.00,1.0.0,2024-08-31
9407c3c1d5b4,HS-100231,ACC-2230,cus_100230,T2,"Club Valdés, Oquendo y Alcántar",club991.com.mx,club991,Mid-Market,Logística,Pro,Querétaro,Ana Ruiz,2024-02-06,21843.00,crm,high,21843.00,MXN,,active,2024-08,17,18.00,5,-0.025318,2024-06,computed,4,0,2.00,Webinar,0.00,1.0.0,2024-08-31
945c463e27f5,HS-100567,ACC-2566,cus_100566,T1,Laboratorios Solano-Corrales,laboratorios29.com.mx,laboratorios29,SMB,Logística,Basico,Puebla,Diego Ortega,2023-03-05,5166.00,crm,high,5166.00,MXN,,active,2024-08,12,12.89,16,0.085982,2024-06,computed,2,0,5.00,Referral,0.00,1.0.0,2024-08-31
94be9c45cdf6,HS-100267,ACC-2266,cus_100266,T1,"Casanova, Portillo y Tamayo",casanova745.com.mx,casanova745,Mid-Market,Manufactura,Pro,CDMX,Diego Ortega,2023-09-13,23252.00,crm,high,23252.00,MXN,,active,2024-08,25,30.75,10,-0.091286,2024-06,computed,1,1,5.00,Referral,0.00,1.0.0,2024-08-31
953a1fa5f1e4,HS-100493,ACC-2492,cus_100492,T1,Menchaca-Suárez S.C.,menchacasuár840.com.mx,menchacasuar840,SMB,Automotriz,Basico,Nuevo León,Jorge Ibarra,2022-08-07,5230.00,crm,high,5230.00,MXN,,active,2024-08,6,5.50,22,-0.052342,2024-06,computed,0,0,,Webinar,0.00,1.0.0,2024-08-31
95b0e7ccdb63,HS-100281,ACC-2280,cus_100280,T1,Granado y Ponce y Asociados,granado129.com.mx,granado129,Enterprise,Retail,Premium,Guanajuato,Carla Nuñez,2024-03-01,57489.00,crm,high,57489.00,MXN,,active,2024-08,60,63.17,4,0.022434,2024-06,computed,6,2,3.75,Evento,0.00,1.0.0,2024-08-31
95d506c2c301,HS-100366,ACC-2365,cus_100365,T1,Villarreal y Robles S. R.L. de C.V.,villarreal986.com.mx,villarreal986,SMB,Construcción,Basico,Puebla,Jorge Ibarra,2022-07-03,8074.00,crm,high,8074.00,MXN,,active,2024-08,7,6.67,22,0.058503,2024-06,computed,3,2,5.00,Webinar,96888.00,1.0.0,2024-08-31
967e6f7023fc,HS-100523,ACC-2522,cus_100522,T1,"Corporacin Borrego, Torres y Lomeli",corporacin750.com.mx,corporacin750,Enterprise,Tecnología,Premium,Chihuahua,Fernanda Solís,2023-02-14,70544.00,imputed_from_deal,medium,,MXN,,active,2024-08,221,232.26,17,-0.071509,2024-06,computed,3,1,4.00,Organic,0.00,1.0.0,2024-08-31
9690176b3350,HS-100110,ACC-2109,cus_100109,T1,Brito-Alvarado,britoalvarad564.com.mx,britoalvarad564,SMB,Agroindustria,Basico,Querétaro,Marta Díaz,2022-08-26,4709.00,crm,high,4709.00,MXN,,active,2024-08,10,10.50,22,0.067796,2024-06,computed,2,0,1.50,Paid Search,56508.00,1.0.0,2024-08-31
97081fd75d7e,HS-100436,ACC-2435,cus_100435,T1,Laboy-Aguilar e Hijos,laboyaguilar282.com.mx,laboyaguilar282,Mid-Market,Manufactura,Pro,Sonora,Jorge Ibarra,2024-04-17,26616.00,crm,high,26616.00,MXN,,active,2024-08,48,44.80,3,-0.007662,2024-06,computed,4,0,2.25,Organic,0.00,1.0.0,2024-08-31
97ee9f62574c,HS-100581,ACC-2580,cus_100580,T2,Collazo-Negrón S.C.,collazonegró970.com.mx,collazonegro970,SMB,Tecnología,Basico,Querétaro,Luis Peña,2022-04-01,7568.00,crm,high,7568.00,MXN,2023-05-29,churned,2023-05,1,9.11,7,-0.181808,2023-03,computed,2,0,1.50,Webinar,0.00,1.0.0,2024-08-31
98aa01742131,HS-100565,ACC-2564,cus_100564,T1,Rubio y Saiz S.C.,rubio382.com.mx,rubio382,SMB,Construcción,Basico,Sonora,Jorge Ibarra,2022-09-30,6004.00,crm,high,6004.00,MXN,,active,2024-08,7,7.58,22,0.011481,2024-06,computed,0,0,,Evento,0.00,1.0.0,2024-08-31
98bbb9b1f4ec,HS-100634,ACC-2633,cus_100633,T1,"Regalado, Valverde y Lugo",regalado397.com.mx,regalado397,SMB,Retail,Basico,Sonora,Jorge Ibarra,2023-08-21,7386.00,crm,high,7386.00,MXN,,active,2024-08,13,13.38,11,-0.002197,2024-06,computed,2,1,4.00,Referral,0.00,1.0.0,2024-08-31
99340d33f3fb,HS-100037,ACC-2036,cus_100036,T1,Narváez-Rolón,narváezrolón417.com.mx,narvaezrolon417,SMB,Tecnología,Basico,Nuevo León,Ana Ruiz,2022-07-19,5978.00,crm,high,5978.00,MXN,,active,2024-08,4,4.38,22,-0.001119,2024-06,computed,1,0,4.00,Referral,0.00,1.0.0,2024-08-31
99787ccefdee,HS-100233,ACC-2232,cus_100232,T1,Club Aranda y Arroyo,club662.com.mx,club662,Mid-Market,Retail,Pro,Querétaro,Marta Díaz,2022-06-07,22874.00,crm,high,22874.00,MXN,,active,2024-08,32,34.04,22,0.005030,2024-06,computed,4,0,3.67,Referral,0.00,1.0.0,2024-08-31
99d92d07b60e,HS-100249,ACC-2248,cus_100248,T1,Club Alvarez-Ferrer,club963.com.mx,club963,Enterprise,Servicios Financieros,Premium,Puebla,Marta Díaz,2024-03-16,55738.00,crm,high,55738.00,MXN,,active,2024-08,249,251.50,4,0.017929,2024-06,computed,7,1,3.60,Organic,55738.00,1.0.0,2024-08-31
9a0d4f0c47f7,HS-100398,ACC-2397,cus_100397,T1,Grupo Armenta-Ledesma,grupo92.com.mx,grupo92,SMB,Manufactura,Basico,Guanajuato,Diego Ortega,2022-02-28,4899.00,crm,high,4899.00,MXN,,active,2024-08,12,10.67,22,-0.058135,2024-06,computed,3,0,4.00,Outbound SDR,0.00,1.0.0,2024-08-31
9a903bd17a09,HS-100051,ACC-2050,cus_100050,T1,Peña y Aguirre S.C.,peña279.com.mx,pena279,Enterprise,Tecnología,Premium,Querétaro,Fernanda Solís,2022-01-09,75029.00,crm,high,75029.00,MXN,,active,2024-08,241,252.88,22,0.051366,2024-06,computed,4,0,3.00,Webinar,0.00,1.0.0,2024-08-31
9aab1444c5d3,HS-100041,ACC-2040,cus_100040,T1,Iglesias-Prado A.C.,iglesiasprad52.com.mx,iglesiasprad52,SMB,Manufactura,Basico,Nuevo León,Carla Nuñez,2023-04-12,6785.00,crm,high,6785.00,MXN,,active,2024-08,15,13.59,15,-0.067826,2024-06,computed,0,0,,Referral,0.00,1.0.0,2024-08-31
9ae028b62042,HS-100277,ACC-2276,cus_100276,T1,Club de la Torre-Olivas,club727.com.mx,club727,Mid-Market,Agroindustria,Pro,Jalisco,Luis Peña,2022-01-19,14704.00,crm,high,14704.00,MXN,,active,2024-08,38,41.12,22,-0.036286,2024-06,computed,7,1,3.17,Partner,0.00,1.0.0,2024-08-31
9b86c5d697a4,HS-100242,ACC-2241,cus_100241,T1,Alemán-Palomino,alemánpalomi54.com.mx,alemanpalomi54,Enterprise,Logística,Premium,Chihuahua,Ana Ruiz,2023-08-12,85286.00,crm,high,85286.00,MXN,,active,2024-08,204,181.92,11,-0.072485,2024-06,computed,4,0,2.50,Organic,0.00,1.0.0,2024-08-31
9bf0ba4ae3b0,HS-100054,ACC-2053,cus_100053,T1,Club Soto-Solorio,club723.com.mx,club723,Enterprise,Servicios Financieros,Premium,Nuevo León,Fernanda Solís,2022-02-01,28633.00,crm,high,28633.00,MXN,,active,2024-08,83,79.50,22,-0.004364,2024-06,computed,5,0,3.00,Partner,0.00,1.0.0,2024-08-31
9c3ead02df0b,HS-100424,ACC-2423,cus_100423,T1,Limón y Vanegas A.C.,limón629.com.mx,limon629,SMB,Agroindustria,Basico,Puebla,Ana Ruiz,2022-07-27,3616.00,crm,high,3616.00,MXN,,active,2024-08,4,4.46,22,-0.091949,2024-06,computed,2,0,2.50,Paid Search,0.00,1.0.0,2024-08-31
9c83b29dabc8,HS-100588,ACC-2587,cus_100587,T2,Despacho Urrutia y Gollum,despacho630.com.mx,despacho630,SMB,Tecnología,Basico,Estado de México,Jorge Ibarra,2023-07-28,5552.00,crm,high,5552.00,MXN,,active,2024-08,13,14.07,12,0.010341,2024-06,computed,2,0,1.00,Webinar,66624.00,1.0.0,2024-08-31
9ce98b1e53c8,HS-100422,ACC-2421,cus_100421,T1,Alonso-Paredes S.C.,alonsoparede179.com.mx,alonsoparede179,Mid-Market,Servicios Financieros,Pro,Puebla,Jorge Ibarra,2023-08-19,14247.00,crm,high,14247.00,MXN,,active,2024-08,33,28.31,11,-0.037366,2024-06,computed,3,0,2.33,Referral,0.00,1.0.0,2024-08-31
9d663f9ec56a,HS-100408,ACC-2407,cus_100407,T1,"Grupo Quintanilla, Trejo y Batista",grupo185.com.mx,grupo185,SMB,Servicios Financieros,Basico,Puebla,Jorge Ibarra,2022-12-18,7584.00,crm,high,7584.00,MXN,,active,2024-08,3,2.52,19,-0.040790,2024-06,computed,3,0,2.50,Organic,0.00,1.0.0,2024-08-31
9d7de9537b7e,HS-100635,ACC-2634,cus_100634,T1,Rincón y Jaimes S.A. de C.V.,rincón781.com.mx,rincon781,SMB,Agroindustria,Basico,Yucatán,Marta Díaz,2024-04-17,4033.00,crm,high,4033.00,MXN,,active,2024-08,14,13.40,3,0.021375,2024-06,computed,3,0,1.00,Outbound SDR,0.00,1.0.0,2024-08-31
9d8fc5e5d801,HS-100207,ACC-2206,cus_100206,T1,"Madrigal, Pacheco y Malave",madrigal280.com.mx,madrigal280,SMB,Educación,Basico,Querétaro,Ana Ruiz,2024-01-12,3765.00,crm,high,3765.00,MXN,,active,2024-08,11,11.38,6,-0.031074,2024-06,computed,3,0,4.00,Referral,3765.00,1.0.0,2024-08-31
9de59d515b9f,HS-100649,ACC-2648,cus_100648,T1,Reséndez-Estévez S. R.L. de C.V.,reséndezesté182.com.mx,resendezeste182,Mid-Market,Alimentos,Pro,Chihuahua,Fernanda Solís,2022-08-25,211640.00,crm,high,11440.00,USD,,active,2024-08,58,56.00,22,0.034952,2024-06,computed,4,0,3.00,Evento,211640.00,1.0.0,2024-08-31
9e27ccf7896b,HS-100108,ACC-2107,cus_100107,T2,Santana y Asociados,santana812.com.mx,santana812,Mid-Market,Alimentos,Pro,Puebla,Fernanda Solís,2022-03-15,12049.00,crm,high,12049.00,MXN,,active,2024-08,30,33.62,22,0.044682,2024-06,computed,6,0,3.00,Outbound SDR,0.00,1.0.0,2024-08-31
9e718ad7d560,HS-100577,ACC-2576,cus_100576,T2,Villanueva e Hijos,villanueva415.com.mx,villanueva415,SMB,Educación,Basico,Puebla,Carla Nuñez,2022-10-03,5180.00,crm,high,5180.00,MXN,,active,2024-08,12,14.83,21,-0.016002,2024-06,computed,0,0,,Referral,0.00,1.0.0,2024-08-31
9eb7a3a6657b,HS-100584,ACC-2583,cus_100583,T1,Olivo-Parra,olivoparra391.com.mx,olivoparra391,SMB,Automotriz,Basico,Puebla,Luis Peña,2022-09-10,6340.00,crm,high,6340.00,MXN,2023-04-12,churned,2023-04,1,4.62,6,-0.152872,2023-02,computed,1,0,,Organic,0.00,1.0.0,2024-08-31
9f0aac78fb2f,HS-100379,ACC-2378,cus_100378,T1,"Montoya, Cardona y Villanueva",montoya740.com.mx,montoya740,Mid-Market,Servicios Financieros,Pro,Estado de México,Diego Ortega,2024-05-31,26555.00,crm,high,26555.00,MXN,,active,2024-08,14,13.50,2,,2024-06,insufficient_history,7,0,4.00,Referral,0.00,1.0.0,2024-08-31
a016ad959c90,HS-100396,ACC-2395,cus_100395,T1,Cedillo-de la Torre y Asociados,cedillode6.com.mx,cedillode6,Enterprise,Retail,Premium,Nuevo León,Ana Ruiz,2023-08-08,51587.00,crm,high,51587.00,MXN,,active,2024-08,196,182.08,11,0.035409,2024-06,computed,8,0,3.17,Outbound SDR,0.00,1.0.0,2024-08-31
a18e4270c86b,HS-100257,ACC-2256,cus_100256,T1,"Canales, Guzmán y Gonzales",canales753.com.mx,canales753,Enterprise,Hospitalidad,Premium,Guanajuato,Carla Nuñez,2024-05-22,36743.00,crm,high,36743.00,MXN,,active,2024-08,78,68.00,2,,2024-06,insufficient_history,8,0,3.67,Partner,73486.00,1.0.0,2024-08-31
a1b6591a36c2,HS-100426,ACC-2425,cus_100425,T1,Villarreal y Asociados,villarreal202.com.mx,villarreal202,SMB,Salud,Basico,Chihuahua,Jorge Ibarra,2024-03-13,5748.00,crm,high,5748.00,MXN,,active,2024-08,5,4.33,4,-0.006538,2024-06,computed,3,0,2.50,Referral,0.00,1.0.0,2024-08-31
a1baa2e417d2,HS-100250,ACC-2249,cus_100249,T1,Correa-Garibay,correagariba125.com.mx,correagariba125,Mid-Market,Logística,Pro,Yucatán,Carla Nuñez,2023-01-19,16813.00,crm,high,16813.00,MXN,,active,2024-08,58,60.70,18,0.006909,2024-06,computed,6,1,2.67,Partner,0.00,1.0.0,2024-08-31
a24f4d4bb486,HS-100543,ACC-2542,cus_100542,T1,Tijerina y Rangel A.C.,tijerina457.com.mx,tijerina457,SMB,Tecnología,Basico,Querétaro,Luis Peña,2022-10-22,2365.00,crm,high,2365.00,MXN,,active,2024-08,9,7.70,21,0.038824,2024-06,computed,0,0,,Organic,0.00,1.0.0,2024-08-31
a2b85136e7b2,HS-100195,ACC-2194,cus_100194,T1,"Ávila, Palomo y Pizarro",ávila977.com.mx,avila977,SMB,Salud,Basico,Jalisco,Ana Ruiz,2024-05-15,3250.00,crm,high,3250.00,MXN,,active,2024-08,3,3.00,2,,2024-06,insufficient_history,1,0,1.00,Evento,0.00,1.0.0,2024-08-31
a2f4b7cd7eb1,HS-100630,ACC-2629,cus_100629,T1,Lovato-Montañez,lovatomontañ347.com.mx,lovatomontan347,SMB,Agroindustria,Basico,Sonora,Diego Ortega,2024-02-18,2882.00,crm,high,2882.00,MXN,,active,2024-08,7,7.14,5,-0.012579,2024-06,computed,4,1,1.50,Paid Search,0.00,1.0.0,2024-08-31
a321e5e40776,HS-100475,ACC-2474,cus_100474,T1,"Corporacin Moreno, Luevano y Burgos",corporacin627.com.mx,corporacin627,SMB,Alimentos,Basico,Nuevo León,Fernanda Solís,2022-07-18,129259.50,crm,high,6987.00,USD,,active,2024-08,6,6.54,22,0.043355,2024-06,computed,2,0,4.00,Partner,0.00,1.0.0,2024-08-31
a323d4abf458,HS-100085,ACC-2084,cus_100084,T1,Carrillo S.C.,carrillo21.com.mx,carrillo21,SMB,Agroindustria,Basico,Querétaro,Marta Díaz,2022-04-08,8271.00,crm,high,8271.00,MXN,,active,2024-08,17,15.29,22,0.068436,2024-06,computed,2,0,2.00,Organic,0.00,1.0.0,2024-08-31
a50bd28fa87f,HS-100050,ACC-2049,cus_100049,T1,"Arredondo, Mateo y Alcántar",arredondo107.com.mx,arredondo107,SMB,Automotriz,Basico,Chihuahua,Fernanda Solís,2023-06-18,3100.00,crm,high,3100.00,MXN,,active,2024-08,7,6.87,13,0.058330,2024-06,computed,2,0,4.00,Outbound SDR,0.00,1.0.0,2024-08-31
a54889f58f60,HS-100412,ACC-2411,cus_100411,T1,Industrias Robledo-Rivero,industrias38.com.mx,industrias38,Enterprise,Servicios Financieros,Premium,Sonora,Carla Nuñez,2023-12-29,73982.00,crm,high,73982.00,MXN,,active,2024-08,150,161.89,7,0.072082,2024-06,computed,12,1,2.43,Organic,0.00,1.0.0,2024-08-31
a565c66b9bc6,HS-100517,ACC-2516,cus_100516,T1,de la Torre-Rosas,de721.com.mx,de721,SMB,Manufactura,Basico,Puebla,Carla Nuñez,2023-10-04,143153.00,crm,high,7738.00,USD,,active,2024-08,5,5.73,9,-0.038926,2024-06,computed,1,0,3.00,Webinar,0.00,1.0.0,2024-08-31
a62f0320022a,HS-100414,ACC-2413,cus_100413,T1,Carmona y Adame y Asociados,carmona663.com.mx,carmona663,Mid-Market,Tecnología,Pro,Estado de México,Fernanda Solís,2024-04-23,10451.00,crm,high,10451.00,MXN,,active,2024-08,39,41.00,3,0.023335,2024-06,computed,2,0,,Outbound SDR,10451.00,1.0.0,2024-08-31
a6444ea5d4ad,HS-100452,ACC-2451,cus_100451,T1,"Corporacin Vanegas, Esparza y Villalpando",corporacin592.com.mx,corporacin592,Mid-Market,Servicios Financieros,Pro,CDMX,Marta Díaz,2024-05-06,27551.00,imputed_from_deal,medium,,MXN,,active,2024-08,48,50.50,2,,2024-06,insufficient_history,3,0,2.33,Partner,0.00,1.0.0,2024-08-31
a6735df00d27,HS-100131,ACC-2130,cus_100130,T1,Apodaca-Puga S.A. de C.V.,apodacapuga453.com.mx,apodacapuga453,SMB,Automotriz,Basico,Yucatán,Diego Ortega,2023-05-13,4278.00,crm,high,4278.00,MXN,,active,2024-08,10,12.56,14,-0.015480,2024-06,computed,0,0,,Outbound SDR,0.00,1.0.0,2024-08-31
a6d940689369,HS-100461,ACC-2460,cus_100460,T1,Chavarría-Cedillo,chavarríaced694.com.mx,chavarriaced694,SMB,Automotriz,Basico,Nuevo León,Carla Nuñez,2022-03-13,3170.00,crm,high,3170.00,MXN,,active,2024-08,4,4.25,22,-0.028302,2024-06,computed,1,0,2.00,Partner,0.00,1.0.0,2024-08-31
a79430c11e48,HS-100595,ACC-2594,cus_100594,T1,"Despacho Alvarado, Ceballos y Farías",despacho752.com.mx,despacho752,Enterprise,Construcción,Premium,CDMX,Fernanda Solís,2022-04-29,39074.00,crm,high,39074.00,MXN,,active,2024-08,207,188.75,22,-0.055062,2024-06,computed,2,0,3.00,Outbound SDR,0.00,1.0.0,2024-08-31
a888ac2fc626,HS-100190,ACC-2189,cus_100189,T1,"Despacho Ontiveros, Montañez y Colón",despacho623.com.mx,despacho623,SMB,Salud,Basico,Sonora,Fernanda Solís,2023-08-23,3215.00,crm,high,3215.00,MXN,,active,2024-08,13,13.92,11,0.009575,2024-06,computed,2,0,2.00,Webinar,0.00,1.0.0,2024-08-31
a93e31f7946a,HS-100579,ACC-2578,cus_100578,T2,Grupo Almanza-Carrera,grupo368.com.mx,grupo368,SMB,Automotriz,Basico,Nuevo León,Carla Nuñez,2022-12-15,6155.00,crm,high,6155.00,MXN,2024-01-15,churned,2024-01,1,6.07,12,-0.251554,2023-11,computed,2,0,3.00,Paid Search,0.00,1.0.0,2024-08-31
a99b55b3b218,HS-100114,ACC-2113,cus_100113,T1,Bermúdez-Lira,bermúdezlira726.com.mx,bermudezlira726,Mid-Market,Manufactura,Pro,Querétaro,Carla Nuñez,2023-07-09,13147.00,crm,high,13147.00,MXN,2023-10-04,churned,2023-10,7,17.00,2,,2023-08,insufficient_history,3,0,2.33,Partner,0.00,1.0.0,2024-08-31
aa00b58df5b0,HS-100621,ACC-2620,cus_100620,T1,Proyectos Pineda y Villaseñor,proyectos821.com.mx,proyectos821,SMB,Alimentos,Basico,Guanajuato,Jorge Ibarra,2024-01-11,6694.00,crm,high,6694.00,MXN,,active,2024-08,8,7.50,6,-0.092722,2024-06,computed,2,0,2.00,Evento,0.00,1.0.0,2024-08-31
aa269e39c32a,HS-100272,ACC-2271,cus_100271,T1,"Valdivia, Curiel y Ibarra",valdivia286.com.mx,valdivia286,Mid-Market,Automotriz,Pro,Chihuahua,Jorge Ibarra,2023-10-22,12717.00,crm,high,12717.00,MXN,,active,2024-08,22,21.82,9,-0.041506,2024-06,computed,4,0,2.50,Partner,0.00,1.0.0,2024-08-31
aa6b09af8aaf,HS-100189,ACC-2188,cus_100188,T1,"Industrias Ceballos, Lozada y Nava",industrias868.com.mx,industrias868,SMB,Alimentos,Basico,Jalisco,Ana Ruiz,2023-07-20,5290.00,crm,high,5290.00,MXN,2024-05-02,churned,2024-05,2,10.55,9,-0.223875,2024-03,computed,2,0,2.50,Outbound SDR,0.00,1.0.0,2024-08-31
aad8b8edc903,HS-100269,ACC-2268,cus_100268,T1,"Club Duarte, Verdugo y Solorzano",club147.com.mx,club147,SMB,Manufactura,Basico,Guanajuato,Diego Ortega,2023-10-30,8952.00,crm,high,8952.00,MXN,2024-02-27,churned,2024-02,1,4.60,3,-0.128571,2023-12,computed,2,0,4.50,Webinar,107424.00,1.0.0,2024-08-31
ab72e3445be1,HS-100592,ACC-2591,cus_100591,T1,Laboratorios Zepeda y Domínguez,laboratorios306.com.mx,laboratorios306,Mid-Market,Manufactura,Pro,Guanajuato,Carla Nuñez,2023-08-17,23939.00,crm,high,23939.00,MXN,,active,2024-08,17,16.54,11,0.028201,2024-06,computed,5,0,3.40,Partner,0.00,1.0.0,2024-08-31
ab838c4c08e3,HS-100305,ACC-2304,cus_100304,T2,"Club Quiroz, Aranda y Cardenas",club153.com.mx,club153,Mid-Market,Alimentos,Pro,Guanajuato,Carla Nuñez,2022-06-13,25892.00,crm,high,25892.00,MXN,,active,2024-08,32,34.88,22,-0.012940,2024-06,computed,3,0,1.00,Partner,0.00,1.0.0,2024-08-31
acef081a80f0,HS-100217,ACC-2216,cus_100216,T1,Cornejo-Navarrete S.A.,cornejonavar649.com.mx,cornejonavar649,SMB,Servicios Financieros,Basico,Guanajuato,Marta Díaz,2023-09-06,2934.00,crm,high,2934.00,MXN,2024-05-21,churned,2024-05,0,3.22,7,-0.280451,2024-03,computed,2,0,5.00,Webinar,0.00,1.0.0,2024-08-31
ad2278a4a6c6,HS-100596,ACC-2595,cus_100595,T1,"Despacho Terán, Orta y Páez",despacho898.com.mx,despacho898,SMB,Educación,Basico,Sonora,Ana Ruiz,2023-12-21,7245.00,crm,high,7245.00,MXN,,active,2024-08,9,9.33,7,0.051419,2024-06,computed,0,0,,Partner,0.00,1.0.0,2024-08-31
ae22895bdbc5,HS-100278,ACC-2277,cus_100277,T1,Arias-Rosales,ariasrosales812.com.mx,ariasrosales812,Mid-Market,Construcción,Pro,Chihuahua,Marta Díaz,2022-10-29,16757.00,crm,high,16757.00,MXN,,active,2024-08,39,40.96,21,0.018691,2024-06,computed,5,1,2.75,Outbound SDR,0.00,1.0.0,2024-08-31
ae32988dfca5,HS-100647,ACC-2646,cus_100646,T1,Industrias Arce-Iglesias,industrias636.com.mx,industrias636,Mid-Market,Construcción,Pro,Guanajuato,Fernanda Solís,2022-12-14,282216.00,imputed_from_deal,medium,,MXN,,active,2024-08,25,22.14,19,0.009349,2024-06,computed,4,0,2.00,Paid Search,0.00,1.0.0,2024-08-31
af6b45260c23,HS-100388,ACC-2387,cus_100387,T1,Palomino y Curiel S.A. de C.V.,palomino602.com.mx,palomino602,SMB,Construcción,Basico,Puebla,Carla Nuñez,2024-03-10,3181.00,crm,high,3181.00,MXN,2024-05-19,churned,2024-05,1,3.00,1,,2024-03,insufficient_history,1,0,5.00,Organic,0.00,1.0.0,2024-08-31
afea25b3f304,HS-100215,ACC-2214,cus_100214,T1,Herrera-Delgadillo,herreradelga448.com.mx,herreradelga448,Mid-Market,Retail,Pro,Chihuahua,Jorge Ibarra,2023-12-28,12468.00,crm,high,12468.00,MXN,,active,2024-08,12,13.89,7,0.013232,2024-06,computed,4,0,3.50,Referral,0.00,1.0.0,2024-08-31
b11ab648f308,HS-100615,ACC-2614,cus_100614,T1,Romo S.A.,romo591.com.mx,romo591,Mid-Market,Agroindustria,Pro,Guanajuato,Fernanda Solís,2024-04-07,27514.00,crm,high,27514.00,MXN,,active,2024-08,41,38.40,3,-0.025756,2024-06,computed,7,1,2.17,Evento,0.00,1.0.0,2024-08-31
b16fd3de8400,HS-100205,ACC-2204,cus_100204,T1,"Corporacin Armendáriz, Sepúlveda y Villagómez",corporacin611.com.mx,corporacin611,Mid-Market,Hospitalidad,Pro,CDMX,Carla Nuñez,2023-03-12,10723.00,crm,high,10723.00,MXN,,active,2024-08,34,41.00,16,-0.064534,2024-06,computed,3,0,3.33,Paid Search,10723.00,1.0.0,2024-08-31
b24de45006f0,HS-100192,ACC-2191,cus_100191,T2,Corporacin Ruelas-Feliciano,corporacin441.com.mx,corporacin441,Enterprise,Hospitalidad,Premium,Chihuahua,Diego Ortega,2023-04-15,83888.00,crm,high,83888.00,MXN,,active,2024-08,91,94.00,15,-0.038358,2024-06,computed,5,1,2.50,Paid Search,0.00,1.0.0,2024-08-31
b2bb026d825d,HS-100363,ACC-2362,cus_100362,T1,Mercado-Roldán S.A. de C.V.,mercadoroldá742.com.mx,mercadorolda742,SMB,Servicios Financieros,Basico,Sonora,Fernanda Solís,2023-04-26,8794.00,crm,high,8794.00,MXN,,active,2024-08,16,14.29,15,0.041808,2024-06,computed,2,1,2.50,Webinar,0.00,1.0.0,2024-08-31
b2f4d7709dc0,HS-100074,ACC-2073,cus_100073,T1,Grupo Fonseca y Galarza,grupo26.com.mx,grupo26,Mid-Market,Tecnología,Pro,Jalisco,Diego Ortega,2024-05-29,17023.00,crm,high,17023.00,MXN,,active,2024-08,50,55.25,2,,2024-06,insufficient_history,7,2,2.75,Paid Search,17023.00,1.0.0,2024-08-31
b3a24e63f76b,HS-100173,ACC-2172,cus_100172,T1,Apodaca-Saucedo S.A.,apodacasauce906.com.mx,apodacasauce906,SMB,Hospitalidad,Basico,Jalisco,Fernanda Solís,2023-10-20,6599.00,crm,high,6599.00,MXN,,active,2024-08,9,10.45,9,0.001046,2024-06,computed,0,0,,Referral,0.00,1.0.0,2024-08-31
b454b2f7bd1c,HS-100566,ACC-2565,cus_100565,T1,"Cordero, Zamora y Salcido",cordero359.com.mx,cordero359,Mid-Market,Servicios Financieros,Pro,Jalisco,Fernanda Solís,2022-06-10,14358.00,crm,high,14358.00,MXN,,active,2024-08,19,19.50,22,-0.051175,2024-06,computed,3,0,4.67,Partner,14358.00,1.0.0,2024-08-31
b4c838eb089c,HS-100602,ACC-2601,cus_100601,T1,Grupo Tejada-Rivas,grupo997.com.mx,grupo997,SMB,Servicios Financieros,Basico,CDMX,Luis Peña,2022-10-29,3652.00,crm,high,3652.00,MXN,,active,2024-08,4,3.52,21,-0.042965,2024-06,computed,4,0,3.33,Evento,0.00,1.0.0,2024-08-31
b4e6ad0d057a,HS-100604,ACC-2603,cus_100603,T1,"Calvillo, Burgos y Alemán",calvillo856.com.mx,calvillo856,SMB,Retail,Basico,Chihuahua,Diego Ortega,2023-06-26,6703.00,crm,high,6703.00,MXN,,active,2024-08,10,12.33,13,0.033931,2024-06,computed,4,0,3.50,Outbound SDR,0.00,1.0.0,2024-08-31
b514dcb01651,HS-100154,ACC-2153,cus_100153,T1,"Despacho Aranda, Corona y Guzmán",despacho721.com.mx,despacho721,SMB,Automotriz,Basico,CDMX,Ana Ruiz,2022-09-08,2823.00,crm,high,2823.00,MXN,,active,2024-08,4,3.38,22,-0.017546,2024-06,computed,0,0,,Partner,0.00,1.0.0,2024-08-31
b585e4ebcc98,HS-100316,ACC-2315,cus_100315,T1,Club de Jesús-Verduzco,club306.com.mx,club306,Mid-Market,Servicios Financieros,Pro,Yucatán,Luis Peña,2022-06-14,18752.00,crm,high,18752.00,MXN,,active,2024-08,21,25.46,22,-0.011740,2024-06,computed,1,0,2.00,Partner,0.00,1.0.0,2024-08-31
b5e018ec0013,HS-100001,ACC-2000,cus_100000,T2,"Gaitán, Olmos y Paredes",gaitán115.com.mx,gaitan115,SMB,Automotriz,Basico,Jalisco,Fernanda Solís,2022-02-28,2204.00,crm,high,2204.00,MXN,,active,2024-08,5,4.62,22,0.026747,2024-06,computed,1,0,5.00,Webinar,0.00,1.0.0,2024-08-31
b60f62d4c3c4,HS-100328,ACC-2327,cus_100327,T1,Arriaga-Armenta,arriagaarmen951.com.mx,arriagaarmen951,Mid-Market,Retail,Pro,Chihuahua,Carla Nuñez,2022-12-27,18324.00,crm,high,18324.00,MXN,,active,2024-08,15,16.14,19,0.012400,2024-06,computed,6,0,3.60,Organic,0.00,1.0.0,2024-08-31
b6227ca140ae,HS-100514,ACC-2513,cus_100513,T1,"Club Samaniego, Rosado y Arias",club254.com.mx,club254,Mid-Market,Retail,Pro,CDMX,Diego Ortega,2022-09-01,16902.00,crm,high,16902.00,MXN,,active,2024-08,49,50.46,22,0.008705,2024-06,computed,2,0,3.50,Webinar,0.00,1.0.0,2024-08-31
b6f7ec4c7c1a,HS-100413,ACC-2412,cus_100412,T2,Quiroz-Aponte,quirozaponte937.com.mx,quirozaponte937,Enterprise,Automotriz,Premium,Guanajuato,Fernanda Solís,2023-12-11,78394.00,crm,high,78394.00,MXN,,active,2024-08,91,71.67,7,0.055030,2024-06,computed,3,0,3.00,Webinar,0.00,1.0.0,2024-08-31
b71038723b34,HS-100437,ACC-2436,cus_100436,T1,Meléndez S.A. de C.V.,meléndez792.com.mx,melendez792,SMB,Agroindustria,Basico,Jalisco,Carla Nuñez,2022-12-06,8274.00,crm,high,8274.00,MXN,,active,2024-08,16,13.95,19,0.046867,2024-06,computed,1,0,,Organic,0.00,1.0.0,2024-08-31
b7214f7de0d2,HS-100515,ACC-2514,cus_100514,T1,de la Fuente y Olivárez A.C.,de590.com.mx,de590,SMB,Construcción,Basico,Nuevo León,Diego Ortega,2023-06-30,8934.00,crm,high,8934.00,MXN,,active,2024-08,4,4.40,13,-0.035003,2024-06,computed,2,0,4.00,Evento,0.00,1.0.0,2024-08-31
b743d34f10a8,HS-100182,ACC-2181,cus_100181,T1,Otero y Ontiveros y Asociados,otero211.com.mx,otero211,SMB,Hospitalidad,Basico,Puebla,Diego Ortega,2024-05-29,2562.00,crm,high,2562.00,MXN,,active,2024-08,4,4.00,2,,2024-06,insufficient_history,2,0,4.00,Partner,0.00,1.0.0,2024-08-31
b898e16bae56,HS-100434,ACC-2433,cus_100433,T1,Santillán y Abreu e Hijos,santillán518.com.mx,santillan518,SMB,Servicios Financieros,Basico,Yucatán,Jorge Ibarra,2023-01-18,7349.00,crm,high,7349.00,MXN,,active,2024-08,15,14.30,18,-0.053617,2024-06,computed,1,0,2.00,Evento,0.00,1.0.0,2024-08-31
b8a43530cf08,HS-100616,ACC-2615,cus_100615,T1,Colón y Muñiz S.C.,colón536.com.mx,colon536,Enterprise,Servicios Financieros,Premium,Yucatán,Luis Peña,2023-07-05,56367.00,crm,high,56367.00,MXN,,active,2024-08,291,293.00,12,0.010912,2024-06,computed,6,0,3.33,Partner,56367.00,1.0.0,2024-08-31
b8ff0ac62b88,HS-100473,ACC-2472,cus_100472,T1,Medina-Mena,medinamena524.com.mx,medinamena524,SMB,Retail,Basico,Jalisco,Carla Nuñez,2023-11-19,3664.00,crm,high,3664.00,MXN,,active,2024-08,13,11.20,8,-0.015074,2024-06,computed,0,0,,Referral,43968.00,1.0.0,2024-08-31
b909b1288f6f,HS-100295,ACC-2294,cus_100294,T1,"Despacho Posada, Saldivar y Alcántar",despacho429.com.mx,despacho429,SMB,Hospitalidad,Basico,Guanajuato,Carla Nuñez,2022-01-06,4033.00,crm,high,4033.00,MXN,,active,2024-08,13,12.46,22,0.025490,2024-06,computed,1,0,,Partner,0.00,1.0.0,2024-08-31
ba0e4a372968,HS-100591,ACC-2590,cus_100590,T2,Vela y Carranza e Hijos,vela133.com.mx,vela133,SMB,Logística,Basico,Jalisco,Luis Peña,2023-07-21,2841.00,crm,high,2841.00,MXN,,active,2024-08,5,5.71,12,0.012730,2024-06,computed,2,0,4.00,Webinar,0.00,1.0.0,2024-08-31
bad845ea6ecb,HS-100443,ACC-2442,cus_100442,T1,Corporacin Menéndez-Castañeda,corporacin825.com.mx,corporacin825,SMB,Construcción,Basico,Chihuahua,Carla Nuñez,2024-02-01,2486.00,crm,high,2486.00,MXN,,active,2024-08,15,14.29,5,0.023855,2024-06,computed,1,0,,Paid Search,2486.00,1.0.0,2024-08-31
baf649016fa9,HS-100500,ACC-2499,cus_100499,T1,Arenas e Hijos,arenas51.com.mx,arenas51,Enterprise,Servicios Financieros,Premium,CDMX,Luis Peña,2022-02-09,45050.00,imputed_from_deal,high,,MXN,,active,2024-08,190,209.58,22,-0.059385,2024-06,computed,4,0,3.33,Paid Search,45050.00,1.0.0,2024-08-31
bb332bfd6480,HS-100129,ACC-2128,cus_100128,T1,Reséndez S.A. de C.V.,reséndez257.com.mx,resendez257,SMB,Hospitalidad,Basico,Sonora,Diego Ortega,2024-05-10,2211.00,crm,high,2211.00,MXN,,active,2024-08,3,2.50,2,,2024-06,insufficient_history,1,0,3.00,Paid Search,0.00,1.0.0,2024-08-31
bcbbeb996730,HS-100495,ACC-2494,cus_100494,T1,Meza y Riojas y Asociados,meza464.com.mx,meza464,SMB,Salud,Basico,Sonora,Luis Peña,2022-10-19,4227.00,crm,high,4227.00,MXN,,active,2024-08,11,13.09,21,-0.001327,2024-06,computed,2,0,5.00,Organic,0.00,1.0.0,2024-08-31
bcdb022bc305,HS-100600,ACC-2599,cus_100599,T1,Club Meza y Madera,club141.com.mx,club141,SMB,Agroindustria,Basico,Querétaro,Ana Ruiz,2022-07-18,5431.00,crm,high,5431.00,MXN,,active,2024-08,11,9.92,22,0.028007,2024-06,computed,1,1,2.00,Referral,0.00,1.0.0,2024-08-31
be921c1e148e,HS-100262,ACC-2261,cus_100261,T1,"Proyectos Franco, Gálvez y Valenzuela",proyectos340.com.mx,proyectos340,Enterprise,Automotriz,Premium,Yucatán,Jorge Ibarra,2022-09-12,80385.00,crm,high,80385.00,MXN,,active,2024-08,157,147.88,22,0.044305,2024-06,computed,4,0,3.00,Referral,0.00,1.0.0,2024-08-31
bee384ef88de,HS-100158,ACC-2157,cus_100157,T1,Barajas-Regalado e Hijos,barajasregal683.com.mx,barajasregal683,Mid-Market,Logística,Pro,Nuevo León,Carla Nuñez,2024-03-19,24245.00,crm,high,24245.00,MXN,,active,2024-08,22,28.83,4,-0.037572,2024-06,computed,4,0,3.50,Evento,24245.00,1.0.0,2024-08-31
bfcbb37719b9,HS-100330,ACC-2329,cus_100329,T1,Terán-Negrete,teránnegrete167.com.mx,terannegrete167,SMB,Salud,Basico,CDMX,Luis Peña,2022-01-31,7989.00,crm,high,7989.00,MXN,,active,2024-08,15,11.21,22,0.071265,2024-06,computed,1,0,1.00,Referral,0.00,1.0.0,2024-08-31
bfcc93c1234c,HS-100008,ACC-2007,cus_100007,T1,"Frías, Briseño y Molina",frías592.com.mx,frias592,Mid-Market,Salud,Pro,Querétaro,Diego Ortega,2023-01-21,11279.00,crm,high,11279.00,MXN,,active,2024-08,48,40.85,18,-0.047521,2024-06,computed,5,0,1.75,Referral,0.00,1.0.0,2024-08-31
c0d5050c1786,HS-100034,ACC-2033,cus_100033,T1,Proyectos Barraza-Mata,proyectos197.com.mx,proyectos197,Enterprise,Construcción,Premium,Querétaro,Luis Peña,2022-06-28,57400.00,crm,high,57400.00,MXN,,active,2024-08,108,109.92,22,0.072031,2024-06,computed,6,0,2.60,Referral,0.00,1.0.0,2024-08-31
c0e6f6e5493b,HS-100335,ACC-2334,cus_100334,T1,Laboratorios Murillo y Castañeda,laboratorios741.com.mx,laboratorios741,SMB,Hospitalidad,Basico,Puebla,Fernanda Solís,2022-08-16,6693.00,crm,high,6693.00,MXN,,active,2024-08,3,3.62,22,0.039793,2024-06,computed,1,0,3.00,Paid Search,80316.00,1.0.0,2024-08-31
c12476e908d2,HS-100091,ACC-2090,cus_100090,T2,Club Gil-Razo,club335.com.mx,club335,SMB,Alimentos,Basico,Estado de México,Diego Ortega,2023-06-23,4764.00,crm,high,4764.00,MXN,,active,2024-08,12,11.13,13,-0.004886,2024-06,computed,5,0,2.00,Organic,0.00,1.0.0,2024-08-31
c14e78b458d1,HS-100072,ACC-2071,cus_100071,T1,"Proyectos Jaramillo, Santillán y Solís",proyectos485.com.mx,proyectos485,SMB,Servicios Financieros,Basico,Sonora,Fernanda Solís,2023-10-23,8502.00,crm,high,8502.00,MXN,2024-05-01,churned,2024-05,1,7.00,6,-0.255118,2024-03,computed,0,0,,Partner,102024.00,1.0.0,2024-08-31
c173e9322576,HS-100234,ACC-2233,cus_100233,T1,Valles-Nazario,vallesnazari974.com.mx,vallesnazari974,SMB,Tecnología,Basico,Nuevo León,Luis Peña,2023-08-05,3754.00,crm,high,3754.00,MXN,,active,2024-08,17,14.92,11,-0.016843,2024-06,computed,0,0,,Paid Search,0.00,1.0.0,2024-08-31
c194e3bdfad5,HS-100311,ACC-2310,cus_100310,T1,Tovar A.C.,tovar971.com.mx,tovar971,SMB,Hospitalidad,Basico,Nuevo León,Jorge Ibarra,2022-10-13,7738.00,imputed_from_deal,medium,,MXN,2023-10-29,churned,2023-10,1,6.54,11,-0.277226,2023-08,computed,0,0,,Evento,0.00,1.0.0,2024-08-31
c22a9a5e32c4,HS-100370,ACC-2369,cus_100369,T1,Industrias Zamora-Vera,industrias937.com.mx,industrias937,SMB,Salud,Basico,Puebla,Carla Nuñez,2022-01-08,3664.00,crm,high,3664.00,MXN,,active,2024-08,4,4.46,22,-0.027414,2024-06,computed,3,2,1.00,Outbound SDR,0.00,1.0.0,2024-08-31
c259030f0a56,HS-100321,ACC-2320,cus_100320,T1,Galindo S. R.L. de C.V.,galindo112.com.mx,galindo112,SMB,Tecnología,Basico,Puebla,Luis Peña,2022-02-18,7043.00,crm,high,7043.00,MXN,2023-10-14,churned,2023-10,2,11.43,12,-0.226295,2023-08,computed,3,0,1.00,Webinar,0.00,1.0.0,2024-08-31
c29e32af3d21,HS-100609,ACC-2608,cus_100608,T1,Corporacin Urías-Lerma,corporacin900.com.mx,corporacin900,SMB,Logística,Basico,Jalisco,Luis Peña,2023-10-03,8005.00,crm,high,8005.00,MXN,,active,2024-08,13,12.09,9,0.020279,2024-06,computed,2,0,1.00,Organic,8005.00,1.0.0,2024-08-31
c326e9fdf2b2,HS-100386,ACC-2385,cus_100385,T1,"Ordóñez, Limón y Arias",ordóñez217.com.mx,ordonez217,Mid-Market,Construcción,Pro,Querétaro,Ana Ruiz,2022-04-13,27572.00,crm,high,27572.00,MXN,,active,2024-08,58,47.00,22,0.032227,2024-06,computed,1,0,5.00,Referral,0.00,1.0.0,2024-08-31
c434d20674b5,HS-100487,ACC-2486,cus_100486,T1,Jurado-Aguilar,juradoaguila758.com.mx,juradoaguila758,SMB,Logística,Basico,Puebla,Jorge Ibarra,2024-06-29,7101.00,crm,high,7101.00,MXN,,active,2024-08,12,12.33,1,,2024-06,insufficient_history,4,0,2.00,Evento,0.00,1.0.0,2024-08-31
c488ec042e89,HS-100347,ACC-2346,cus_100346,T1,"Proyectos Carranza, Ramón y Olmos",proyectos747.com.mx,proyectos747,Mid-Market,Automotriz,Pro,Yucatán,Jorge Ibarra,2023-02-13,22774.00,crm,high,22774.00,MXN,,active,2024-08,28,25.95,17,0.017171,2024-06,computed,5,0,2.33,Partner,45548.00,1.0.0,2024-08-31
c4a02f8c12cd,HS-100501,ACC-2500,cus_100500,T1,Villalpando A.C.,villalpando876.com.mx,villalpando876,Mid-Market,Educación,Pro,Yucatán,Ana Ruiz,2024-04-27,27217.00,crm,high,27217.00,MXN,,active,2024-08,41,54.20,3,0.060266,2024-06,computed,3,1,2.00,Outbound SDR,0.00,1.0.0,2024-08-31
c518f6a1dc57,HS-100419,ACC-2418,cus_100418,T1,Ruelas S.A.,ruelas320.com.mx,ruelas320,Mid-Market,Salud,Pro,Guanajuato,Jorge Ibarra,2023-08-05,23920.00,crm,high,23920.00,MXN,,active,2024-08,15,17.77,11,0.002790,2024-06,computed,4,0,3.00,Organic,0.00,1.0.0,2024-08-31
c5350fab0bb4,HS-100063,ACC-2062,cus_100062,T1,Cordero y Durán S. R.L. de C.V.,cordero962.com.mx,cordero962,Mid-Market,Salud,Pro,Sonora,Luis Peña,2022-05-12,12779.00,crm,high,12779.00,MXN,,active,2024-08,26,20.83,22,0.035372,2024-06,computed,5,1,1.50,Partner,12779.00,1.0.0,2024-08-31
c564e6bc20a2,HS-100080,ACC-2079,cus_100079,T1,"Grupo Carrasco, Toro y Mora",grupo457.com.mx,grupo457,SMB,Servicios Financieros,Basico,Querétaro,Luis Peña,2023-04-05,3303.00,crm,high,3303.00,MXN,,active,2024-08,10,10.94,15,-0.004102,2024-06,computed,1,1,5.00,Paid Search,3303.00,1.0.0,2024-08-31
c6699f5bce6f,HS-100212,ACC-2211,cus_100211,T1,Proyectos Acevedo y Rendón,proyectos407.com.mx,proyectos407,Mid-Market,Retail,Pro,Guanajuato,Diego Ortega,2022-01-09,10386.00,crm,high,10386.00,MXN,2022-05-28,churned,2022-05,,,0,,2022-03,no_usage,3,0,4.00,Organic,124632.00,1.0.0,2024-08-31
c6ddaadf8a3c,HS-100380,ACC-2379,cus_100379,T1,Mata S.C.,mata110.com.mx,mata110,SMB,Tecnología,Basico,Chihuahua,Carla Nuñez,2024-05-19,2789.00,crm,high,2789.00,MXN,,active,2024-08,10,10.25,2,,2024-06,insufficient_history,3,0,1.00,Webinar,0.00,1.0.0,2024-08-31
c722bd70bb6d,HS-100580,ACC-2579,cus_100579,T1,Alarcón A.C.,alarcón100.com.mx,alarcon100,SMB,Logística,Basico,Chihuahua,Diego Ortega,2023-05-21,5856.00,crm,high,5856.00,MXN,,active,2024-08,6,6.25,14,0.002913,2024-06,computed,5,0,2.33,Referral,5856.00,1.0.0,2024-08-31
c7ae629f0670,HS-100459,ACC-2458,cus_100458,T1,Magaña y Peres y Asociados,magaña711.com.mx,magana711,SMB,Educación,Basico,Jalisco,Ana Ruiz,2022-02-28,3082.00,crm,high,3082.00,MXN,,active,2024-08,8,6.42,22,0.028623,2024-06,computed,1,0,1.00,Evento,0.00,1.0.0,2024-08-31
c7b8e3dd3d9e,HS-100466,ACC-2465,cus_100465,T2,"Industrias Esquivel, Olivares y Casárez",industrias531.com.mx,industrias531,SMB,Construcción,Basico,CDMX,Marta Díaz,2022-10-21,6971.00,crm,high,6971.00,MXN,,active,2024-08,3,4.22,21,-0.029033,2024-06,computed,0,0,,Organic,0.00,1.0.0,2024-08-31
c7c91bce755e,HS-100355,ACC-2354,cus_100354,T1,"Bétancourt, Macías y Terán",bétancourt516.com.mx,betancourt516,SMB,Tecnología,Basico,Guanajuato,Carla Nuñez,2023-11-23,4369.00,crm,high,4369.00,MXN,,active,2024-08,3,2.50,8,0.045393,2024-06,computed,3,0,2.00,Organic,0.00,1.0.0,2024-08-31
c7e410d860dd,HS-100532,ACC-2531,cus_100531,T1,Industrias Calderón y Casares,industrias667.com.mx,industrias667,Enterprise,Hospitalidad,Premium,CDMX,Diego Ortega,2024-02-23,38659.00,crm,high,38659.00,MXN,,active,2024-08,131,143.71,5,0.006598,2024-06,computed,2,0,1.50,Outbound SDR,38659.00,1.0.0,2024-08-31
c80df26f0cb2,HS-100119,ACC-2118,cus_100118,T1,Campos y Solano S.A.,campos621.com.mx,campos621,Enterprise,Educación,Premium,Yucatán,Jorge Ibarra,2022-09-13,946020.00,imputed_from_deal,medium,,MXN,,active,2024-08,281,257.50,22,-0.009101,2024-06,computed,3,0,3.33,Referral,0.00,1.0.0,2024-08-31
c82c8b5945bb,HS-100598,ACC-2597,cus_100597,T1,Vera S. R.L. de C.V.,vera127.com.mx,vera127,SMB,Educación,Basico,CDMX,Luis Peña,2023-12-05,6483.00,crm,high,6483.00,MXN,,active,2024-08,6,6.56,7,-0.038075,2024-06,computed,2,0,3.00,Paid Search,0.00,1.0.0,2024-08-31
c87b1eef63b3,HS-100431,ACC-2430,cus_100430,T1,Márquez-Coronado,márquezcoron434.com.mx,marquezcoron434,SMB,Educación,Basico,Nuevo León,Fernanda Solís,2022-03-08,3521.00,crm,high,3521.00,MXN,,active,2024-08,12,11.58,22,-0.043048,2024-06,computed,2,1,3.50,Evento,0.00,1.0.0,2024-08-31
c8d1b8b01b16,HS-100582,ACC-2581,cus_100581,T1,"Tejeda, Rivera y Abrego",tejeda808.com.mx,tejeda808,Enterprise,Educación,Premium,Jalisco,Jorge Ibarra,2022-04-28,45076.00,crm,high,45076.00,MXN,,active,2024-08,311,279.04,22,-0.007707,2024-06,computed,5,0,1.80,Outbound SDR,0.00,1.0.0,2024-08-31
c906fcd56eec,HS-100125,ACC-2124,cus_100124,T1,Durán y Carrillo S. R.L. de C.V.,durán824.com.mx,duran824,SMB,Automotriz,Basico,Nuevo León,Fernanda Solís,2022-01-13,3620.00,crm,high,3620.00,MXN,,active,2024-08,13,11.54,22,0.086417,2024-06,computed,1,0,1.00,Evento,3620.00,1.0.0,2024-08-31
c92187f76a50,HS-100092,ACC-2091,cus_100091,T1,Club Maya-Vergara,club855.com.mx,club855,Mid-Market,Logística,Pro,Guanajuato,Ana Ruiz,2022-08-14,451603.50,crm,high,24411.00,USD,,active,2024-08,40,39.67,22,0.003928,2024-06,computed,6,0,2.75,Referral,0.00,1.0.0,2024-08-31
c95e7040378c,HS-100346,ACC-2345,cus_100345,T1,Grijalva-Regalado,grijalvarega62.com.mx,grijalvarega62,Mid-Market,Servicios Financieros,Pro,Nuevo León,Luis Peña,2022-04-17,24468.00,crm,high,24468.00,MXN,,active,2024-08,27,30.42,22,-0.002351,2024-06,computed,4,1,2.67,Outbound SDR,0.00,1.0.0,2024-08-31
c9cd0bb0cc08,HS-100427,ACC-2426,cus_100426,T1,Nieves S.A. de C.V.,nieves321.com.mx,nieves321,SMB,Automotriz,Basico,Guanajuato,Ana Ruiz,2023-06-11,6890.00,crm,high,6890.00,MXN,,active,2024-08,17,13.80,13,0.035504,2024-06,computed,0,0,,Evento,0.00,1.0.0,2024-08-31
ca4b97d0cb79,HS-100026,ACC-2025,cus_100025,T1,"Corporacin Sosa, Mora y Villareal",corporacin541.com.mx,corporacin541,Mid-Market,Logística,Pro,Puebla,Diego Ortega,2024-04-30,22865.00,crm,high,22865.00,MXN,,active,2024-08,48,54.60,3,-0.012590,2024-06,computed,2,1,3.00,Webinar,0.00,1.0.0,2024-08-31
cba7ec6afd2e,HS-100492,ACC-2491,cus_100491,T1,Medrano-Coronado,medranocoron718.com.mx,medranocoron718,Mid-Market,Educación,Pro,Nuevo León,Carla Nuñez,2022-08-18,24022.00,crm,high,24022.00,MXN,2023-01-22,churned,2023-01,10,29.80,3,-0.133853,2022-11,computed,5,0,3.25,Partner,0.00,1.0.0,2024-08-31
cbf0d50a86e7,HS-100256,ACC-2255,cus_100255,T1,"Despacho Montalvo, Carrera y Pedraza",despacho17.com.mx,despacho17,Mid-Market,Agroindustria,Pro,Jalisco,Fernanda Solís,2022-04-07,11213.00,crm,high,11213.00,MXN,,active,2024-08,51,51.96,22,-0.020127,2024-06,computed,3,0,5.00,Referral,0.00,1.0.0,2024-08-31
cc612f12a5f3,HS-100576,ACC-2575,cus_100575,T1,Nieto-Briones,nietobriones144.com.mx,nietobriones144,Enterprise,Automotriz,Premium,Querétaro,Marta Díaz,2022-01-07,70952.00,crm,high,70952.00,MXN,,active,2024-08,163,179.62,22,-0.003174,2024-06,computed,8,0,3.67,Partner,0.00,1.0.0,2024-08-31
cc7284c118af,HS-100199,ACC-2198,cus_100198,T1,Menchaca-Estrada S.A.,menchacaestr673.com.mx,menchacaestr673,Enterprise,Tecnología,Premium,Chihuahua,Diego Ortega,2023-11-05,83527.00,crm,high,83527.00,MXN,,active,2024-08,91,110.50,8,0.009327,2024-06,computed,6,1,3.00,Referral,83527.00,1.0.0,2024-08-31
ccb9abe7b224,HS-100232,ACC-2231,cus_100231,T1,Club Briones y Serrano,club386.com.mx,club386,SMB,Servicios Financieros,Basico,Chihuahua,Diego Ortega,2024-03-15,7271.00,crm,high,7271.00,MXN,2024-06-27,churned,2024-06,1,3.75,2,,2024-04,insufficient_history,4,0,1.33,Partner,0.00,1.0.0,2024-08-31
cce4e07ce38c,HS-100438,ACC-2437,cus_100437,T1,Aparicio S. R.L. de C.V.,aparicio794.com.mx,aparicio794,Mid-Market,Logística,Pro,Yucatán,Ana Ruiz,2024-05-02,21021.00,crm,high,21021.00,MXN,,active,2024-08,48,47.50,2,,2024-06,insufficient_history,2,0,4.00,Referral,0.00,1.0.0,2024-08-31
cced8c3d305b,HS-100137,ACC-2136,cus_100136,T1,"Ruelas, Lugo y Camacho",ruelas563.com.mx,ruelas563,SMB,Logística,Basico,Jalisco,Jorge Ibarra,2024-01-16,3073.00,crm,high,3073.00,MXN,,active,2024-08,12,13.25,6,-0.040454,2024-06,computed,0,0,,Outbound SDR,0.00,1.0.0,2024-08-31
cd022db07256,HS-100617,ACC-2616,cus_100616,T1,Laboratorios Armendáriz y Páez,laboratorios680.com.mx,laboratorios680,SMB,Salud,Basico,Sonora,Carla Nuñez,2023-12-24,7540.00,crm,high,7540.00,MXN,,active,2024-08,15,15.00,7,-0.028468,2024-06,computed,1,0,3.00,Organic,0.00,1.0.0,2024-08-31
cdd0fe341983,HS-100575,ACC-2574,cus_100574,T1,"Club Pabón, Serna y Caraballo",club154.com.mx,club154,Mid-Market,Construcción,Pro,Guanajuato,Jorge Ibarra,2022-05-07,16874.00,crm,high,16874.00,MXN,2024-03-11,churned,2024-03,4,25.42,17,-0.243241,2024-01,computed,4,0,3.00,Outbound SDR,16874.00,1.0.0,2024-08-31
cde501cb7a7d,HS-100082,ACC-2081,cus_100081,T1,Miramontes y Zarate A.C.,miramontes279.com.mx,miramontes279,Mid-Market,Construcción,Pro,Nuevo León,Luis Peña,2023-05-06,19476.00,crm,high,19476.00,MXN,,active,2024-08,62,55.56,14,-0.019501,2024-06,computed,3,1,4.00,Webinar,0.00,1.0.0,2024-08-31
cf932e3d82d8,HS-100571,ACC-2570,cus_100570,T1,Corporacin Toledo y Anguiano,corporacin917.com.mx,corporacin917,SMB,Educación,Basico,Querétaro,Jorge Ibarra,2022-01-25,5084.00,crm,high,5084.00,MXN,,active,2024-08,6,6.58,22,0.031353,2024-06,computed,1,0,3.00,Organic,0.00,1.0.0,2024-08-31
cfa499631566,HS-100094,ACC-2093,cus_100093,T1,Cervantes-Esquibel,cervantesesq157.com.mx,cervantesesq157,Mid-Market,Hospitalidad,Pro,Puebla,Carla Nuñez,2022-09-05,13136.00,imputed_from_deal,medium,,MXN,,active,2024-08,24,20.92,22,-0.013122,2024-06,computed,0,0,,Paid Search,0.00,1.0.0,2024-08-31
d003a5126727,HS-100067,ACC-2066,cus_100066,T1,"Club Santacruz, Valencia y Casas",club442.com.mx,club442,SMB,Salud,Basico,Jalisco,Diego Ortega,2024-02-05,2573.00,crm,high,2573.00,MXN,,active,2024-08,11,11.71,5,-0.002969,2024-06,computed,2,0,,Webinar,2573.00,1.0.0,2024-08-31
d0cc2b9c1ce9,HS-100507,ACC-2506,cus_100506,T1,"Escamilla, Malave y Garrido",escamilla220.com.mx,escamilla220,Enterprise,Salud,Premium,CDMX,Luis Peña,2024-03-04,46340.00,crm,high,46340.00,MXN,,active,2024-08,102,113.33,4,-0.046543,2024-06,computed,1,0,,Outbound SDR,46340.00,1.0.0,2024-08-31
d0d1124d8f9a,HS-100359,ACC-2358,cus_100358,T1,Urrutia y Trejo S.A. de C.V.,urrutia327.com.mx,urrutia327,Enterprise,Servicios Financieros,Premium,Nuevo León,Jorge Ibarra,2023-02-17,54755.00,crm,high,54755.00,MXN,,active,2024-08,288,278.84,17,-0.113770,2024-06,computed,3,0,4.00,Evento,0.00,1.0.0,2024-08-31
d12b484f1480,HS-100350,ACC-2349,cus_100349,T1,Marín-Bernal,marínbernal306.com.mx,marinbernal306,Mid-Market,Manufactura,Pro,Puebla,Diego Ortega,2022-12-13,26840.00,crm,high,26840.00,MXN,,active,2024-08,65,58.67,19,0.014222,2024-06,computed,1,0,,Paid Search,0.00,1.0.0,2024-08-31
d16deb81827f,HS-100073,ACC-2072,cus_100072,T1,Rangel S.A. de C.V.,rangel96.com.mx,rangel96,SMB,Salud,Basico,Puebla,Diego Ortega,2022-05-30,8704.00,crm,high,8704.00,MXN,,active,2024-08,8,6.83,22,0.010936,2024-06,computed,3,1,3.00,Organic,0.00,1.0.0,2024-08-31
d17a1cb67764,HS-100625,ACC-2624,cus_100624,T1,Sevilla-Rocha S.C.,sevillarocha340.com.mx,sevillarocha340,Mid-Market,Alimentos,Pro,Yucatán,Fernanda Solís,2024-05-15,24503.00,crm,high,24503.00,MXN,,active,2024-08,54,54.50,2,,2024-06,insufficient_history,7,1,2.29,Referral,0.00,1.0.0,2024-08-31
d23090c83713,HS-100450,ACC-2449,cus_100449,T1,"Lerma, Juárez y Bonilla",lerma681.com.mx,lerma681,SMB,Automotriz,Basico,Puebla,Jorge Ibarra,2023-03-27,142672.00,crm,high,7712.00,USD,2024-02-23,churned,2024-02,1,5.42,10,-0.212335,2023-12,computed,1,0,,Paid Search,0.00,1.0.0,2024-08-31
d3325cc67acf,HS-100156,ACC-2155,cus_100155,T1,"Laboratorios Marín, del Río y Garrido",laboratorios422.com.mx,laboratorios422,SMB,Servicios Financieros,Basico,Puebla,Carla Nuñez,2022-11-24,6636.00,crm,high,6636.00,MXN,2024-02-18,churned,2024-02,0,3.75,14,-0.368862,2023-12,computed,3,0,5.00,Partner,0.00,1.0.0,2024-08-31
d34f4904aa84,HS-100178,ACC-2177,cus_100177,T1,Aparicio-Garica,apariciogari380.com.mx,apariciogari380,SMB,Agroindustria,Basico,Guanajuato,Diego Ortega,2023-09-10,3779.00,crm,high,3779.00,MXN,,active,2024-08,14,14.83,10,-0.084558,2024-06,computed,1,0,2.00,Referral,3779.00,1.0.0,2024-08-31
d375384bf8bc,HS-100112,ACC-2111,cus_100111,T1,Prieto y Guardado S.A. de C.V.,prieto222.com.mx,prieto222,SMB,Construcción,Basico,Chihuahua,Diego Ortega,2023-03-10,8050.00,crm,high,8050.00,MXN,,active,2024-08,16,14.22,16,0.063359,2024-06,computed,1,1,,Referral,0.00,1.0.0,2024-08-31
d3d6430ce9c4,HS-100028,ACC-2027,cus_100027,T2,Sanches y Asociados,sanches231.com.mx,sanches231,SMB,Construcción,Basico,Sonora,Luis Peña,2024-02-15,2524.00,crm,high,2524.00,MXN,,active,2024-08,9,9.57,5,-0.033954,2024-06,computed,0,0,,Paid Search,2524.00,1.0.0,2024-08-31
d54c9d70035a,HS-100293,ACC-2292,cus_100292,T1,Enríquez e Hijos,enríquez134.com.mx,enriquez134,Mid-Market,Educación,Pro,Puebla,Marta Díaz,2022-04-24,21141.00,crm,high,21141.00,MXN,,active,2024-08,70,59.62,22,-0.007910,2024-06,computed,2,0,5.00,Webinar,0.00,1.0.0,2024-08-31
d57e35ff96ea,HS-100150,ACC-2149,cus_100149,T1,Véliz-Matías,vélizmatías148.com.mx,velizmatias148,SMB,Agroindustria,Basico,Guanajuato,Marta Díaz,2022-09-02,5358.00,crm,high,5358.00,MXN,,active,2024-08,12,10.54,22,-0.016037,2024-06,computed,0,0,,Referral,0.00,1.0.0,2024-08-31
d591a4e10426,HS-100568,ACC-2567,cus_100567,T1,Corporacin Saavedra-García,corporacin663.com.mx,corporacin663,SMB,Construcción,Basico,CDMX,Carla Nuñez,2023-10-05,3844.00,crm,high,3844.00,MXN,,active,2024-08,2,2.36,9,-0.062110,2024-06,computed,4,0,3.00,Partner,0.00,1.0.0,2024-08-31
d60d16238ec6,HS-100235,ACC-2234,cus_100234,T1,Montenegro-Nieto A.C.,montenegroni80.com.mx,montenegroni80,SMB,Tecnología,Basico,Chihuahua,Diego Ortega,2023-05-16,4423.00,crm,high,4423.00,MXN,,active,2024-08,3,3.12,14,-0.063534,2024-06,computed,3,1,3.00,Paid Search,4423.00,1.0.0,2024-08-31
d6c94dcf68f9,HS-100274,ACC-2273,cus_100273,T2,Grupo Arias-Valle,grupo627.com.mx,grupo627,Enterprise,Construcción,Premium,Jalisco,Diego Ortega,2023-11-15,41118.00,crm,high,41118.00,MXN,,active,2024-08,85,100.90,8,0.027665,2024-06,computed,5,0,2.20,Webinar,41118.00,1.0.0,2024-08-31
d6e7796e9cfc,HS-100334,ACC-2333,cus_100333,T1,Grupo Guzmán-de Anda,grupo393.com.mx,grupo393,SMB,Logística,Basico,Querétaro,Marta Díaz,2023-09-01,3929.00,crm,high,3929.00,MXN,,active,2024-08,4,4.17,10,-0.019310,2024-06,computed,1,0,,Paid Search,3929.00,1.0.0,2024-08-31
d6eff0593968,HS-100101,ACC-2100,cus_100100,T1,Grupo Hinojosa y Mojica,grupo444.com.mx,grupo444,SMB,Retail,Basico,Chihuahua,Fernanda Solís,2023-01-14,4967.00,crm,high,4967.00,MXN,2023-06-13,churned,2023-06,0,1.67,4,-0.220950,2023-04,computed,2,0,3.50,Paid Search,0.00,1.0.0,2024-08-31
d708a60010d8,HS-100471,ACC-2470,cus_100470,T1,"Corporacin Villalpando, Parra y Barajas",corporacin294.com.mx,corporacin294,SMB,Servicios Financieros,Basico,Estado de México,Fernanda Solís,2023-01-26,7149.00,crm,high,7149.00,MXN,,active,2024-08,12,12.60,18,0.085246,2024-06,computed,2,0,3.00,Organic,0.00,1.0.0,2024-08-31
d7e2debcb1e4,HS-100007,ACC-2006,cus_100006,T1,Cabrera S.C.,cabrera128.com.mx,cabrera128,SMB,Servicios Financieros,Basico,Sonora,Fernanda Solís,2022-06-30,5100.00,crm,high,5100.00,MXN,,active,2024-08,5,4.71,22,0.021574,2024-06,computed,2,0,4.00,Organic,0.00,1.0.0,2024-08-31
d7f2491cbf17,HS-100480,ACC-2479,cus_100479,T1,"Ceja, Sanches y Berríos",ceja57.com.mx,ceja57,SMB,Salud,Basico,Jalisco,Marta Díaz,2023-12-19,6092.00,crm,high,6092.00,MXN,,active,2024-08,6,5.67,7,-0.055580,2024-06,computed,1,1,2.00,Paid Search,0.00,1.0.0,2024-08-31
d7f7a6231274,HS-100264,ACC-2263,cus_100263,T1,Pacheco y Marroquín y Asociados,pacheco821.com.mx,pacheco821,SMB,Logística,Basico,Nuevo León,Diego Ortega,2022-09-26,2676.00,crm,high,2676.00,MXN,,active,2024-08,13,13.38,22,0.025464,2024-06,computed,4,2,3.33,Evento,0.00,1.0.0,2024-08-31
d81850081a01,HS-100384,ACC-2383,cus_100383,T2,Garza-Arriaga S.A. de C.V.,garzaarriaga58.com.mx,garzaarriaga58,Mid-Market,Alimentos,Pro,Estado de México,Jorge Ibarra,2023-12-05,9309.00,crm,high,9309.00,MXN,,active,2024-08,30,35.33,7,-0.007658,2024-06,computed,5,0,3.33,Webinar,0.00,1.0.0,2024-08-31
d8222a570c5e,HS-100218,ACC-2217,cus_100217,T1,Grupo Burgos y Alba,grupo982.com.mx,grupo982,Mid-Market,Agroindustria,Pro,Nuevo León,Luis Peña,2024-01-06,13839.00,crm,high,13839.00,MXN,2024-04-07,churned,2024-04,7,16.00,2,,2024-02,insufficient_history,4,0,3.00,Organic,0.00,1.0.0,2024-08-31
d8cba4a1d43d,HS-100522,ACC-2521,cus_100521,T2,"Viera, Griego y Vásquez",viera383.com.mx,viera383,SMB,Retail,Basico,Nuevo León,Marta Díaz,2022-01-22,7771.00,crm,high,7771.00,MXN,2023-01-26,churned,2023-01,1,3.60,3,-0.137199,2022-11,computed,2,0,4.00,Referral,0.00,1.0.0,2024-08-31
d996f9b6f1f8,HS-100171,ACC-2170,cus_100170,T1,"Proyectos Armenta, Holguín y Rubio",proyectos15.com.mx,proyectos15,Mid-Market,Educación,Pro,Querétaro,Fernanda Solís,2023-04-23,26582.00,crm,high,26582.00,MXN,,active,2024-08,38,44.88,15,-0.027124,2024-06,computed,7,0,3.50,Paid Search,0.00,1.0.0,2024-08-31
da2408f43334,HS-100040,ACC-2039,cus_100039,T1,"Proyectos Quezada, Hernandes y Arce",proyectos223.com.mx,proyectos223,SMB,Logística,Basico,Guanajuato,Fernanda Solís,2022-03-24,2479.00,crm,high,2479.00,MXN,,active,2024-08,9,9.17,22,-0.057445,2024-06,computed,4,0,3.67,Outbound SDR,0.00,1.0.0,2024-08-31
da3f37a71944,HS-100432,ACC-2431,cus_100431,T1,Cavazos-Figueroa,cavazosfigue171.com.mx,cavazosfigue171,Mid-Market,Servicios Financieros,Pro,Yucatán,Diego Ortega,2023-07-17,18464.00,crm,high,18464.00,MXN,,active,2024-08,21,23.29,12,-0.035361,2024-06,computed,1,0,1.00,Referral,18464.00,1.0.0,2024-08-31
daa4aa7c8cad,HS-100393,ACC-2392,cus_100392,T1,Chávez-Colón,chávezcolón234.com.mx,chavezcolon234,SMB,Alimentos,Basico,Sonora,Luis Peña,2023-02-07,4914.00,crm,high,4914.00,MXN,,active,2024-08,10,9.95,17,-0.025870,2024-06,computed,2,1,4.50,Organic,4914.00,1.0.0,2024-08-31
db6aaecba31f,HS-100083,ACC-2082,cus_100082,T1,Ferrer-Bernal e Hijos,ferrerbernal393.com.mx,ferrerbernal393,SMB,Construcción,Basico,Guanajuato,Jorge Ibarra,2023-03-12,7684.00,crm,high,7684.00,MXN,2023-12-09,churned,2023-12,0,3.40,8,-0.305049,2023-10,computed,1,0,3.00,Referral,0.00,1.0.0,2024-08-31
db9bc2d200e6,HS-100601,ACC-2600,cus_100600,T1,Echeverría-Valdez,echeverríava804.com.mx,echeverriava804,SMB,Retail,Basico,Querétaro,Diego Ortega,2022-09-17,2870.00,crm,high,2870.00,MXN,,active,2024-08,16,15.08,22,-0.034998,2024-06,computed,1,0,4.00,Organic,0.00,1.0.0,2024-08-31
dbad5cfaab50,HS-100142,ACC-2141,cus_100141,T1,"Proyectos Leal, Casares y Galván",proyectos944.com.mx,proyectos944,SMB,Construcción,Basico,Jalisco,Diego Ortega,2024-06-05,6910.00,crm,high,6910.00,MXN,,active,2024-08,4,4.33,1,,2024-06,insufficient_history,2,0,4.50,Outbound SDR,0.00,1.0.0,2024-08-31
dbb9781b47c5,HS-100447,ACC-2446,cus_100446,T1,Amaya y Razo e Hijos,amaya403.com.mx,amaya403,Enterprise,Automotriz,Premium,Estado de México,Fernanda Solís,2023-05-09,65842.00,crm,high,65842.00,MXN,,active,2024-08,69,66.75,14,0.021003,2024-06,computed,1,0,5.00,Organic,0.00,1.0.0,2024-08-31
dbef19a6cece,HS-100290,ACC-2289,cus_100289,T1,Despacho Campos y Gamez,despacho980.com.mx,despacho980,Mid-Market,Automotriz,Pro,Estado de México,Fernanda Solís,2023-11-19,24825.00,crm,high,24825.00,MXN,,active,2024-08,41,35.30,8,0.001494,2024-06,computed,3,0,1.67,Webinar,0.00,1.0.0,2024-08-31
dc2ff4bd4800,HS-100048,ACC-2047,cus_100047,T1,Corporacin Enríquez y Romero,corporacin379.com.mx,corporacin379,SMB,Construcción,Basico,Querétaro,Fernanda Solís,2023-01-24,4334.00,crm,high,4334.00,MXN,,active,2024-08,2,2.55,18,0.069105,2024-06,computed,0,0,,Evento,0.00,1.0.0,2024-08-31
dc7546038f51,HS-100022,ACC-2021,cus_100021,T1,Castro y Saldaña e Hijos,castro520.com.mx,castro520,SMB,Automotriz,Basico,Chihuahua,Luis Peña,2024-06-20,6988.00,crm,high,6988.00,MXN,,active,2024-08,8,8.33,1,,2024-06,insufficient_history,4,0,2.00,Evento,0.00,1.0.0,2024-08-31
dc75715a3853,HS-100529,ACC-2528,cus_100528,T2,Vaca y Borrego S. R.L. de C.V.,vaca12.com.mx,vaca12,SMB,Alimentos,Basico,Querétaro,Marta Díaz,2023-11-20,4172.00,crm,high,4172.00,MXN,,active,2024-08,7,7.40,8,-0.002706,2024-06,computed,1,0,2.00,Organic,4172.00,1.0.0,2024-08-31
dcbec6838ba3,HS-100585,ACC-2584,cus_100584,T1,"Sosa, Sosa y Acuña",sosa420.com.mx,sosa420,Mid-Market,Salud,Pro,Nuevo León,Fernanda Solís,2023-01-19,23993.00,imputed_from_deal,medium,,MXN,,active,2024-08,22,25.40,18,-0.062126,2024-06,computed,2,0,2.50,Paid Search,0.00,1.0.0,2024-08-31
dcf4823a4d63,HS-100614,ACC-2613,cus_100613,T1,Tijerina y Laboy S.C.,tijerina909.com.mx,tijerina909,SMB,Retail,Basico,Chihuahua,Ana Ruiz,2022-07-04,5369.00,crm,high,5369.00,MXN,2023-07-20,churned,2023-07,0,2.45,9,-0.273045,2023-05,computed,2,1,4.00,Referral,0.00,1.0.0,2024-08-31
dcf6784c3f48,HS-100586,ACC-2585,cus_100585,T1,Bahena-Collado,bahenacollad500.com.mx,bahenacollad500,SMB,Retail,Basico,Yucatán,Ana Ruiz,2022-06-21,4724.00,crm,high,4724.00,MXN,,active,2024-08,2,2.38,22,0.073532,2024-06,computed,3,0,2.00,Paid Search,0.00,1.0.0,2024-08-31
dd8109cf375b,HS-100070,ACC-2069,cus_100069,T1,Mendoza A.C.,mendoza583.com.mx,mendoza583,Enterprise,Hospitalidad,Premium,Querétaro,Marta Díaz,2023-09-28,63909.00,crm,high,63909.00,MXN,,active,2024-08,200,186.00,10,-0.004531,2024-06,computed,10,1,3.60,Evento,0.00,1.0.0,2024-08-31
dde4a2325dc6,HS-100506,ACC-2505,cus_100505,T1,Robles y Saldivar S.A.,robles444.com.mx,robles444,SMB,Hospitalidad,Basico,Nuevo León,Jorge Ibarra,2022-03-15,8731.00,crm,high,8731.00,MXN,2024-04-12,churned,2024-04,1,7.25,18,-0.273870,2024-02,computed,0,0,,Organic,8731.00,1.0.0,2024-08-31
de0488775bd0,HS-100502,ACC-2501,cus_100501,T1,Baeza y Segovia S.A. de C.V.,baeza824.com.mx,baeza824,SMB,Retail,Basico,Nuevo León,Luis Peña,2024-03-13,8502.00,crm,high,8502.00,MXN,2024-06-30,churned,2024-06,0,0.75,2,,2024-04,insufficient_history,2,0,4.00,Paid Search,0.00,1.0.0,2024-08-31
de3394369082,HS-100430,ACC-2429,cus_100429,T1,"Alonso, Bañuelos y Paredes",alonso711.com.mx,alonso711,SMB,Salud,Basico,Sonora,Luis Peña,2023-06-26,3158.00,crm,high,3158.00,MXN,,active,2024-08,5,4.53,13,-0.050092,2024-06,computed,3,0,3.00,Referral,0.00,1.0.0,2024-08-31
de3af92df17a,HS-100313,ACC-2312,cus_100312,T1,"Carrión, Mejía y Aparicio",carrión142.com.mx,carrion142,SMB,Agroindustria,Basico,Yucatán,Fernanda Solís,2022-06-15,6249.00,crm,high,6249.00,MXN,,active,2024-08,8,7.25,22,-0.103667,2024-06,computed,0,0,,Organic,6249.00,1.0.0,2024-08-31
de73c32fa777,HS-100364,ACC-2363,cus_100363,T1,Laboratorios Mejía y Bustos,laboratorios41.com.mx,laboratorios41,SMB,Hospitalidad,Basico,Chihuahua,Fernanda Solís,2023-04-16,2596.00,crm,high,2596.00,MXN,,active,2024-08,14,11.76,15,-0.022044,2024-06,computed,1,0,3.00,Partner,0.00,1.0.0,2024-08-31
dfdbf0b4c7e0,HS-100406,ACC-2405,cus_100405,T1,"Castro, Collado y Villalpando",castro753.com.mx,castro753,Enterprise,Logística,Premium,Estado de México,Marta Díaz,2023-11-17,65740.00,crm,high,65740.00,MXN,,active,2024-08,264,271.90,8,-0.105283,2024-06,computed,5,0,2.00,Webinar,0.00,1.0.0,2024-08-31
e044425f0f1a,HS-100403,ACC-2402,cus_100402,T1,Heredia y Ávila S.C.,heredia632.com.mx,heredia632,SMB,Hospitalidad,Basico,Guanajuato,Jorge Ibarra,2022-09-07,3601.00,crm,high,3601.00,MXN,2022-11-12,churned,2022-11,1,3.00,1,,2022-09,insufficient_history,2,1,3.00,Organic,0.00,1.0.0,2024-08-31
e0ed9bc3304b,HS-100494,ACC-2493,cus_100493,T1,Rosario-Delgado,rosariodelga299.com.mx,rosariodelga299,SMB,Construcción,Basico,Guanajuato,Fernanda Solís,2024-03-01,4138.00,crm,high,4138.00,MXN,,active,2024-08,4,5.17,4,-0.000823,2024-06,computed,6,1,2.20,Paid Search,0.00,1.0.0,2024-08-31
e102e7f3e17f,HS-100416,ACC-2415,cus_100415,T1,"Club Henríquez, Lara y Aragón",club532.com.mx,club532,SMB,Agroindustria,Basico,Yucatán,Jorge Ibarra,2022-08-16,6571.00,crm,high,6571.00,MXN,,active,2024-08,5,7.71,22,0.034631,2024-06,computed,4,0,5.00,Outbound SDR,0.00,1.0.0,2024-08-31
e19569d925d2,HS-100606,ACC-2605,cus_100605,T1,Club González-Jasso,club271.com.mx,club271,SMB,Logística,Basico,CDMX,Diego Ortega,2022-08-20,5803.00,crm,high,5803.00,MXN,,active,2024-08,19,14.38,22,0.113581,2024-06,computed,3,0,2.50,Webinar,0.00,1.0.0,2024-08-31
e31d2d4a48e2,HS-100513,ACC-2512,cus_100512,T2,Proyectos Carrasco-Cabrera,proyectos829.com.mx,proyectos829,Enterprise,Manufactura,Premium,Nuevo León,Luis Peña,2023-05-10,51424.00,crm,high,51424.00,MXN,,active,2024-08,118,94.00,14,0.022694,2024-06,computed,4,0,3.33,Partner,0.00,1.0.0,2024-08-31
e37c074286d9,HS-100339,ACC-2338,cus_100338,T1,Zedillo S.C.,zedillo846.com.mx,zedillo846,SMB,Automotriz,Basico,Jalisco,Diego Ortega,2023-01-23,3789.00,crm,high,3789.00,MXN,,active,2024-08,9,13.65,18,-0.023038,2024-06,computed,4,0,2.33,Evento,0.00,1.0.0,2024-08-31
e382b0077d44,HS-100013,ACC-2012,cus_100012,T1,Aguilar-Tejeda,aguilartejed842.com.mx,aguilartejed842,Mid-Market,Construcción,Pro,Sonora,Luis Peña,2022-07-01,19336.00,crm,high,19336.00,MXN,,active,2024-08,30,35.21,22,0.018178,2024-06,computed,8,1,3.40,Evento,0.00,1.0.0,2024-08-31
e4190b8c9edb,HS-100603,ACC-2602,cus_100602,T1,Casárez-Murillo,casárezmuril509.com.mx,casarezmuril509,SMB,Servicios Financieros,Basico,Jalisco,Ana Ruiz,2022-10-04,3701.00,crm,high,3701.00,MXN,,active,2024-08,9,11.78,21,0.041583,2024-06,computed,1,0,,Referral,3701.00,1.0.0,2024-08-31
e43a3fafab38,HS-100372,ACC-2371,cus_100371,T1,"Grupo Casanova, Franco y Jurado",grupo157.com.mx,grupo157,SMB,Logística,Basico,Puebla,Diego Ortega,2023-07-02,3607.00,crm,high,3607.00,MXN,,active,2024-08,11,10.07,12,-0.011909,2024-06,computed,4,0,3.00,Outbound SDR,0.00,1.0.0,2024-08-31
e48d5b78a86a,HS-100337,ACC-2336,cus_100336,T1,Rivero-Ortiz,riveroortiz121.com.mx,riveroortiz121,Mid-Market,Agroindustria,Pro,Nuevo León,Luis Peña,2024-04-10,18667.00,imputed_from_deal,high,,MXN,,active,2024-08,15,15.00,3,-0.000477,2024-06,computed,6,2,2.67,Outbound SDR,18667.00,1.0.0,2024-08-31
e49077a75737,HS-100645,ACC-2644,cus_100644,T1,Jimínez e Hijos,jimínez804.com.mx,jiminez804,SMB,Servicios Financieros,Basico,Estado de México,Jorge Ibarra,2022-10-13,8527.00,crm,high,8527.00,MXN,,active,2024-08,11,11.30,21,0.029566,2024-06,computed,1,1,2.00,Outbound SDR,0.00,1.0.0,2024-08-31
e552d9325009,HS-100383,ACC-2382,cus_100382,T1,Garay y Garay S. R.L. de C.V.,garay879.com.mx,garay879,Mid-Market,Automotriz,Pro,Chihuahua,Jorge Ibarra,2024-03-19,10038.00,crm,high,10038.00,MXN,,active,2024-08,51,59.50,4,0.001050,2024-06,computed,4,0,3.00,Partner,0.00,1.0.0,2024-08-31
e57b67711c10,HS-100296,ACC-2295,cus_100295,T1,Industrias Jaramillo-Jaime,industrias782.com.mx,industrias782,SMB,Construcción,Basico,Yucatán,Marta Díaz,2022-07-09,3305.00,crm,high,3305.00,MXN,,active,2024-08,2,2.54,22,0.041948,2024-06,computed,2,0,1.00,Organic,0.00,1.0.0,2024-08-31
e5bcc1fbee61,HS-100049,ACC-2048,cus_100048,T1,Arellano-Robles S. R.L. de C.V.,arellanorobl827.com.mx,arellanorobl827,SMB,Hospitalidad,Basico,Querétaro,Carla Nuñez,2022-08-09,7357.00,crm,high,7357.00,MXN,,active,2024-08,14,13.50,22,0.000029,2024-06,computed,3,0,2.00,Paid Search,0.00,1.0.0,2024-08-31
e5c032b1ac0b,HS-100014,ACC-2013,cus_100013,T1,"Zayas, Limón y Tejada",zayas323.com.mx,zayas323,SMB,Agroindustria,Basico,Yucatán,Fernanda Solís,2023-01-12,3741.00,crm,high,3741.00,MXN,,active,2024-08,7,7.65,18,0.027645,2024-06,computed,2,0,3.50,Outbound SDR,0.00,1.0.0,2024-08-31
e622c23e2951,HS-100435,ACC-2434,cus_100434,T1,Corporacin Galindo-Niño,corporacin172.com.mx,corporacin172,SMB,Alimentos,Basico,Querétaro,Luis Peña,2022-12-17,2677.00,crm,high,2677.00,MXN,,active,2024-08,6,5.52,19,-0.100982,2024-06,computed,2,0,3.00,Paid Search,0.00,1.0.0,2024-08-31
e7259d79b184,HS-100139,ACC-2138,cus_100138,T1,Curiel-Valentín e Hijos,curielvalent418.com.mx,curielvalent418,SMB,Servicios Financieros,Basico,Jalisco,Jorge Ibarra,2024-02-15,2763.00,crm,high,2763.00,MXN,,active,2024-08,4,4.71,5,-0.004217,2024-06,computed,1,0,,Evento,0.00,1.0.0,2024-08-31
e75f33c9ed23,HS-100105,ACC-2104,cus_100104,T1,Grupo Covarrubias y Cruz,grupo872.com.mx,grupo872,Enterprise,Alimentos,Premium,Querétaro,Diego Ortega,2023-04-16,59952.00,crm,high,59952.00,MXN,,active,2024-08,232,262.53,15,0.013790,2024-06,computed,3,0,,Referral,0.00,1.0.0,2024-08-31
e79544859377,HS-100162,ACC-2161,cus_100161,T1,Malave-Delgado,malavedelgad406.com.mx,malavedelgad406,Mid-Market,Automotriz,Pro,CDMX,Diego Ortega,2023-09-28,9265.00,crm,high,9265.00,MXN,,active,2024-08,31,24.50,10,0.013546,2024-06,computed,6,0,2.75,Referral,0.00,1.0.0,2024-08-31
e883c54c8ca8,HS-100084,ACC-2083,cus_100083,T1,"de la Crúz, García y Carrillo",de478.com.mx,de478,SMB,Servicios Financieros,Basico,Sonora,Jorge Ibarra,2023-04-16,5406.00,crm,high,5406.00,MXN,,active,2024-08,6,6.24,15,-0.018250,2024-06,computed,1,0,2.00,Paid Search,0.00,1.0.0,2024-08-31
e88a6a9945b0,HS-100338,ACC-2337,cus_100337,T1,"Grupo Vallejo, Arriaga y Tejada",grupo157.com.mx,grupo157,Mid-Market,Alimentos,Pro,Chihuahua,Jorge Ibarra,2022-07-02,21242.00,crm,high,21242.00,MXN,,active,2024-08,22,22.04,22,0.024360,2024-06,computed,6,1,2.80,Evento,0.00,1.0.0,2024-08-31
e8f392fbcfbd,HS-100322,ACC-2321,cus_100321,T1,Montez-Peres,montezperes103.com.mx,montezperes103,Mid-Market,Manufactura,Pro,Nuevo León,Fernanda Solís,2023-10-04,19823.00,imputed_from_deal,medium,,MXN,,active,2024-08,41,41.36,9,0.015627,2024-06,computed,3,0,4.33,Partner,0.00,1.0.0,2024-08-31
e9214ee5bf0b,HS-100627,ACC-2626,cus_100626,T1,"Aguayo, Arellano y Treviño",aguayo535.com.mx,aguayo535,SMB,Servicios Financieros,Basico,Nuevo León,Jorge Ibarra,2024-06-26,5062.00,crm,high,5062.00,MXN,,active,2024-08,16,14.00,1,,2024-06,insufficient_history,1,0,,Partner,0.00,1.0.0,2024-08-31
e96833e2c6bb,HS-100449,ACC-2448,cus_100448,T1,Escalante y Aguilera A.C.,escalante974.com.mx,escalante974,SMB,Alimentos,Basico,Yucatán,Fernanda Solís,2022-10-06,5998.00,crm,high,5998.00,MXN,2023-03-10,churned,2023-03,1,5.17,4,-0.160000,2023-01,computed,1,0,4.00,Webinar,71976.00,1.0.0,2024-08-31
e9e407e1731c,HS-100511,ACC-2510,cus_100510,T1,Saldaña y Munguía e Hijos,saldaña558.com.mx,saldana558,Mid-Market,Alimentos,Pro,Guanajuato,Carla Nuñez,2024-05-03,24881.00,crm,high,24881.00,MXN,,active,2024-08,15,16.25,2,,2024-06,insufficient_history,3,0,2.33,Partner,0.00,1.0.0,2024-08-31
ea8725dcabb1,HS-100071,ACC-2070,cus_100070,T1,"Haro, Bahena y Alva",haro441.com.mx,haro441,Mid-Market,Construcción,Pro,Puebla,Fernanda Solís,2024-06-19,19559.00,crm,high,19559.00,MXN,,active,2024-08,30,29.33,1,,2024-06,insufficient_history,5,0,2.00,Paid Search,0.00,1.0.0,2024-08-31
eab9d5094af3,HS-100318,ACC-2317,cus_100317,T1,"Espinal, de la Rosa y Guerra",espinal125.com.mx,espinal125,SMB,Logística,Basico,Guanajuato,Jorge Ibarra,2022-08-13,6697.00,crm,high,6697.00,MXN,,active,2024-08,13,11.54,22,-0.064397,2024-06,computed,5,0,3.60,Evento,0.00,1.0.0,2024-08-31
eb0b897c470a,HS-100639,ACC-2638,cus_100638,T1,Club Baeza-Jaramillo,club119.com.mx,club119,SMB,Agroindustria,Basico,Estado de México,Carla Nuñez,2022-04-20,8232.00,crm,high,8232.00,MXN,,active,2024-08,3,2.50,22,-0.079591,2024-06,computed,4,0,2.00,Organic,0.00,1.0.0,2024-08-31
eb11583a635e,HS-100345,ACC-2344,cus_100344,T1,"Lebrón, Vallejo y Polanco",lebrón224.com.mx,lebron224,SMB,Agroindustria,Basico,Jalisco,Fernanda Solís,2022-08-27,6737.00,crm,high,6737.00,MXN,,active,2024-08,4,4.54,22,0.012845,2024-06,computed,2,0,2.50,Evento,0.00,1.0.0,2024-08-31
eb6e17931ac2,HS-100605,ACC-2604,cus_100604,T1,Guardado-Chapa,guardadochap741.com.mx,guardadochap741,SMB,Retail,Basico,Yucatán,Luis Peña,2023-02-09,7927.00,crm,high,7927.00,MXN,,active,2024-08,5,5.42,17,-0.034320,2024-06,computed,2,0,5.00,Partner,0.00,1.0.0,2024-08-31
eb78824cdc91,HS-100187,ACC-2186,cus_100186,T1,"Marroquín, Leiva y Maya",marroquín797.com.mx,marroquin797,Mid-Market,Alimentos,Pro,Sonora,Luis Peña,2023-03-28,25817.00,crm,high,25817.00,MXN,2024-02-08,churned,2024-02,2,15.50,10,-0.257644,2023-12,computed,3,0,4.50,Outbound SDR,0.00,1.0.0,2024-08-31
ebaae71bb69b,HS-100650,ACC-2649,cus_100649,T1,"Laboratorios Acevedo, Roldán y Quezada",laboratorios387.com.mx,laboratorios387,SMB,Retail,Basico,Nuevo León,Luis Peña,2024-03-23,2332.00,crm,high,2332.00,MXN,,active,2024-08,14,14.83,4,-0.016539,2024-06,computed,2,0,4.50,Partner,0.00,1.0.0,2024-08-31
ecd54f585087,HS-100599,ACC-2598,cus_100598,T1,Industrias Rosado-Gaona,industrias431.com.mx,industrias431,SMB,Logística,Basico,Sonora,Carla Nuñez,2023-05-10,7420.00,crm,high,7420.00,MXN,,active,2024-08,4,4.50,14,0.031091,2024-06,computed,4,1,4.33,Webinar,0.00,1.0.0,2024-08-31
ed0225bd89c5,HS-100593,ACC-2592,cus_100592,T1,Gil S.A.,gil910.com.mx,gil910,SMB,Educación,Basico,Guanajuato,Jorge Ibarra,2023-04-10,7626.00,crm,high,7626.00,MXN,,active,2024-08,4,3.71,15,-0.005019,2024-06,computed,3,0,3.00,Paid Search,0.00,1.0.0,2024-08-31
ed5931954b72,HS-100531,ACC-2530,cus_100530,T1,Zelaya S. R.L. de C.V.,zelaya505.com.mx,zelaya505,Mid-Market,Educación,Pro,Yucatán,Diego Ortega,2024-04-11,20509.00,crm,high,20509.00,MXN,,active,2024-08,21,19.60,3,0.010677,2024-06,computed,5,1,3.75,Paid Search,0.00,1.0.0,2024-08-31
eda37dec809b,HS-100491,ACC-2490,cus_100490,T1,Espinal-Coronado,espinalcoron287.com.mx,espinalcoron287,SMB,Agroindustria,Basico,Chihuahua,Diego Ortega,2024-03-29,2762.00,crm,high,2762.00,MXN,,active,2024-08,8,7.50,4,0.028897,2024-06,computed,0,0,,Organic,0.00,1.0.0,2024-08-31
ee1a76c497e4,HS-100394,ACC-2393,cus_100393,T1,Proyectos Baca y Becerra,proyectos390.com.mx,proyectos390,Mid-Market,Automotriz,Pro,Jalisco,Ana Ruiz,2022-07-24,18678.00,crm,high,18678.00,MXN,,active,2024-08,35,35.96,22,0.014675,2024-06,computed,6,0,2.50,Partner,0.00,1.0.0,2024-08-31
ef0e67d8ffaf,HS-100297,ACC-2296,cus_100296,T1,Despacho Sánchez-Carmona,despacho93.com.mx,despacho93,Mid-Market,Manufactura,Pro,Sonora,Luis Peña,2022-11-18,25562.00,crm,high,25562.00,MXN,,active,2024-08,44,41.86,20,-0.004948,2024-06,computed,4,0,3.50,Referral,0.00,1.0.0,2024-08-31
ef28de0cbaf4,HS-100247,ACC-2246,cus_100246,T1,Abrego S.C.,abrego40.com.mx,abrego40,SMB,Tecnología,Basico,Yucatán,Diego Ortega,2022-10-01,4350.00,crm,high,4350.00,MXN,,active,2024-08,13,13.43,21,0.006703,2024-06,computed,1,0,,Organic,0.00,1.0.0,2024-08-31
ef9605d5a1d4,HS-100464,ACC-2463,cus_100463,T1,"Lovato, Cortés y Abreu",lovato987.com.mx,lovato987,Mid-Market,Salud,Pro,Jalisco,Marta Díaz,2023-03-25,19305.00,crm,high,19305.00,MXN,,active,2024-08,53,53.00,16,0.076954,2024-06,computed,7,0,2.00,Referral,0.00,1.0.0,2024-08-31
efdc46580159,HS-100268,ACC-2267,cus_100267,T2,Grupo Ceja y Galván,grupo688.com.mx,grupo688,Mid-Market,Retail,Pro,Nuevo León,Fernanda Solís,2023-12-16,22310.00,crm,high,22310.00,MXN,,active,2024-08,20,20.22,7,0.004792,2024-06,computed,1,0,1.00,Organic,22310.00,1.0.0,2024-08-31
efe6dcc1eacd,HS-100470,ACC-2469,cus_100469,T1,Bétancourt-Sánchez y Asociados,bétancourtsá602.com.mx,betancourtsa602,Enterprise,Manufactura,Premium,Estado de México,Ana Ruiz,2022-12-11,45182.00,crm,high,45182.00,MXN,,active,2024-08,101,125.86,19,-0.006921,2024-06,computed,4,0,2.00,Evento,0.00,1.0.0,2024-08-31
eff19c144690,HS-100275,ACC-2274,cus_100274,T2,"Proyectos Muñiz, Benavídez y Rivero",proyectos177.com.mx,proyectos177,SMB,Alimentos,Basico,Guanajuato,Diego Ortega,2022-08-10,7843.00,imputed_from_deal,medium,,MXN,,active,2024-08,18,13.67,22,0.000803,2024-06,computed,1,0,,Evento,0.00,1.0.0,2024-08-31
f08e91043b03,HS-100285,ACC-2284,cus_100284,T1,de la O-Niño,de651.com.mx,de651,Mid-Market,Construcción,Pro,Chihuahua,Carla Nuñez,2023-04-28,17993.00,crm,high,17993.00,MXN,,active,2024-08,47,42.12,15,0.034219,2024-06,computed,2,0,2.00,Partner,0.00,1.0.0,2024-08-31
f08eb23cc0db,HS-100143,ACC-2142,cus_100142,T1,Puente e Hijos,puente792.com.mx,puente792,SMB,Logística,Basico,Querétaro,Carla Nuñez,2023-08-16,8471.00,crm,high,8471.00,MXN,,active,2024-08,8,7.54,11,-0.009920,2024-06,computed,1,0,3.00,Webinar,0.00,1.0.0,2024-08-31
f16517f6876a,HS-100417,ACC-2416,cus_100416,T2,"Grupo Macías, Canales y Rolón",grupo603.com.mx,grupo603,SMB,Automotriz,Basico,Yucatán,Ana Ruiz,2023-01-22,7656.00,crm,high,7656.00,MXN,,active,2024-08,2,3.45,18,0.044650,2024-06,computed,2,1,1.00,Webinar,0.00,1.0.0,2024-08-31
f189adcdf97f,HS-100376,ACC-2375,cus_100375,T1,"Club Marrero, Guzmán y Vela",club423.com.mx,club423,SMB,Manufactura,Basico,Puebla,Ana Ruiz,2023-06-22,3126.00,crm,high,3126.00,MXN,,active,2024-08,10,12.40,13,0.039961,2024-06,computed,3,0,3.00,Outbound SDR,0.00,1.0.0,2024-08-31
f1a6ca1331db,HS-100032,ACC-2031,cus_100031,T1,Meraz-Cintrón,merazcintrón97.com.mx,merazcintron97,SMB,Construcción,Basico,CDMX,Jorge Ibarra,2022-06-03,2794.00,crm,high,2794.00,MXN,,active,2024-08,8,7.42,22,-0.013320,2024-06,computed,4,1,1.75,Referral,0.00,1.0.0,2024-08-31
f268910f164f,HS-100015,ACC-2014,cus_100014,T1,"Perea, Vanegas y Mayorga",perea272.com.mx,perea272,SMB,Tecnología,Basico,Sonora,Marta Díaz,2023-04-29,3143.00,crm,high,3143.00,MXN,,active,2024-08,17,14.35,15,0.000026,2024-06,computed,0,0,,Webinar,0.00,1.0.0,2024-08-31
f278c285db4a,HS-100113,ACC-2112,cus_100112,T1,Club Espinoza y Magaña,club290.com.mx,club290,Enterprise,Hospitalidad,Premium,Querétaro,Luis Peña,2024-04-29,47414.00,crm,high,47414.00,MXN,,active,2024-08,252,232.20,3,0.027005,2024-06,computed,2,0,4.00,Evento,0.00,1.0.0,2024-08-31
f2bfbed8aeda,HS-100200,ACC-2199,cus_100199,T1,Club Torres-Trujillo,club118.com.mx,club118,Mid-Market,Salud,Pro,Chihuahua,Jorge Ibarra,2023-06-29,18128.00,crm,high,18128.00,MXN,,active,2024-08,44,36.00,13,0.018379,2024-06,computed,4,0,4.33,Organic,0.00,1.0.0,2024-08-31
f2f553d01764,HS-100033,ACC-2032,cus_100032,T2,Heredia-Carrión,herediacarri670.com.mx,herediacarri670,SMB,Automotriz,Basico,Jalisco,Marta Díaz,2024-06-29,7293.00,crm,high,7293.00,MXN,,active,2024-08,15,11.33,1,,2024-06,insufficient_history,0,0,,Outbound SDR,0.00,1.0.0,2024-08-31
f3488af55845,HS-100519,ACC-2518,cus_100518,T1,Amaya y Vázquez y Asociados,amaya21.com.mx,amaya21,Enterprise,Construcción,Premium,Puebla,Carla Nuñez,2023-07-01,28044.00,crm,high,28044.00,MXN,,active,2024-08,268,286.64,12,0.056474,2024-06,computed,2,0,1.00,Partner,0.00,1.0.0,2024-08-31
f34cb98c7172,HS-100561,ACC-2560,cus_100560,T1,"Corporacin Almanza, Vargas y Benavides",corporacin497.com.mx,corporacin497,Mid-Market,Agroindustria,Pro,Chihuahua,Ana Ruiz,2024-02-23,25924.00,crm,high,25924.00,MXN,,active,2024-08,22,25.43,5,-0.002856,2024-06,computed,2,0,3.00,Webinar,0.00,1.0.0,2024-08-31
f4369dc52865,HS-100644,ACC-2643,cus_100643,T1,Corporacin Nieto-Pantoja,corporacin758.com.mx,corporacin758,SMB,Automotriz,Basico,Puebla,Jorge Ibarra,2022-12-23,6602.00,crm,high,6602.00,MXN,,active,2024-08,11,11.19,19,0.001714,2024-06,computed,3,0,4.50,Webinar,0.00,1.0.0,2024-08-31
f43c5b31b192,HS-100194,ACC-2193,cus_100193,T1,Acosta A.C.,acosta409.com.mx,acosta409,Mid-Market,Alimentos,Pro,Querétaro,Fernanda Solís,2023-03-27,12115.00,crm,high,12115.00,MXN,,active,2024-08,17,18.61,16,-0.058720,2024-06,computed,3,0,1.67,Partner,145380.00,1.0.0,2024-08-31
f4738f0dd8aa,HS-100237,ACC-2236,cus_100236,T1,"Proyectos Perales, Narváez y Nazario",proyectos790.com.mx,proyectos790,SMB,Agroindustria,Basico,Guanajuato,Jorge Ibarra,2024-03-01,7117.00,crm,high,7117.00,MXN,,active,2024-08,14,13.33,4,-0.030069,2024-06,computed,1,0,,Evento,0.00,1.0.0,2024-08-31
f51f42af8a26,HS-100130,ACC-2129,cus_100129,T1,Mayorga-Corona,mayorgacoron974.com.mx,mayorgacoron974,SMB,Hospitalidad,Basico,Chihuahua,Jorge Ibarra,2022-08-16,2169.00,crm,high,2169.00,MXN,2023-04-12,churned,2023-04,1,7.38,6,-0.222639,2023-02,computed,2,0,3.50,Webinar,0.00,1.0.0,2024-08-31
f53160415402,HS-100553,ACC-2552,cus_100552,T1,Nava S.C.,nava581.com.mx,nava581,Mid-Market,Tecnología,Pro,Querétaro,Diego Ortega,2024-03-31,12283.00,imputed_from_deal,high,,MXN,2024-06-05,churned,2024-06,7,18.25,2,,2024-04,insufficient_history,5,0,3.00,Paid Search,12283.00,1.0.0,2024-08-31
f5dc072a79ed,HS-100440,ACC-2439,cus_100439,T1,Montoya S.A.,montoya896.com.mx,montoya896,SMB,Logística,Basico,Jalisco,Diego Ortega,2022-08-11,2264.00,crm,high,2264.00,MXN,,active,2024-08,10,13.21,22,-0.064027,2024-06,computed,1,1,2.00,Organic,0.00,1.0.0,2024-08-31
f60394aa4454,HS-100245,ACC-2244,cus_100244,T1,Leyva-Aponte,leyvaaponte406.com.mx,leyvaaponte406,SMB,Manufactura,Basico,Guanajuato,Ana Ruiz,2024-01-20,6112.00,crm,high,6112.00,MXN,,active,2024-08,8,7.75,6,-0.041159,2024-06,computed,1,0,3.00,Evento,0.00,1.0.0,2024-08-31
f618418fca35,HS-100157,ACC-2156,cus_100156,T1,Grupo Montoya-Canales,grupo935.com.mx,grupo935,Mid-Market,Alimentos,Pro,Yucatán,Marta Díaz,2022-09-10,13689.00,crm,high,13689.00,MXN,,active,2024-08,42,43.50,22,-0.007419,2024-06,computed,10,0,2.17,Outbound SDR,0.00,1.0.0,2024-08-31
f6c34b74fdf2,HS-100428,ACC-2427,cus_100427,T1,Industrias Delgadillo-Zapata,industrias866.com.mx,industrias866,Enterprise,Salud,Premium,Querétaro,Diego Ortega,2023-07-02,81329.00,crm,high,81329.00,MXN,,active,2024-08,351,297.43,12,0.080225,2024-06,computed,5,0,2.50,Evento,0.00,1.0.0,2024-08-31
f750af5db82c,HS-100044,ACC-2043,cus_100043,T1,Acosta S.A.,acosta674.com.mx,acosta674,Enterprise,Educación,Premium,Puebla,Marta Díaz,2024-06-17,62261.00,crm,high,62261.00,MXN,,active,2024-08,208,227.33,1,,2024-06,insufficient_history,5,1,2.75,Outbound SDR,0.00,1.0.0,2024-08-31
f7b188c45db9,HS-100023,ACC-2022,cus_100022,T1,Proyectos Piña-Patiño,proyectos941.com.mx,proyectos941,SMB,Servicios Financieros,Basico,Querétaro,Diego Ortega,2023-05-10,2004.00,crm,high,2004.00,MXN,2024-01-10,churned,2024-01,2,8.78,7,-0.168229,2023-11,computed,2,0,4.00,Webinar,2004.00,1.0.0,2024-08-31
f7c843dcd62a,HS-100301,ACC-2300,cus_100300,T1,Nava-Mondragón S.A. de C.V.,navamondragó296.com.mx,navamondrago296,SMB,Servicios Financieros,Basico,Querétaro,Carla Nuñez,2023-04-13,2602.00,crm,high,2602.00,MXN,,active,2024-08,6,6.53,15,-0.027015,2024-06,computed,0,0,,Evento,2602.00,1.0.0,2024-08-31
f81f32be9b74,HS-100409,ACC-2408,cus_100408,T1,Rangel y Alfaro e Hijos,rangel817.com.mx,rangel817,Enterprise,Alimentos,Premium,Estado de México,Diego Ortega,2022-10-12,81671.00,crm,high,81671.00,MXN,,active,2024-08,87,75.74,21,0.009759,2024-06,computed,2,0,2.00,Paid Search,0.00,1.0.0,2024-08-31
f8253f98cbef,HS-100276,ACC-2275,cus_100275,T1,"Grupo Estévez, Tamayo y Raya",grupo356.com.mx,grupo356,SMB,Automotriz,Basico,Nuevo León,Marta Díaz,2024-02-13,7812.00,crm,high,7812.00,MXN,,active,2024-08,6,6.57,5,0.066275,2024-06,computed,1,0,4.00,Partner,0.00,1.0.0,2024-08-31
f8ef2a0febfc,HS-100341,ACC-2340,cus_100340,T1,Ureña S. R.L. de C.V.,ureña925.com.mx,urena925,SMB,Servicios Financieros,Basico,Guanajuato,Luis Peña,2022-07-09,6140.00,crm,high,6140.00,MXN,,active,2024-08,13,14.04,22,0.018586,2024-06,computed,2,0,2.00,Evento,6140.00,1.0.0,2024-08-31
f9258b3410f9,HS-100590,ACC-2589,cus_100589,T1,Saldivar-Longoria,saldivarlong196.com.mx,saldivarlong196,SMB,Servicios Financieros,Basico,Guanajuato,Luis Peña,2023-12-22,2146.00,crm,high,2146.00,MXN,,active,2024-08,3,2.67,7,0.003280,2024-06,computed,3,0,1.00,Webinar,0.00,1.0.0,2024-08-31
f9d56b104a2b,HS-100544,ACC-2543,cus_100543,T1,Zamora-Luna,zamoraluna64.com.mx,zamoraluna64,Mid-Market,Hospitalidad,Pro,Chihuahua,Diego Ortega,2023-06-16,12168.00,crm,high,12168.00,MXN,,active,2024-08,21,20.00,13,-0.048146,2024-06,computed,4,0,1.50,Referral,0.00,1.0.0,2024-08-31
fa78e5fd572a,HS-100401,ACC-2400,cus_100400,T1,"Corporacin Varela, Mesa y Collazo",corporacin275.com.mx,corporacin275,SMB,Logística,Basico,Querétaro,Jorge Ibarra,2023-02-08,6039.00,crm,high,6039.00,MXN,2023-08-28,churned,2023-08,1,5.71,5,-0.192003,2023-06,computed,3,0,4.00,Organic,0.00,1.0.0,2024-08-31
fa963456da9c,HS-100558,ACC-2557,cus_100557,T2,de la Rosa-Molina,de288.com.mx,de288,SMB,Logística,Basico,Puebla,Ana Ruiz,2022-11-21,8904.00,crm,high,8904.00,MXN,,active,2024-08,5,5.68,20,-0.047447,2024-06,computed,2,0,3.00,Webinar,0.00,1.0.0,2024-08-31
fb754cb6ae6b,HS-100025,ACC-2024,cus_100024,T2,Marrero-Prieto,marreropriet785.com.mx,marreropriet785,SMB,Servicios Financieros,Basico,Nuevo León,Carla Nuñez,2022-11-07,3030.00,crm,high,3030.00,MXN,,active,2024-08,3,3.50,20,0.071063,2024-06,computed,1,0,3.00,Evento,0.00,1.0.0,2024-08-31
fb8b03e9c21b,HS-100254,ACC-2253,cus_100253,T1,"Laboratorios Ulibarri, Delgadillo y Madrigal",laboratorios977.com.mx,laboratorios977,SMB,Retail,Basico,Chihuahua,Carla Nuñez,2022-06-16,6309.00,crm,high,6309.00,MXN,,active,2024-08,15,13.54,22,0.028327,2024-06,computed,2,0,4.00,Evento,0.00,1.0.0,2024-08-31
fca6820379e6,HS-100283,ACC-2282,cus_100282,T1,"Magaña, Soto y Alarcón",magaña515.com.mx,magana515,SMB,Educación,Basico,Guanajuato,Luis Peña,2023-02-14,2453.00,crm,high,2453.00,MXN,2023-07-08,churned,2023-07,2,9.00,4,-0.159663,2023-05,computed,2,0,3.00,Paid Search,0.00,1.0.0,2024-08-31
fcb92db97bd8,HS-100458,ACC-2457,cus_100457,T1,Laureano y Moreno S.A.,laureano532.com.mx,laureano532,SMB,Construcción,Basico,Jalisco,Diego Ortega,2023-12-27,7570.00,crm,high,7570.00,MXN,2024-04-08,churned,2024-04,0,3.00,3,-0.118780,2024-02,computed,4,0,2.00,Partner,0.00,1.0.0,2024-08-31
