source_system,source_id,master_id,tier,score,score_runner_up,score_margin,candidate_count,blocking_rule,evidence_json,veto_applied,veto_reason,needs_review,ruleset_version,decided_by,decided_at
crm_hubspot,HS-100001,b5e018ec0013,S,,,,1,none,"{""domain_label"":""gaitan115"",""name_norm"":""gaitan olmos y paredes""}",False,,False,1.0.0,worky_engine,2024-08-31
crm_hubspot,HS-100002,51b8827af99f,S,,,,1,none,"{""domain_label"":""guillen759"",""name_norm"":""guillen y saucedo""}",False,,False,1.0.0,worky_engine,2024-08-31
crm_hubspot,HS-100003,4241a3ce2f40,S,,,,1,none,"{""domain_label"":""granados239"",""name_norm"":""granados y solis""}",False,,False,1.0.0,worky_engine,2024-08-31
crm_hubspot,HS-100004,6d621ac6bce1,S,,,,1,none,"{""domain_label"":""club226"",""name_norm"":""club medrano y mercado""}",False,,False,1.0.0,worky_engine,2024-08-31
crm_hubspot,HS-100005,793be83a3632,S,,,,1,none,"{""domain_label"":""club433"",""name_norm"":""club jasso y puente""}",False,,False,1.0.0,worky_engine,2024-08-31
crm_hubspot,HS-100006,5df58f1cd011,S,,,,1,none,"{""domain_label"":""cuellarceja100"",""name_norm"":""cuellar ceja""}",False,,False,1.0.0,worky_engine,2024-08-31
crm_hubspot,HS-100007,d7e2debcb1e4,S,,,,1,none,"{""domain_label"":""cabrera128"",""name_norm"":""cabrera s c""}",False,,False,1.0.0,worky_engine,2024-08-31
crm_hubspot,HS-100008,bfcc93c1234c,S,,,,1,none,"{""domain_label"":""frias592"",""name_norm"":""frias briseno y molina""}",False,,False,1.0.0,worky_engine,2024-08-31
crm_hubspot,HS-100009,2cc32419a667,S,,,,1,none,"{""domain_label"":""gonzalezserr876"",""name_norm"":""gonzalez serrano a c""}",False,,False,1.0.0,worky_engine,2024-08-31
crm_hubspot,HS-100010,00fd17d94d91,S,,,,1,none,"{""domain_label"":""proyectos380"",""name_norm"":""proyectos zamora amaya y rosales""}",False,,False,1.0.0,worky_engine,2024-08-31
crm_hubspot,HS-100011,7673a68d1cc4,S,,,,1,none,"{""domain_label"":""aragon651"",""name_norm"":""aragon rodriguez y carmona""}",False,,False,1.0.0,worky_engine,2024-08-31
crm_hubspot,HS-100012,2abb19d06446,S,,,,1,none,"{""domain_label"":""zaragoza948"",""name_norm"":""zaragoza""}",False,,False,1.0.0,worky_engine,2024-08-31
crm_hubspot,HS-100013,e382b0077d44,S,,,,1,none,"{""domain_label"":""aguilartejed842"",""name_norm"":""aguilar tejeda""}",False,,False,1.0.0,worky_engine,2024-08-31
crm_hubspot,HS-100014,e5c032b1ac0b,S,,,,1,none,"{""domain_label"":""zayas323"",""name_norm"":""zayas limon y tejada""}",False,,False,1.0.0,worky_engine,2024-08-31
crm_hubspot,HS-100015,f268910f164f,S,,,,1,none,"{""domain_label"":""perea272"",""name_norm"":""perea vanegas y mayorga""}",False,,False,1.0.0,worky_engine,2024-08-31
crm_hubspot,HS-100016,4b51faa01f35,S,,,,1,none,"{""domain_label"":""cabrera920"",""name_norm"":""cabrera y galvan s r l de c v""}",False,,False,1.0.0,worky_engine,2024-08-31
crm_hubspot,HS-100017,0044b4ee820c,S,,,,1,none,"{""domain_label"":""club774"",""name_norm"":""club badillo ruelas y almonte""}",False,,False,1.0.0,worky_engine,2024-08-31
crm_hubspot,HS-100018,5284a262a4a1,S,,,,1,none,"{""domain_label"":""mateorolon66"",""name_norm"":""mateo rolon s r l de c v""}",False,,False,1.0.0,worky_engine,2024-08-31
crm_hubspot,HS-100019,82b3be1a7259,S,,,,1,none,"{""domain_label"":""laboratorios882"",""name_norm"":""laboratorios ulibarri duarte""}",False,,False,1.0.0,worky_engine,2024-08-31
crm_hubspot,HS-100020,7ed9ffed0ce9,S,,,,1,none,"{""domain_label"":""espinosa349"",""name_norm"":""espinosa valdez y tamez""}",False,,False,1.0.0,worky_engine,2024-08-31
crm_hubspot,HS-100021,7c49bd17517b,S,,,,1,none,"{""domain_label"":""rivera781"",""name_norm"":""rivera y frias""}",False,,False,1.0.0,worky_engine,2024-08-31
crm_hubspot,HS-100022,dc7546038f51,S,,,,1,none,"{""domain_label"":""castro520"",""name_norm"":""castro y saldana""}",False,,False,1.0.0,worky_engine,2024-08-31
crm_hubspot,HS-100023,f7b188c45db9,S,,,,1,none,"{""domain_label"":""proyectos941"",""name_norm"":""proyectos pina patino""}",False,,False,1.0.0,worky_engine,2024-08-31
crm_hubspot,HS-100024,6d7170e9789b,S,,,,1,none,"{""domain_label"":""narvaez60"",""name_norm"":""narvaez madera y roldan""}",False,,False,1.0.0,worky_engine,2024-08-31
crm_hubspot,HS-100025,fb754cb6ae6b,S,,,,1,none,"{""domain_label"":""marreropriet785"",""name_norm"":""marrero prieto""}",False,,False,1.0.0,worky_engine,2024-08-31
crm_hubspot,HS-100026,ca4b97d0cb79,S,,,,1,none,"{""domain_label"":""corporacin541"",""name_norm"":""corporacin sosa mora y villareal""}",False,,False,1.0.0,worky_engine,2024-08-31
crm_hubspot,HS-100027,5205e01e1434,S,,,,1,none,"{""domain_label"":""laboratorios320"",""name_norm"":""laboratorios godoy y toledo""}",False,,False,1.0.0,worky_engine,2024-08-31
crm_hubspot,HS-100028,d3d6430ce9c4,S,,,,1,none,"{""domain_label"":""sanches231"",""name_norm"":""sanches""}",False,,False,1.0.0,worky_engine,2024-08-31
crm_hubspot,HS-100029,8dc56996e31a,S,,,,1,none,"{""domain_label"":""villagomezde8"",""name_norm"":""villagomez de jesus""}",False,,False,1.0.0,worky_engine,2024-08-31
crm_hubspot,HS-100030,800f2eb56933,S,,,,1,none,"{""domain_label"":""garcia527"",""name_norm"":""garcia s r l de c v""}",False,,False,1.0.0,worky_engine,2024-08-31
crm_hubspot,HS-100031,6cfc2bb220b5,S,,,,1,none,"{""domain_label"":""casas958"",""name_norm"":""casas y salinas""}",False,,False,1.0.0,worky_engine,2024-08-31
crm_hubspot,HS-100032,f1a6ca1331db,S,,,,1,none,"{""domain_label"":""merazcintron97"",""name_norm"":""meraz cintron""}",False,,False,1.0.0,worky_engine,2024-08-31
crm_hubspot,HS-100033,f2f553d01764,S,,,,1,none,"{""domain_label"":""herediacarri670"",""name_norm"":""heredia carrion""}",False,,False,1.0.0,worky_engine,2024-08-31
crm_hubspot,HS-100034,c0d5050c1786,S,,,,1,none,"{""domain_label"":""proyectos197"",""name_norm"":""proyectos barraza mata""}",False,,False,1.0.0,worky_engine,2024-08-31
crm_hubspot,HS-100035,890c3cae550f,S,,,,1,none,"{""domain_label"":""aponte256"",""name_norm"":""aponte bueno y orosco""}",False,,False,1.0.0,worky_engine,2024-08-31
crm_hubspot,HS-100036,5ad6ce2d765a,S,,,,1,none,"{""domain_label"":""navarreteber668"",""name_norm"":""navarrete berrios s a""}",False,,False,1.0.0,worky_engine,2024-08-31
crm_hubspot,HS-100037,99340d33f3fb,S,,,,1,none,"{""domain_label"":""narvaezrolon417"",""name_norm"":""narvaez rolon""}",False,,False,1.0.0,worky_engine,2024-08-31
crm_hubspot,HS-100038,70ea0c23bdb2,S,,,,1,none,"{""domain_label"":""miramontes3"",""name_norm"":""miramontes y zambrano""}",False,,False,1.0.0,worky_engine,2024-08-31
crm_hubspot,HS-100039,8e811d2dc5a1,S,,,,1,none,"{""domain_label"":""enriquezoliv714"",""name_norm"":""enriquez olivarez""}",False,,False,1.0.0,worky_engine,2024-08-31
crm_hubspot,HS-100040,da2408f43334,S,,,,1,none,"{""domain_label"":""proyectos223"",""name_norm"":""proyectos quezada hernandes y arce""}",False,,False,1.0.0,worky_engine,2024-08-31
crm_hubspot,HS-100041,9aab1444c5d3,S,,,,1,none,"{""domain_label"":""iglesiasprad52"",""name_norm"":""iglesias prado a c""}",False,,False,1.0.0,worky_engine,2024-08-31
crm_hubspot,HS-100042,078d848b2f9f,S,,,,1,none,"{""domain_label"":""maldonadobue984"",""name_norm"":""maldonado bueno""}",False,,False,1.0.0,worky_engine,2024-08-31
crm_hubspot,HS-100043,840d8a53bce8,S,,,,1,none,"{""domain_label"":""laboratorios123"",""name_norm"":""laboratorios caldera arredondo""}",False,,False,1.0.0,worky_engine,2024-08-31
crm_hubspot,HS-100044,f750af5db82c,S,,,,1,none,"{""domain_label"":""acosta674"",""name_norm"":""acosta s a""}",False,,False,1.0.0,worky_engine,2024-08-31
crm_hubspot,HS-100045,621d856f0a4b,S,,,,1,none,"{""domain_label"":""industrias734"",""name_norm"":""industrias soto luna y llamas""}",False,,False,1.0.0,worky_engine,2024-08-31
crm_hubspot,HS-100046,6d6157f05d37,S,,,,1,none,"{""domain_label"":""figueroa324"",""name_norm"":""figueroa villa y rojo""}",False,,False,1.0.0,worky_engine,2024-08-31
crm_hubspot,HS-100047,88a8efcac170,S,,,,1,none,"{""domain_label"":""despacho551"",""name_norm"":""despacho fonseca toro""}",False,,False,1.0.0,worky_engine,2024-08-31
crm_hubspot,HS-100048,dc2ff4bd4800,S,,,,1,none,"{""domain_label"":""corporacin379"",""name_norm"":""corporacin enriquez y romero""}",False,,False,1.0.0,worky_engine,2024-08-31
crm_hubspot,HS-100049,e5bcc1fbee61,S,,,,1,none,"{""domain_label"":""arellanorobl827"",""name_norm"":""arellano robles s r l de c v""}",False,,False,1.0.0,worky_engine,2024-08-31
crm_hubspot,HS-100050,a50bd28fa87f,S,,,,1,none,"{""domain_label"":""arredondo107"",""name_norm"":""arredondo mateo y alcantar""}",False,,False,1.0.0,worky_engine,2024-08-31
crm_hubspot,HS-100051,9a903bd17a09,S,,,,1,none,"{""domain_label"":""pena279"",""name_norm"":""pena y aguirre s c""}",False,,False,1.0.0,worky_engine,2024-08-31
crm_hubspot,HS-100052,48633a3c243e,S,,,,1,none,"{""domain_label"":""cordero501"",""name_norm"":""cordero s a""}",False,,False,1.0.0,worky_engine,2024-08-31
crm_hubspot,HS-100053,61c8003722fd,S,,,,1,none,"{""domain_label"":""sevilla4"",""name_norm"":""sevilla prado y galvez""}",False,,False,1.0.0,worky_engine,2024-08-31
crm_hubspot,HS-100054,9bf0ba4ae3b0,S,,,,1,none,"{""domain_label"":""club723"",""name_norm"":""club soto solorio""}",False,,False,1.0.0,worky_engine,2024-08-31
crm_hubspot,HS-100055,3f9a1cc61de5,S,,,,1,none,"{""domain_label"":""leon37"",""name_norm"":""leon s a""}",False,,False,1.0.0,worky_engine,2024-08-31
crm_hubspot,HS-100056,41d822af890b,S,,,,1,none,"{""domain_label"":""industrias316"",""name_norm"":""industrias balderas y yanez""}",False,,False,1.0.0,worky_engine,2024-08-31
crm_hubspot,HS-100057,37d67f0e2f52,S,,,,1,none,"{""domain_label"":""proyectos106"",""name_norm"":""proyectos lara garica y olmos""}",False,,False,1.0.0,worky_engine,2024-08-31
crm_hubspot,HS-100058,3dc38ff1f062,S,,,,1,none,"{""domain_label"":""laboratorios886"",""name_norm"":""laboratorios tellez sanches y abreu""}",False,,False,1.0.0,worky_engine,2024-08-31
crm_hubspot,HS-100059,79d3b0680edc,S,,,,1,none,"{""domain_label"":""despacho822"",""name_norm"":""despacho escobar soto""}",False,,False,1.0.0,worky_engine,2024-08-31
crm_hubspot,HS-100060,16c951b00315,S,,,,1,none,"{""domain_label"":""corporacin228"",""name_norm"":""corporacin verduzco caraballo y raya""}",False,,False,1.0.0,worky_engine,2024-08-31
crm_hubspot,HS-100061,774336269cfb,S,,,,1,none,"{""domain_label"":""grupo25"",""name_norm"":""grupo valencia alva""}",False,,False,1.0.0,worky_engine,2024-08-31
crm_hubspot,HS-100062,0196867379d8,S,,,,1,none,"{""domain_label"":""proyectos360"",""name_norm"":""proyectos olvera llamas y huerta""}",False,,False,1.0.0,worky_engine,2024-08-31
crm_hubspot,HS-100063,c5350fab0bb4,S,,,,1,none,"{""domain_label"":""cordero962"",""name_norm"":""cordero y duran s r l de c v""}",False,,False,1.0.0,worky_engine,2024-08-31
crm_hubspot,HS-100064,00a8d71c23f4,S,,,,1,none,"{""domain_label"":""ybarra40"",""name_norm"":""ybarra y alcaraz s c""}",False,,False,1.0.0,worky_engine,2024-08-31
crm_hubspot,HS-100065,3f8121a01f52,S,,,,1,none,"{""domain_label"":""valladares524"",""name_norm"":""valladares s c""}",False,,False,1.0.0,worky_engine,2024-08-31
crm_hubspot,HS-100066,446b01c1b10d,S,,,,1,none,"{""domain_label"":""villareal447"",""name_norm"":""villareal""}",False,,False,1.0.0,worky_engine,2024-08-31
crm_hubspot,HS-100067,d003a5126727,S,,,,1,none,"{""domain_label"":""club442"",""name_norm"":""club santacruz valencia y casas""}",False,,False,1.0.0,worky_engine,2024-08-31
crm_hubspot,HS-100068,0aa90d008a95,S,,,,1,none,"{""domain_label"":""club922"",""name_norm"":""club montemayor godoy""}",False,,False,1.0.0,worky_engine,2024-08-31
crm_hubspot,HS-100069,8c5f19b3b0d6,S,,,,1,none,"{""domain_label"":""despacho303"",""name_norm"":""despacho amaya arevalo y reyna""}",False,,False,1.0.0,worky_engine,2024-08-31
crm_hubspot,HS-100070,dd8109cf375b,S,,,,1,none,"{""domain_label"":""mendoza583"",""name_norm"":""mendoza a c""}",False,,False,1.0.0,worky_engine,2024-08-31
crm_hubspot,HS-100071,ea8725dcabb1,S,,,,1,none,"{""domain_label"":""haro441"",""name_norm"":""haro bahena y alva""}",False,,False,1.0.0,worky_engine,2024-08-31
crm_hubspot,HS-100072,c14e78b458d1,S,,,,1,none,"{""domain_label"":""proyectos485"",""name_norm"":""proyectos jaramillo santillan y solis""}",True,shared_domain_distinct_company,False,1.0.0,worky_engine,2024-08-31
crm_hubspot,HS-100073,d16deb81827f,S,,,,1,none,"{""domain_label"":""rangel96"",""name_norm"":""rangel""}",False,,False,1.0.0,worky_engine,2024-08-31
crm_hubspot,HS-100074,b2f4d7709dc0,S,,,,1,none,"{""domain_label"":""grupo26"",""name_norm"":""grupo fonseca y galarza""}",False,,False,1.0.0,worky_engine,2024-08-31
crm_hubspot,HS-100075,4bfe1795911a,S,,,,1,none,"{""domain_label"":""carrera425"",""name_norm"":""carrera y crespo""}",False,,False,1.0.0,worky_engine,2024-08-31
crm_hubspot,HS-100076,4b99f2dd30ed,S,,,,1,none,"{""domain_label"":""parra250"",""name_norm"":""parra ybarra y menendez""}",False,,False,1.0.0,worky_engine,2024-08-31
crm_hubspot,HS-100077,523ef10f815e,S,,,,1,none,"{""domain_label"":""menendez225"",""name_norm"":""menendez figueroa y corral""}",False,,False,1.0.0,worky_engine,2024-08-31
crm_hubspot,HS-100078,36fd3dae4ce6,S,,,,1,none,"{""domain_label"":""lopez137"",""name_norm"":""lopez""}",False,,False,1.0.0,worky_engine,2024-08-31
crm_hubspot,HS-100079,49ecd60b845c,S,,,,1,none,"{""domain_label"":""despacho973"",""name_norm"":""despacho olivarez ruelas""}",False,,False,1.0.0,worky_engine,2024-08-31
crm_hubspot,HS-100080,c564e6bc20a2,S,,,,1,none,"{""domain_label"":""grupo457"",""name_norm"":""grupo carrasco toro y mora""}",False,,False,1.0.0,worky_engine,2024-08-31
crm_hubspot,HS-100081,531b08e15995,S,,,,1,none,"{""domain_label"":""ojeda497"",""name_norm"":""ojeda rivas y roybal""}",False,,False,1.0.0,worky_engine,2024-08-31
crm_hubspot,HS-100082,cde501cb7a7d,S,,,,1,none,"{""domain_label"":""miramontes279"",""name_norm"":""miramontes y zarate a c""}",False,,False,1.0.0,worky_engine,2024-08-31
crm_hubspot,HS-100083,db6aaecba31f,S,,,,1,none,"{""domain_label"":""ferrerbernal393"",""name_norm"":""ferrer bernal""}",False,,False,1.0.0,worky_engine,2024-08-31
crm_hubspot,HS-100084,e883c54c8ca8,S,,,,1,none,"{""domain_label"":""de478"",""name_norm"":""de la cruz garcia y carrillo""}",False,,False,1.0.0,worky_engine,2024-08-31
crm_hubspot,HS-100085,a323d4abf458,S,,,,1,none,"{""domain_label"":""carrillo21"",""name_norm"":""carrillo s c""}",False,,False,1.0.0,worky_engine,2024-08-31
crm_hubspot,HS-100086,4196ef66325f,S,,,,1,none,"{""domain_label"":""laboratorios874"",""name_norm"":""laboratorios herrera y rodriguez""}",False,,False,1.0.0,worky_engine,2024-08-31
crm_hubspot,HS-100087,794d03d90ea6,S,,,,1,none,"{""domain_label"":""rosasvarela500"",""name_norm"":""rosas varela""}",False,,False,1.0.0,worky_engine,2024-08-31
crm_hubspot,HS-100088,16541ff794fd,S,,,,1,none,"{""domain_label"":""raya696"",""name_norm"":""raya""}",False,,False,1.0.0,worky_engine,2024-08-31
crm_hubspot,HS-100089,87653c642368,S,,,,1,none,"{""domain_label"":""muniz547"",""name_norm"":""muniz y cedillo""}",False,,False,1.0.0,worky_engine,2024-08-31
crm_hubspot,HS-100090,32abb429e0d8,S,,,,1,none,"{""domain_label"":""riostijerina439"",""name_norm"":""rios tijerina""}",False,,False,1.0.0,worky_engine,2024-08-31
crm_hubspot,HS-100091,c12476e908d2,S,,,,1,none,"{""domain_label"":""club335"",""name_norm"":""club gil razo""}",False,,False,1.0.0,worky_engine,2024-08-31
crm_hubspot,HS-100092,c92187f76a50,S,,,,1,none,"{""domain_label"":""club855"",""name_norm"":""club maya vergara""}",False,,False,1.0.0,worky_engine,2024-08-31
crm_hubspot,HS-100093,1657dbc3746e,S,,,,1,none,"{""domain_label"":""laboratorios666"",""name_norm"":""laboratorios briseno toledo y salgado""}",False,,False,1.0.0,worky_engine,2024-08-31
crm_hubspot,HS-100094,cfa499631566,S,,,,1,none,"{""domain_label"":""cervantesesq157"",""name_norm"":""cervantes esquibel""}",False,,False,1.0.0,worky_engine,2024-08-31
crm_hubspot,HS-100095,3d3cf29f1b67,S,,,,1,none,"{""domain_label"":""proyectos717"",""name_norm"":""proyectos escobar vigil""}",False,,False,1.0.0,worky_engine,2024-08-31
crm_hubspot,HS-100096,4b4752da4a83,S,,,,1,none,"{""domain_label"":""florezmonroy988"",""name_norm"":""florez monroy""}",False,,False,1.0.0,worky_engine,2024-08-31
crm_hubspot,HS-100097,699ff55001cc,S,,,,1,none,"{""domain_label"":""casarez930"",""name_norm"":""casarez carvajal y laboy""}",False,,False,1.0.0,worky_engine,2024-08-31
crm_hubspot,HS-100098,6de6d67a878e,S,,,,1,none,"{""domain_label"":""camachoperal851"",""name_norm"":""camacho perales""}",False,,False,1.0.0,worky_engine,2024-08-31
crm_hubspot,HS-100099,3764f7701b9c,S,,,,1,none,"{""domain_label"":""garibaytejed816"",""name_norm"":""garibay tejeda s r l de c v""}",False,,False,1.0.0,worky_engine,2024-08-31
crm_hubspot,HS-100100,695d5be4f470,S,,,,1,none,"{""domain_label"":""industrias519"",""name_norm"":""industrias baca y camarillo""}",False,,False,1.0.0,worky_engine,2024-08-31
crm_hubspot,HS-100101,d6eff0593968,S,,,,1,none,"{""domain_label"":""grupo444"",""name_norm"":""grupo hinojosa y mojica""}",False,,False,1.0.0,worky_engine,2024-08-31
crm_hubspot,HS-100102,63a717661ec6,S,,,,1,none,"{""domain_label"":""venegas277"",""name_norm"":""venegas cantu y munguia""}",False,,False,1.0.0,worky_engine,2024-08-31
crm_hubspot,HS-100103,09a2a58e60b9,S,,,,1,none,"{""domain_label"":""industrias331"",""name_norm"":""industrias ramos tejeda""}",False,,False,1.0.0,worky_engine,2024-08-31
crm_hubspot,HS-100104,79dd57fbb9d2,S,,,,1,none,"{""domain_label"":""club769"",""name_norm"":""club villalobos renteria y quintana""}",False,,False,1.0.0,worky_engine,2024-08-31
crm_hubspot,HS-100105,e75f33c9ed23,S,,,,1,none,"{""domain_label"":""grupo872"",""name_norm"":""grupo covarrubias y cruz""}",False,,False,1.0.0,worky_engine,2024-08-31
crm_hubspot,HS-100106,705ac77b56d1,S,,,,1,none,"{""domain_label"":""olmos287"",""name_norm"":""olmos y lozano s c""}",False,,False,1.0.0,worky_engine,2024-08-31
crm_hubspot,HS-100107,34a9ffde0fc0,S,,,,1,none,"{""domain_label"":""bermudezsanc417"",""name_norm"":""bermudez sanchez s c""}",False,,False,1.0.0,worky_engine,2024-08-31
crm_hubspot,HS-100108,9e27ccf7896b,S,,,,1,none,"{""domain_label"":""santana812"",""name_norm"":""santana""}",False,,False,1.0.0,worky_engine,2024-08-31
crm_hubspot,HS-100109,2046e13bb328,S,,,,1,none,"{""domain_label"":""collazofrias680"",""name_norm"":""collazo frias""}",False,,False,1.0.0,worky_engine,2024-08-31
crm_hubspot,HS-100110,9690176b3350,S,,,,1,none,"{""domain_label"":""britoalvarad564"",""name_norm"":""brito alvarado""}",False,,False,1.0.0,worky_engine,2024-08-31
crm_hubspot,HS-100111,52584d35f5ce,S,,,,1,none,"{""domain_label"":""industrias124"",""name_norm"":""industrias puente y tello""}",False,,False,1.0.0,worky_engine,2024-08-31
crm_hubspot,HS-100112,d375384bf8bc,S,,,,1,none,"{""domain_label"":""prieto222"",""name_norm"":""prieto y guardado""}",False,,False,1.0.0,worky_engine,2024-08-31
crm_hubspot,HS-100113,f278c285db4a,S,,,,1,none,"{""domain_label"":""club290"",""name_norm"":""club espinoza y magana""}",True,shared_domain_distinct_company,False,1.0.0,worky_engine,2024-08-31
crm_hubspot,HS-100114,a99b55b3b218,S,,,,1,none,"{""domain_label"":""bermudezlira726"",""name_norm"":""bermudez lira""}",False,,False,1.0.0,worky_engine,2024-08-31
crm_hubspot,HS-100115,566ce673d067,S,,,,1,none,"{""domain_label"":""valdezmanzan967"",""name_norm"":""valdez manzanares a c""}",False,,False,1.0.0,worky_engine,2024-08-31
crm_hubspot,HS-100116,2b4be83e1c60,S,,,,1,none,"{""domain_label"":""laboratorios491"",""name_norm"":""laboratorios rocha casas""}",False,,False,1.0.0,worky_engine,2024-08-31
crm_hubspot,HS-100117,3dec1c7194aa,S,,,,1,none,"{""domain_label"":""cuellarfonse842"",""name_norm"":""cuellar fonseca""}",False,,False,1.0.0,worky_engine,2024-08-31
crm_hubspot,HS-100118,1d87384d7c5c,S,,,,1,none,"{""domain_label"":""despacho153"",""name_norm"":""despacho ochoa y vega""}",False,,False,1.0.0,worky_engine,2024-08-31
crm_hubspot,HS-100119,c80df26f0cb2,S,,,,1,none,"{""domain_label"":""campos621"",""name_norm"":""campos y solano s a""}",False,,False,1.0.0,worky_engine,2024-08-31
crm_hubspot,HS-100120,1ece7b99e449,S,,,,1,none,"{""domain_label"":""miramontesma881"",""name_norm"":""miramontes madera""}",False,,False,1.0.0,worky_engine,2024-08-31
crm_hubspot,HS-100121,76352359fd43,S,,,,1,none,"{""domain_label"":""laboratorios102"",""name_norm"":""laboratorios velasquez aponte""}",False,,False,1.0.0,worky_engine,2024-08-31
crm_hubspot,HS-100122,201dacb5b332,S,,,,1,none,"{""domain_label"":""ojeda246"",""name_norm"":""ojeda carbajal y venegas""}",False,,False,1.0.0,worky_engine,2024-08-31
crm_hubspot,HS-100123,2d38af661686,S,,,,1,none,"{""domain_label"":""aragon609"",""name_norm"":""aragon y monroy a c""}",False,,False,1.0.0,worky_engine,2024-08-31
crm_hubspot,HS-100124,5c7bb90cf33d,S,,,,1,none,"{""domain_label"":""meraz881"",""name_norm"":""meraz ordonez y anaya""}",False,,False,1.0.0,worky_engine,2024-08-31
crm_hubspot,HS-100125,c906fcd56eec,S,,,,1,none,"{""domain_label"":""duran824"",""name_norm"":""duran y carrillo s r l de c v""}",False,,False,1.0.0,worky_engine,2024-08-31
crm_hubspot,HS-100126,062df55dccb8,S,,,,1,none,"{""domain_label"":""grupo847"",""name_norm"":""grupo alva linares y mendoza""}",False,,False,1.0.0,worky_engine,2024-08-31
crm_hubspot,HS-100127,1197d211e7e1,S,,,,1,none,"{""domain_label"":""club450"",""name_norm"":""club anaya valencia""}",False,,False,1.0.0,worky_engine,2024-08-31
crm_hubspot,HS-100128,565904aa901f,S,,,,1,none,"{""domain_label"":""valenciaguar553"",""name_norm"":""valencia guardado""}",False,,False,1.0.0,worky_engine,2024-08-31
crm_hubspot,HS-100129,bb332bfd6480,S,,,,1,none,"{""domain_label"":""resendez257"",""name_norm"":""resendez""}",False,,False,1.0.0,worky_engine,2024-08-31
crm_hubspot,HS-100130,f51f42af8a26,S,,,,1,none,"{""domain_label"":""mayorgacoron974"",""name_norm"":""mayorga corona""}",False,,False,1.0.0,worky_engine,2024-08-31
crm_hubspot,HS-100131,a6735df00d27,S,,,,1,none,"{""domain_label"":""apodacapuga453"",""name_norm"":""apodaca puga""}",False,,False,1.0.0,worky_engine,2024-08-31
crm_hubspot,HS-100132,7c9b0514c9d6,S,,,,1,none,"{""domain_label"":""lebronalonso482"",""name_norm"":""lebron alonso s a""}",False,,False,1.0.0,worky_engine,2024-08-31
crm_hubspot,HS-100133,7a5802bb88f1,S,,,,1,none,"{""domain_label"":""serrato422"",""name_norm"":""serrato acosta y granados""}",False,,False,1.0.0,worky_engine,2024-08-31
crm_hubspot,HS-100134,0b632556c614,S,,,,1,none,"{""domain_label"":""pizarro466"",""name_norm"":""pizarro s a""}",False,,False,1.0.0,worky_engine,2024-08-31
crm_hubspot,HS-100135,179d97e50dff,S,,,,1,none,"{""domain_label"":""munizguardad845"",""name_norm"":""muniz guardado""}",False,,False,1.0.0,worky_engine,2024-08-31
crm_hubspot,HS-100136,8fd0cb9bb127,S,,,,1,none,"{""domain_label"":""marinperez638"",""name_norm"":""marin perez""}",False,,False,1.0.0,worky_engine,2024-08-31
crm_hubspot,HS-100137,cced8c3d305b,S,,,,1,none,"{""domain_label"":""ruelas563"",""name_norm"":""ruelas lugo y camacho""}",False,,False,1.0.0,worky_engine,2024-08-31
crm_hubspot,HS-100138,247338856c13,S,,,,1,none,"{""domain_label"":""industrias997"",""name_norm"":""industrias arellano cedillo""}",False,,False,1.0.0,worky_engine,2024-08-31
crm_hubspot,HS-100139,e7259d79b184,S,,,,1,none,"{""domain_label"":""curielvalent418"",""name_norm"":""curiel valentin""}",False,,False,1.0.0,worky_engine,2024-08-31
crm_hubspot,HS-100140,5aadc6d9beb8,S,,,,1,none,"{""domain_label"":""grupo853"",""name_norm"":""grupo bahena y barragan""}",False,,False,1.0.0,worky_engine,2024-08-31
crm_hubspot,HS-100141,659b8fb24c41,S,,,,1,none,"{""domain_label"":""laboratorios855"",""name_norm"":""laboratorios salas y carrera""}",False,,False,1.0.0,worky_engine,2024-08-31
crm_hubspot,HS-100142,dbad5cfaab50,S,,,,1,none,"{""domain_label"":""proyectos944"",""name_norm"":""proyectos leal casares y galvan""}",False,,False,1.0.0,worky_engine,2024-08-31
crm_hubspot,HS-100143,f08eb23cc0db,S,,,,1,none,"{""domain_label"":""puente792"",""name_norm"":""puente""}",False,,False,1.0.0,worky_engine,2024-08-31
crm_hubspot,HS-100144,3280fc910c85,S,,,,1,none,"{""domain_label"":""club290"",""name_norm"":""club guillen y serrato""}",True,shared_domain_distinct_company,False,1.0.0,worky_engine,2024-08-31
crm_hubspot,HS-100145,75e57a3efe0c,S,,,,1,none,"{""domain_label"":""paredesangul458"",""name_norm"":""paredes angulo""}",False,,False,1.0.0,worky_engine,2024-08-31
crm_hubspot,HS-100146,766e960f8f0e,S,,,,1,none,"{""domain_label"":""sotelo467"",""name_norm"":""sotelo montemayor y vasquez""}",False,,False,1.0.0,worky_engine,2024-08-31
crm_hubspot,HS-100147,6e9112a3a693,S,,,,1,none,"{""domain_label"":""polancoteran45"",""name_norm"":""polanco teran""}",False,,False,1.0.0,worky_engine,2024-08-31
crm_hubspot,HS-100148,3499a7868775,S,,,,1,none,"{""domain_label"":""corona812"",""name_norm"":""corona y gaytan s c""}",False,,False,1.0.0,worky_engine,2024-08-31
crm_hubspot,HS-100149,4036aa344034,S,,,,1,none,"{""domain_label"":""corporacin340"",""name_norm"":""corporacin madrigal lozano""}",False,,False,1.0.0,worky_engine,2024-08-31
crm_hubspot,HS-100150,d57e35ff96ea,S,,,,1,none,"{""domain_label"":""velizmatias148"",""name_norm"":""veliz matias""}",False,,False,1.0.0,worky_engine,2024-08-31
crm_hubspot,HS-100151,8fcd350ed2a1,S,,,,1,none,"{""domain_label"":""munoz710"",""name_norm"":""munoz a c""}",False,,False,1.0.0,worky_engine,2024-08-31
crm_hubspot,HS-100152,0d6202950750,S,,,,1,none,"{""domain_label"":""narvaezcasil978"",""name_norm"":""narvaez casillas s r l de c v""}",False,,False,1.0.0,worky_engine,2024-08-31
crm_hubspot,HS-100153,58660e0d4e6c,S,,,,1,none,"{""domain_label"":""industrias647"",""name_norm"":""industrias cedillo olvera""}",False,,False,1.0.0,worky_engine,2024-08-31
crm_hubspot,HS-100154,b514dcb01651,S,,,,1,none,"{""domain_label"":""despacho721"",""name_norm"":""despacho aranda corona y guzman""}",False,,False,1.0.0,worky_engine,2024-08-31
crm_hubspot,HS-100155,267f7ba8567b,S,,,,1,none,"{""domain_label"":""rivero816"",""name_norm"":""rivero arroyo y guevara""}",False,,False,1.0.0,worky_engine,2024-08-31
crm_hubspot,HS-100156,d3325cc67acf,S,,,,1,none,"{""domain_label"":""laboratorios422"",""name_norm"":""laboratorios marin del rio y garrido""}",False,,False,1.0.0,worky_engine,2024-08-31
crm_hubspot,HS-100157,f618418fca35,S,,,,1,none,"{""domain_label"":""grupo935"",""name_norm"":""grupo montoya canales""}",False,,False,1.0.0,worky_engine,2024-08-31
crm_hubspot,HS-100158,bee384ef88de,S,,,,1,none,"{""domain_label"":""barajasregal683"",""name_norm"":""barajas regalado""}",False,,False,1.0.0,worky_engine,2024-08-31
crm_hubspot,HS-100159,0a2107e049f9,S,,,,1,none,"{""domain_label"":""chapa453"",""name_norm"":""chapa s c""}",False,,False,1.0.0,worky_engine,2024-08-31
crm_hubspot,HS-100160,517840039522,S,,,,1,none,"{""domain_label"":""corporacin866"",""name_norm"":""corporacin tejeda baeza""}",False,,False,1.0.0,worky_engine,2024-08-31
crm_hubspot,HS-100161,07834c81ea07,S,,,,1,none,"{""domain_label"":""covarrubiasr586"",""name_norm"":""covarrubias rosario""}",False,,False,1.0.0,worky_engine,2024-08-31
crm_hubspot,HS-100162,e79544859377,S,,,,1,none,"{""domain_label"":""malavedelgad406"",""name_norm"":""malave delgado""}",False,,False,1.0.0,worky_engine,2024-08-31
crm_hubspot,HS-100163,43aa39bba634,S,,,,1,none,"{""domain_label"":""grupo764"",""name_norm"":""grupo gastelum manzanares y lira""}",False,,False,1.0.0,worky_engine,2024-08-31
crm_hubspot,HS-100164,5ad0321274f2,S,,,,1,none,"{""domain_label"":""industrias652"",""name_norm"":""industrias pacheco y correa""}",False,,False,1.0.0,worky_engine,2024-08-31
crm_hubspot,HS-100165,5d3997bae226,S,,,,1,none,"{""domain_label"":""duenas100"",""name_norm"":""duenas s r l de c v""}",False,,False,1.0.0,worky_engine,2024-08-31
crm_hubspot,HS-100166,811e0b829afa,S,,,,1,none,"{""domain_label"":""sotocanales750"",""name_norm"":""soto canales""}",False,,False,1.0.0,worky_engine,2024-08-31
crm_hubspot,HS-100167,0b42fd3d0ae2,S,,,,1,none,"{""domain_label"":""collazopriet206"",""name_norm"":""collazo prieto""}",False,,False,1.0.0,worky_engine,2024-08-31
crm_hubspot,HS-100168,5020089d9965,S,,,,1,none,"{""domain_label"":""corporacin851"",""name_norm"":""corporacin solorzano ramirez y zavala""}",False,,False,1.0.0,worky_engine,2024-08-31
crm_hubspot,HS-100169,21f411028416,S,,,,1,none,"{""domain_label"":""proyectos892"",""name_norm"":""proyectos garibay espinosa""}",False,,False,1.0.0,worky_engine,2024-08-31
crm_hubspot,HS-100170,89399b82116c,S,,,,1,none,"{""domain_label"":""valenzuelaro742"",""name_norm"":""valenzuela rodriquez""}",False,,False,1.0.0,worky_engine,2024-08-31
crm_hubspot,HS-100171,d996f9b6f1f8,S,,,,1,none,"{""domain_label"":""proyectos15"",""name_norm"":""proyectos armenta holguin y rubio""}",False,,False,1.0.0,worky_engine,2024-08-31
crm_hubspot,HS-100172,419e91f90223,S,,,,1,none,"{""domain_label"":""despacho391"",""name_norm"":""despacho garrido quintana""}",False,,False,1.0.0,worky_engine,2024-08-31
crm_hubspot,HS-100173,b3a24e63f76b,S,,,,1,none,"{""domain_label"":""apodacasauce906"",""name_norm"":""apodaca saucedo s a""}",False,,False,1.0.0,worky_engine,2024-08-31
crm_hubspot,HS-100174,396128940af3,S,,,,1,none,"{""domain_label"":""pacheco844"",""name_norm"":""pacheco granados y espinosa""}",False,,False,1.0.0,worky_engine,2024-08-31
crm_hubspot,HS-100175,6cf7fe3272fc,S,,,,1,none,"{""domain_label"":""proyectos312"",""name_norm"":""proyectos miramontes santiago y quesada""}",False,,False,1.0.0,worky_engine,2024-08-31
crm_hubspot,HS-100176,7c22a127f33f,S,,,,1,none,"{""domain_label"":""grupo465"",""name_norm"":""grupo patino huerta y tafoya""}",False,,False,1.0.0,worky_engine,2024-08-31
crm_hubspot,HS-100177,84b433c4b3b9,S,,,,1,none,"{""domain_label"":""proyectos671"",""name_norm"":""proyectos ramos y cazares""}",False,,False,1.0.0,worky_engine,2024-08-31
crm_hubspot,HS-100178,d34f4904aa84,S,,,,1,none,"{""domain_label"":""apariciogari380"",""name_norm"":""aparicio garica""}",False,,False,1.0.0,worky_engine,2024-08-31
crm_hubspot,HS-100179,7098e946d95f,S,,,,1,none,"{""domain_label"":""laboratorios703"",""name_norm"":""laboratorios leyva y ojeda""}",False,,False,1.0.0,worky_engine,2024-08-31
crm_hubspot,HS-100180,62f2df8d7d2e,S,,,,1,none,"{""domain_label"":""nazario283"",""name_norm"":""nazario almaraz y sandoval""}",False,,False,1.0.0,worky_engine,2024-08-31
crm_hubspot,HS-100181,8d7b0e3ccc06,S,,,,1,none,"{""domain_label"":""naranjo655"",""name_norm"":""naranjo""}",False,,False,1.0.0,worky_engine,2024-08-31
crm_hubspot,HS-100182,b743d34f10a8,S,,,,1,none,"{""domain_label"":""otero211"",""name_norm"":""otero y ontiveros""}",False,,False,1.0.0,worky_engine,2024-08-31
crm_hubspot,HS-100183,69a9c5b9b867,S,,,,1,none,"{""domain_label"":""laboratorios793"",""name_norm"":""laboratorios briseno esparza""}",False,,False,1.0.0,worky_engine,2024-08-31
crm_hubspot,HS-100184,55d38d912444,S,,,,1,none,"{""domain_label"":""club257"",""name_norm"":""club cotto flores y chavarria""}",False,,False,1.0.0,worky_engine,2024-08-31
crm_hubspot,HS-100185,92b7a8a7cdc7,S,,,,1,none,"{""domain_label"":""grupo367"",""name_norm"":""grupo castellanos loya y tamayo""}",False,,False,1.0.0,worky_engine,2024-08-31
crm_hubspot,HS-100186,772649d900e7,S,,,,1,none,"{""domain_label"":""club130"",""name_norm"":""club mejia carrera""}",False,,False,1.0.0,worky_engine,2024-08-31
crm_hubspot,HS-100187,eb78824cdc91,S,,,,1,none,"{""domain_label"":""marroquin797"",""name_norm"":""marroquin leiva y maya""}",False,,False,1.0.0,worky_engine,2024-08-31
crm_hubspot,HS-100188,3f52261ca656,S,,,,1,none,"{""domain_label"":""crespo745"",""name_norm"":""crespo y borrego s r l de c v""}",False,,False,1.0.0,worky_engine,2024-08-31
crm_hubspot,HS-100189,aa6b09af8aaf,S,,,,1,none,"{""domain_label"":""industrias868"",""name_norm"":""industrias ceballos lozada y nava""}",False,,False,1.0.0,worky_engine,2024-08-31
crm_hubspot,HS-100190,a888ac2fc626,S,,,,1,none,"{""domain_label"":""despacho623"",""name_norm"":""despacho ontiveros montanez y colon""}",False,,False,1.0.0,worky_engine,2024-08-31
crm_hubspot,HS-100191,780a87c8c2a0,S,,,,1,none,"{""domain_label"":""proyectos730"",""name_norm"":""proyectos padron saavedra y solis""}",False,,False,1.0.0,worky_engine,2024-08-31
crm_hubspot,HS-100192,b24de45006f0,S,,,,1,none,"{""domain_label"":""corporacin441"",""name_norm"":""corporacin ruelas feliciano""}",False,,False,1.0.0,worky_engine,2024-08-31
crm_hubspot,HS-100193,742b497d49d8,S,,,,1,none,"{""domain_label"":""batistade887"",""name_norm"":""batista de leon s r l de c v""}",False,,False,1.0.0,worky_engine,2024-08-31
crm_hubspot,HS-100194,f43c5b31b192,S,,,,1,none,"{""domain_label"":""acosta409"",""name_norm"":""acosta a c""}",False,,False,1.0.0,worky_engine,2024-08-31
crm_hubspot,HS-100195,a2b85136e7b2,S,,,,1,none,"{""domain_label"":""avila977"",""name_norm"":""avila palomo y pizarro""}",False,,False,1.0.0,worky_engine,2024-08-31
crm_hubspot,HS-100196,651fe741fa3d,S,,,,1,none,"{""domain_label"":""duran99"",""name_norm"":""duran s c""}",False,,False,1.0.0,worky_engine,2024-08-31
crm_hubspot,HS-100197,76bafd451e9e,S,,,,1,none,"{""domain_label"":""ayala338"",""name_norm"":""ayala valle y fuentes""}",False,,False,1.0.0,worky_engine,2024-08-31
crm_hubspot,HS-100198,34c5037c1d22,S,,,,1,none,"{""domain_label"":""industrias53"",""name_norm"":""industrias arce renteria""}",False,,False,1.0.0,worky_engine,2024-08-31
crm_hubspot,HS-100199,cc7284c118af,S,,,,1,none,"{""domain_label"":""menchacaestr673"",""name_norm"":""menchaca estrada s a""}",False,,False,1.0.0,worky_engine,2024-08-31
crm_hubspot,HS-100200,f2bfbed8aeda,S,,,,1,none,"{""domain_label"":""club118"",""name_norm"":""club torres trujillo""}",False,,False,1.0.0,worky_engine,2024-08-31
crm_hubspot,HS-100201,7d5032d842ab,S,,,,1,none,"{""domain_label"":""grupo629"",""name_norm"":""grupo arellano luna""}",False,,False,1.0.0,worky_engine,2024-08-31
crm_hubspot,HS-100202,0f9a82123cbe,S,,,,1,none,"{""domain_label"":""elizondoverg185"",""name_norm"":""elizondo vergara s a""}",False,,False,1.0.0,worky_engine,2024-08-31
crm_hubspot,HS-100203,3a6d440d0d78,S,,,,1,none,"{""domain_label"":""corporacin580"",""name_norm"":""corporacin carrero duran""}",False,,False,1.0.0,worky_engine,2024-08-31
crm_hubspot,HS-100204,108f213736fb,S,,,,1,none,"{""domain_label"":""proyectos386"",""name_norm"":""proyectos amaya y osorio""}",False,,False,1.0.0,worky_engine,2024-08-31
crm_hubspot,HS-100205,b16fd3de8400,S,,,,1,none,"{""domain_label"":""corporacin611"",""name_norm"":""corporacin armendariz sepulveda y villagomez""}",False,,False,1.0.0,worky_engine,2024-08-31
crm_hubspot,HS-100206,6ea450b057ac,S,,,,1,none,"{""domain_label"":""toro84"",""name_norm"":""toro valentin y villareal""}",False,,False,1.0.0,worky_engine,2024-08-31
crm_hubspot,HS-100207,9d8fc5e5d801,S,,,,1,none,"{""domain_label"":""madrigal280"",""name_norm"":""madrigal pacheco y malave""}",False,,False,1.0.0,worky_engine,2024-08-31
crm_hubspot,HS-100208,1db97fc7c4a3,S,,,,1,none,"{""domain_label"":""aguileramato695"",""name_norm"":""aguilera matos""}",False,,False,1.0.0,worky_engine,2024-08-31
crm_hubspot,HS-100209,068871d26770,S,,,,1,none,"{""domain_label"":""laboratorios614"",""name_norm"":""laboratorios valdivia ornelas""}",False,,False,1.0.0,worky_engine,2024-08-31
crm_hubspot,HS-100210,572855d81626,S,,,,1,none,"{""domain_label"":""ceballosreyn297"",""name_norm"":""ceballos reyna s c""}",False,,False,1.0.0,worky_engine,2024-08-31
crm_hubspot,HS-100211,78d1aed426c1,S,,,,1,none,"{""domain_label"":""zambranonava390"",""name_norm"":""zambrano navarrete""}",False,,False,1.0.0,worky_engine,2024-08-31
crm_hubspot,HS-100212,c6699f5bce6f,S,,,,1,none,"{""domain_label"":""proyectos407"",""name_norm"":""proyectos acevedo y rendon""}",False,,False,1.0.0,worky_engine,2024-08-31
crm_hubspot,HS-100213,7700c04b25c9,S,,,,1,none,"{""domain_label"":""industrias440"",""name_norm"":""industrias abreu y granado""}",False,,False,1.0.0,worky_engine,2024-08-31
crm_hubspot,HS-100214,6dd0a835084b,S,,,,1,none,"{""domain_label"":""cavazos22"",""name_norm"":""cavazos zavala y villareal""}",False,,False,1.0.0,worky_engine,2024-08-31
crm_hubspot,HS-100215,afea25b3f304,S,,,,1,none,"{""domain_label"":""herreradelga448"",""name_norm"":""herrera delgadillo""}",False,,False,1.0.0,worky_engine,2024-08-31
crm_hubspot,HS-100216,5c5dbbe39468,S,,,,1,none,"{""domain_label"":""trejo406"",""name_norm"":""trejo y aparicio""}",False,,False,1.0.0,worky_engine,2024-08-31
crm_hubspot,HS-100217,acef081a80f0,S,,,,1,none,"{""domain_label"":""cornejonavar649"",""name_norm"":""cornejo navarrete s a""}",False,,False,1.0.0,worky_engine,2024-08-31
crm_hubspot,HS-100218,d8222a570c5e,S,,,,1,none,"{""domain_label"":""grupo982"",""name_norm"":""grupo burgos y alba""}",False,,False,1.0.0,worky_engine,2024-08-31
crm_hubspot,HS-100219,29c00e13c4e6,S,,,,1,none,"{""domain_label"":""grupo157"",""name_norm"":""grupo tijerina ponce y mares""}",True,shared_domain_distinct_company,False,1.0.0,worky_engine,2024-08-31
crm_hubspot,HS-100220,20eb324cdfc6,S,,,,1,none,"{""domain_label"":""industrias773"",""name_norm"":""industrias cotto renteria y de la garza""}",False,,False,1.0.0,worky_engine,2024-08-31
crm_hubspot,HS-100221,0d4cd09dfa99,S,,,,1,none,"{""domain_label"":""negreteacost885"",""name_norm"":""negrete acosta""}",False,,False,1.0.0,worky_engine,2024-08-31
crm_hubspot,HS-100222,5cb37febc3b4,S,,,,1,none,"{""domain_label"":""jassorangel311"",""name_norm"":""jasso rangel""}",False,,False,1.0.0,worky_engine,2024-08-31
crm_hubspot,HS-100223,68f66e743a15,S,,,,1,none,"{""domain_label"":""pulidoolivar463"",""name_norm"":""pulido olivarez""}",False,,False,1.0.0,worky_engine,2024-08-31
crm_hubspot,HS-100224,8a087810c878,S,,,,1,none,"{""domain_label"":""peres609"",""name_norm"":""peres contreras y valdez""}",False,,False,1.0.0,worky_engine,2024-08-31
crm_hubspot,HS-100225,868d321ac39e,S,,,,1,none,"{""domain_label"":""de931"",""name_norm"":""de jesus y campos""}",False,,False,1.0.0,worky_engine,2024-08-31
crm_hubspot,HS-100226,2dee62dca080,S,,,,1,none,"{""domain_label"":""serna462"",""name_norm"":""serna y anaya""}",False,,False,1.0.0,worky_engine,2024-08-31
crm_hubspot,HS-100227,7cf052e41458,S,,,,1,none,"{""domain_label"":""berrios725"",""name_norm"":""berrios carranza y nazario""}",False,,False,1.0.0,worky_engine,2024-08-31
crm_hubspot,HS-100228,13d2b5cf6ea2,S,,,,1,none,"{""domain_label"":""torrez940"",""name_norm"":""torrez sotelo y munoz""}",False,,False,1.0.0,worky_engine,2024-08-31
crm_hubspot,HS-100229,7d7c2ceb2e92,S,,,,1,none,"{""domain_label"":""industrias809"",""name_norm"":""industrias rios saucedo y salcido""}",False,,False,1.0.0,worky_engine,2024-08-31
crm_hubspot,HS-100230,598275c8d1e3,S,,,,1,none,"{""domain_label"":""cepedaarredo259"",""name_norm"":""cepeda arredondo""}",False,,False,1.0.0,worky_engine,2024-08-31
crm_hubspot,HS-100231,9407c3c1d5b4,S,,,,1,none,"{""domain_label"":""club991"",""name_norm"":""club valdes oquendo y alcantar""}",False,,False,1.0.0,worky_engine,2024-08-31
crm_hubspot,HS-100232,ccb9abe7b224,S,,,,1,none,"{""domain_label"":""club386"",""name_norm"":""club briones y serrano""}",False,,False,1.0.0,worky_engine,2024-08-31
crm_hubspot,HS-100233,99787ccefdee,S,,,,1,none,"{""domain_label"":""club662"",""name_norm"":""club aranda y arroyo""}",False,,False,1.0.0,worky_engine,2024-08-31
crm_hubspot,HS-100234,c173e9322576,S,,,,1,none,"{""domain_label"":""vallesnazari974"",""name_norm"":""valles nazario""}",False,,False,1.0.0,worky_engine,2024-08-31
crm_hubspot,HS-100235,d60d16238ec6,S,,,,1,none,"{""domain_label"":""montenegroni80"",""name_norm"":""montenegro nieto a c""}",False,,False,1.0.0,worky_engine,2024-08-31
crm_hubspot,HS-100236,762274061052,S,,,,1,none,"{""domain_label"":""despacho678"",""name_norm"":""despacho quinones chacon y rosado""}",False,,False,1.0.0,worky_engine,2024-08-31
crm_hubspot,HS-100237,f4738f0dd8aa,S,,,,1,none,"{""domain_label"":""proyectos790"",""name_norm"":""proyectos perales narvaez y nazario""}",False,,False,1.0.0,worky_engine,2024-08-31
crm_hubspot,HS-100238,47165a293fc0,S,,,,1,none,"{""domain_label"":""grupo737"",""name_norm"":""grupo nieto ortiz""}",False,,False,1.0.0,worky_engine,2024-08-31
crm_hubspot,HS-100239,17ad157b6ec9,S,,,,1,none,"{""domain_label"":""villasenor547"",""name_norm"":""villasenor y palomino s a""}",False,,False,1.0.0,worky_engine,2024-08-31
crm_hubspot,HS-100240,2e1dc645f108,S,,,,1,none,"{""domain_label"":""chaconjaimes695"",""name_norm"":""chacon jaimes""}",False,,False,1.0.0,worky_engine,2024-08-31
crm_hubspot,HS-100241,869eab90ae45,S,,,,1,none,"{""domain_label"":""grupo541"",""name_norm"":""grupo longoria velazquez""}",False,,False,1.0.0,worky_engine,2024-08-31
crm_hubspot,HS-100242,9b86c5d697a4,S,,,,1,none,"{""domain_label"":""alemanpalomi54"",""name_norm"":""aleman palomino""}",False,,False,1.0.0,worky_engine,2024-08-31
crm_hubspot,HS-100243,67934042a230,S,,,,1,none,"{""domain_label"":""godoy292"",""name_norm"":""godoy santiago y gollum""}",False,,False,1.0.0,worky_engine,2024-08-31
crm_hubspot,HS-100244,6f8a65d8e369,S,,,,1,none,"{""domain_label"":""galindo94"",""name_norm"":""galindo s r l de c v""}",False,,False,1.0.0,worky_engine,2024-08-31
crm_hubspot,HS-100245,f60394aa4454,S,,,,1,none,"{""domain_label"":""leyvaaponte406"",""name_norm"":""leyva aponte""}",False,,False,1.0.0,worky_engine,2024-08-31
crm_hubspot,HS-100246,183da402db0f,S,,,,1,none,"{""domain_label"":""arellano29"",""name_norm"":""arellano y armas s c""}",False,,False,1.0.0,worky_engine,2024-08-31
crm_hubspot,HS-100247,ef28de0cbaf4,S,,,,1,none,"{""domain_label"":""abrego40"",""name_norm"":""abrego s c""}",False,,False,1.0.0,worky_engine,2024-08-31
crm_hubspot,HS-100248,4dfb9ec0ce11,S,,,,1,none,"{""domain_label"":""arriaga631"",""name_norm"":""arriaga navarrete y rangel""}",False,,False,1.0.0,worky_engine,2024-08-31
crm_hubspot,HS-100249,99d92d07b60e,S,,,,1,none,"{""domain_label"":""club963"",""name_norm"":""club alvarez ferrer""}",False,,False,1.0.0,worky_engine,2024-08-31
crm_hubspot,HS-100250,a1baa2e417d2,S,,,,1,none,"{""domain_label"":""correagariba125"",""name_norm"":""correa garibay""}",False,,False,1.0.0,worky_engine,2024-08-31
crm_hubspot,HS-100251,0cba696d8c85,S,,,,1,none,"{""domain_label"":""carrilloceja114"",""name_norm"":""carrillo ceja""}",False,,False,1.0.0,worky_engine,2024-08-31
crm_hubspot,HS-100252,0c9833234628,S,,,,1,none,"{""domain_label"":""casarezgrana248"",""name_norm"":""casarez granado""}",False,,False,1.0.0,worky_engine,2024-08-31
crm_hubspot,HS-100253,034cefcecc7f,S,,,,1,none,"{""domain_label"":""proyectos585"",""name_norm"":""proyectos mateo y tejeda""}",False,,False,1.0.0,worky_engine,2024-08-31
crm_hubspot,HS-100254,fb8b03e9c21b,S,,,,1,none,"{""domain_label"":""laboratorios977"",""name_norm"":""laboratorios ulibarri delgadillo y madrigal""}",False,,False,1.0.0,worky_engine,2024-08-31
crm_hubspot,HS-100255,572d46de8d86,S,,,,1,none,"{""domain_label"":""corporacin400"",""name_norm"":""corporacin becerra salas""}",False,,False,1.0.0,worky_engine,2024-08-31
crm_hubspot,HS-100256,cbf0d50a86e7,S,,,,1,none,"{""domain_label"":""despacho17"",""name_norm"":""despacho montalvo carrera y pedraza""}",False,,False,1.0.0,worky_engine,2024-08-31
crm_hubspot,HS-100257,a18e4270c86b,S,,,,1,none,"{""domain_label"":""canales753"",""name_norm"":""canales guzman y gonzales""}",False,,False,1.0.0,worky_engine,2024-08-31
crm_hubspot,HS-100258,790c661f3ba2,S,,,,1,none,"{""domain_label"":""laboratorios180"",""name_norm"":""laboratorios montano y carvajal""}",False,,False,1.0.0,worky_engine,2024-08-31
crm_hubspot,HS-100259,6853f3d6a4dc,S,,,,1,none,"{""domain_label"":""matagalvez734"",""name_norm"":""mata galvez s r l de c v""}",False,,False,1.0.0,worky_engine,2024-08-31
crm_hubspot,HS-100260,80297dea2bcb,S,,,,1,none,"{""domain_label"":""despacho324"",""name_norm"":""despacho de la torre pichardo y robledo""}",False,,False,1.0.0,worky_engine,2024-08-31
crm_hubspot,HS-100261,216e100a95ab,S,,,,1,none,"{""domain_label"":""rodarte38"",""name_norm"":""rodarte y madrigal s c""}",False,,False,1.0.0,worky_engine,2024-08-31
crm_hubspot,HS-100262,be921c1e148e,S,,,,1,none,"{""domain_label"":""proyectos340"",""name_norm"":""proyectos franco galvez y valenzuela""}",False,,False,1.0.0,worky_engine,2024-08-31
crm_hubspot,HS-100263,87418077620e,S,,,,1,none,"{""domain_label"":""industrias348"",""name_norm"":""industrias betancourt y sisneros""}",False,,False,1.0.0,worky_engine,2024-08-31
crm_hubspot,HS-100264,d7f7a6231274,S,,,,1,none,"{""domain_label"":""pacheco821"",""name_norm"":""pacheco y marroquin""}",False,,False,1.0.0,worky_engine,2024-08-31
crm_hubspot,HS-100265,7efaa9165fad,S,,,,1,none,"{""domain_label"":""ferrervallej301"",""name_norm"":""ferrer vallejo""}",False,,False,1.0.0,worky_engine,2024-08-31
crm_hubspot,HS-100266,644cd69de81c,S,,,,1,none,"{""domain_label"":""garicadiaz618"",""name_norm"":""garica diaz""}",False,,False,1.0.0,worky_engine,2024-08-31
crm_hubspot,HS-100267,94be9c45cdf6,S,,,,1,none,"{""domain_label"":""casanova745"",""name_norm"":""casanova portillo y tamayo""}",False,,False,1.0.0,worky_engine,2024-08-31
crm_hubspot,HS-100268,efdc46580159,S,,,,1,none,"{""domain_label"":""grupo688"",""name_norm"":""grupo ceja y galvan""}",False,,False,1.0.0,worky_engine,2024-08-31
crm_hubspot,HS-100269,aad8b8edc903,S,,,,1,none,"{""domain_label"":""club147"",""name_norm"":""club duarte verdugo y solorzano""}",False,,False,1.0.0,worky_engine,2024-08-31
crm_hubspot,HS-100270,26ff7d714cea,S,,,,1,none,"{""domain_label"":""rangel393"",""name_norm"":""rangel arellano y carreon""}",False,,False,1.0.0,worky_engine,2024-08-31
crm_hubspot,HS-100271,779b9041ca93,S,,,,1,none,"{""domain_label"":""laboratorios782"",""name_norm"":""laboratorios tafoya y sanches""}",False,,False,1.0.0,worky_engine,2024-08-31
crm_hubspot,HS-100272,aa269e39c32a,S,,,,1,none,"{""domain_label"":""valdivia286"",""name_norm"":""valdivia curiel y ibarra""}",False,,False,1.0.0,worky_engine,2024-08-31
crm_hubspot,HS-100273,03ba89cf14b9,S,,,,1,none,"{""domain_label"":""zepedapartid936"",""name_norm"":""zepeda partida""}",False,,False,1.0.0,worky_engine,2024-08-31
crm_hubspot,HS-100274,d6c94dcf68f9,S,,,,1,none,"{""domain_label"":""grupo627"",""name_norm"":""grupo arias valle""}",False,,False,1.0.0,worky_engine,2024-08-31
crm_hubspot,HS-100275,eff19c144690,S,,,,1,none,"{""domain_label"":""proyectos177"",""name_norm"":""proyectos muniz benavidez y rivero""}",False,,False,1.0.0,worky_engine,2024-08-31
crm_hubspot,HS-100276,f8253f98cbef,S,,,,1,none,"{""domain_label"":""grupo356"",""name_norm"":""grupo estevez tamayo y raya""}",False,,False,1.0.0,worky_engine,2024-08-31
crm_hubspot,HS-100277,9ae028b62042,S,,,,1,none,"{""domain_label"":""club727"",""name_norm"":""club de la torre olivas""}",False,,False,1.0.0,worky_engine,2024-08-31
crm_hubspot,HS-100278,ae22895bdbc5,S,,,,1,none,"{""domain_label"":""ariasrosales812"",""name_norm"":""arias rosales""}",False,,False,1.0.0,worky_engine,2024-08-31
crm_hubspot,HS-100279,64dcc8776b32,S,,,,1,none,"{""domain_label"":""grupo378"",""name_norm"":""grupo arevalo loera""}",False,,False,1.0.0,worky_engine,2024-08-31
crm_hubspot,HS-100280,3f41a4432bea,S,,,,1,none,"{""domain_label"":""archuletaper408"",""name_norm"":""archuleta perea""}",False,,False,1.0.0,worky_engine,2024-08-31
crm_hubspot,HS-100281,95b0e7ccdb63,S,,,,1,none,"{""domain_label"":""granado129"",""name_norm"":""granado y ponce""}",False,,False,1.0.0,worky_engine,2024-08-31
crm_hubspot,HS-100282,19e40842726a,S,,,,1,none,"{""domain_label"":""luevanomota900"",""name_norm"":""luevano mota""}",False,,False,1.0.0,worky_engine,2024-08-31
crm_hubspot,HS-100283,fca6820379e6,S,,,,1,none,"{""domain_label"":""magana515"",""name_norm"":""magana soto y alarcon""}",False,,False,1.0.0,worky_engine,2024-08-31
crm_hubspot,HS-100284,3e0eaa7298aa,S,,,,1,none,"{""domain_label"":""corporacin231"",""name_norm"":""corporacin caldera y blanco""}",False,,False,1.0.0,worky_engine,2024-08-31
crm_hubspot,HS-100285,f08e91043b03,S,,,,1,none,"{""domain_label"":""de651"",""name_norm"":""de la o nino""}",False,,False,1.0.0,worky_engine,2024-08-31
crm_hubspot,HS-100286,35f7ee11ef6a,S,,,,1,none,"{""domain_label"":""club515"",""name_norm"":""club zambrano y terrazas""}",False,,False,1.0.0,worky_engine,2024-08-31
crm_hubspot,HS-100287,1598cd0f4138,S,,,,1,none,"{""domain_label"":""burgos640"",""name_norm"":""burgos y rosales s c""}",False,,False,1.0.0,worky_engine,2024-08-31
crm_hubspot,HS-100288,50de7a632ea8,S,,,,1,none,"{""domain_label"":""fernandezde47"",""name_norm"":""fernandez de la garza""}",False,,False,1.0.0,worky_engine,2024-08-31
crm_hubspot,HS-100289,143d4fc0dd50,S,,,,1,none,"{""domain_label"":""quintanillah633"",""name_norm"":""quintanilla hernadez""}",False,,False,1.0.0,worky_engine,2024-08-31
crm_hubspot,HS-100290,dbef19a6cece,S,,,,1,none,"{""domain_label"":""despacho980"",""name_norm"":""despacho campos y gamez""}",False,,False,1.0.0,worky_engine,2024-08-31
crm_hubspot,HS-100291,3b4b11aa5621,S,,,,1,none,"{""domain_label"":""carreongaray465"",""name_norm"":""carreon garay""}",False,,False,1.0.0,worky_engine,2024-08-31
crm_hubspot,HS-100292,8fd23f99086a,S,,,,1,none,"{""domain_label"":""laureanogil349"",""name_norm"":""laureano gil""}",False,,False,1.0.0,worky_engine,2024-08-31
crm_hubspot,HS-100293,d54c9d70035a,S,,,,1,none,"{""domain_label"":""enriquez134"",""name_norm"":""enriquez""}",False,,False,1.0.0,worky_engine,2024-08-31
crm_hubspot,HS-100294,05f6a68d13dc,S,,,,1,none,"{""domain_label"":""serratolomel126"",""name_norm"":""serrato lomeli""}",False,,False,1.0.0,worky_engine,2024-08-31
crm_hubspot,HS-100295,b909b1288f6f,S,,,,1,none,"{""domain_label"":""despacho429"",""name_norm"":""despacho posada saldivar y alcantar""}",False,,False,1.0.0,worky_engine,2024-08-31
crm_hubspot,HS-100296,e57b67711c10,S,,,,1,none,"{""domain_label"":""industrias782"",""name_norm"":""industrias jaramillo jaime""}",False,,False,1.0.0,worky_engine,2024-08-31
crm_hubspot,HS-100297,ef0e67d8ffaf,S,,,,1,none,"{""domain_label"":""despacho93"",""name_norm"":""despacho sanchez carmona""}",False,,False,1.0.0,worky_engine,2024-08-31
crm_hubspot,HS-100298,1b589de854cd,S,,,,1,none,"{""domain_label"":""corporacin50"",""name_norm"":""corporacin casarez y fuentes""}",False,,False,1.0.0,worky_engine,2024-08-31
crm_hubspot,HS-100299,8740e47ba5df,S,,,,1,none,"{""domain_label"":""leon550"",""name_norm"":""leon y becerra""}",False,,False,1.0.0,worky_engine,2024-08-31
crm_hubspot,HS-100300,0f853c61d098,S,,,,1,none,"{""domain_label"":""laboratorios375"",""name_norm"":""laboratorios villalpando y limon""}",False,,False,1.0.0,worky_engine,2024-08-31
crm_hubspot,HS-100301,f7c843dcd62a,S,,,,1,none,"{""domain_label"":""navamondrago296"",""name_norm"":""nava mondragon""}",False,,False,1.0.0,worky_engine,2024-08-31
crm_hubspot,HS-100302,691d1dc17baa,S,,,,1,none,"{""domain_label"":""alcarazmayor697"",""name_norm"":""alcaraz mayorga s a""}",False,,False,1.0.0,worky_engine,2024-08-31
crm_hubspot,HS-100303,605a3500df16,S,,,,1,none,"{""domain_label"":""corporacin572"",""name_norm"":""corporacin aragon rivas""}",False,,False,1.0.0,worky_engine,2024-08-31
crm_hubspot,HS-100304,7b530221112a,S,,,,1,none,"{""domain_label"":""guzmansalcid47"",""name_norm"":""guzman salcido""}",False,,False,1.0.0,worky_engine,2024-08-31
crm_hubspot,HS-100305,ab838c4c08e3,S,,,,1,none,"{""domain_label"":""club153"",""name_norm"":""club quiroz aranda y cardenas""}",False,,False,1.0.0,worky_engine,2024-08-31
crm_hubspot,HS-100306,0e7b9d22a314,S,,,,1,none,"{""domain_label"":""borrego403"",""name_norm"":""borrego y arenas s c""}",False,,False,1.0.0,worky_engine,2024-08-31
crm_hubspot,HS-100307,41c9fae6089e,S,,,,1,none,"{""domain_label"":""mayorgamonte502"",""name_norm"":""mayorga montemayor s c""}",False,,False,1.0.0,worky_engine,2024-08-31
crm_hubspot,HS-100308,54e0cdf8d6e2,S,,,,1,none,"{""domain_label"":""laboratorios690"",""name_norm"":""laboratorios escobar gomez""}",False,,False,1.0.0,worky_engine,2024-08-31
crm_hubspot,HS-100309,51a517c1a25b,S,,,,1,none,"{""domain_label"":""grupo486"",""name_norm"":""grupo beltran garza y bahena""}",False,,False,1.0.0,worky_engine,2024-08-31
crm_hubspot,HS-100310,7efd4b9f1c59,S,,,,1,none,"{""domain_label"":""carreon175"",""name_norm"":""carreon alonso y castellanos""}",False,,False,1.0.0,worky_engine,2024-08-31
crm_hubspot,HS-100311,c194e3bdfad5,S,,,,1,none,"{""domain_label"":""tovar971"",""name_norm"":""tovar a c""}",False,,False,1.0.0,worky_engine,2024-08-31
crm_hubspot,HS-100312,20e77f6284f1,S,,,,1,none,"{""domain_label"":""molina708"",""name_norm"":""molina""}",False,,False,1.0.0,worky_engine,2024-08-31
crm_hubspot,HS-100313,de3af92df17a,S,,,,1,none,"{""domain_label"":""carrion142"",""name_norm"":""carrion mejia y aparicio""}",False,,False,1.0.0,worky_engine,2024-08-31
crm_hubspot,HS-100314,935a1d29de57,S,,,,1,none,"{""domain_label"":""centenosando386"",""name_norm"":""centeno sandoval""}",False,,False,1.0.0,worky_engine,2024-08-31
crm_hubspot,HS-100315,48fddc0a1679,S,,,,1,none,"{""domain_label"":""almanza693"",""name_norm"":""almanza davila y sanches""}",False,,False,1.0.0,worky_engine,2024-08-31
crm_hubspot,HS-100316,b585e4ebcc98,S,,,,1,none,"{""domain_label"":""club306"",""name_norm"":""club de jesus verduzco""}",False,,False,1.0.0,worky_engine,2024-08-31
crm_hubspot,HS-100317,5ca575bf5963,S,,,,1,none,"{""domain_label"":""ocampo492"",""name_norm"":""ocampo y rocha s r l de c v""}",False,,False,1.0.0,worky_engine,2024-08-31
crm_hubspot,HS-100318,eab9d5094af3,S,,,,1,none,"{""domain_label"":""espinal125"",""name_norm"":""espinal de la rosa y guerra""}",False,,False,1.0.0,worky_engine,2024-08-31
crm_hubspot,HS-100319,32a352c90e42,S,,,,1,none,"{""domain_label"":""floreszapata298"",""name_norm"":""flores zapata""}",False,,False,1.0.0,worky_engine,2024-08-31
crm_hubspot,HS-100320,785078eeba1d,S,,,,1,none,"{""domain_label"":""corporacin491"",""name_norm"":""corporacin aguirre y jaime""}",False,,False,1.0.0,worky_engine,2024-08-31
crm_hubspot,HS-100321,c259030f0a56,S,,,,1,none,"{""domain_label"":""galindo112"",""name_norm"":""galindo s r l de c v""}",False,,False,1.0.0,worky_engine,2024-08-31
crm_hubspot,HS-100322,e8f392fbcfbd,S,,,,1,none,"{""domain_label"":""montezperes103"",""name_norm"":""montez peres""}",False,,False,1.0.0,worky_engine,2024-08-31
crm_hubspot,HS-100323,78fc9da31292,S,,,,1,none,"{""domain_label"":""olivares988"",""name_norm"":""olivares s c""}",False,,False,1.0.0,worky_engine,2024-08-31
crm_hubspot,HS-100324,14c82590fbd2,S,,,,1,none,"{""domain_label"":""proyectos205"",""name_norm"":""proyectos orozco rivera y abreu""}",False,,False,1.0.0,worky_engine,2024-08-31
crm_hubspot,HS-100325,00902f986641,S,,,,1,none,"{""domain_label"":""zayas588"",""name_norm"":""zayas guajardo y garcia""}",False,,False,1.0.0,worky_engine,2024-08-31
crm_hubspot,HS-100326,3b117610596f,S,,,,1,none,"{""domain_label"":""ortaestevez904"",""name_norm"":""orta estevez""}",False,,False,1.0.0,worky_engine,2024-08-31
crm_hubspot,HS-100327,3444de83dd85,S,,,,1,none,"{""domain_label"":""proyectos191"",""name_norm"":""proyectos guzman y quintero""}",False,,False,1.0.0,worky_engine,2024-08-31
crm_hubspot,HS-100328,b60f62d4c3c4,S,,,,1,none,"{""domain_label"":""arriagaarmen951"",""name_norm"":""arriaga armenta""}",False,,False,1.0.0,worky_engine,2024-08-31
crm_hubspot,HS-100329,8dfb642a97d7,S,,,,1,none,"{""domain_label"":""delgado911"",""name_norm"":""delgado""}",False,,False,1.0.0,worky_engine,2024-08-31
crm_hubspot,HS-100330,bfcbb37719b9,S,,,,1,none,"{""domain_label"":""terannegrete167"",""name_norm"":""teran negrete""}",False,,False,1.0.0,worky_engine,2024-08-31
crm_hubspot,HS-100331,5aabb4abe963,S,,,,1,none,"{""domain_label"":""corporacin346"",""name_norm"":""corporacin alcantar carranza""}",False,,False,1.0.0,worky_engine,2024-08-31
crm_hubspot,HS-100332,6e00c339a03e,S,,,,1,none,"{""domain_label"":""corporacin877"",""name_norm"":""corporacin quintanilla macias""}",False,,False,1.0.0,worky_engine,2024-08-31
crm_hubspot,HS-100333,838250379fa3,S,,,,1,none,"{""domain_label"":""colonpena686"",""name_norm"":""colon pena s c""}",False,,False,1.0.0,worky_engine,2024-08-31
crm_hubspot,HS-100334,d6e7796e9cfc,S,,,,1,none,"{""domain_label"":""grupo393"",""name_norm"":""grupo guzman de anda""}",False,,False,1.0.0,worky_engine,2024-08-31
crm_hubspot,HS-100335,c0e6f6e5493b,S,,,,1,none,"{""domain_label"":""laboratorios741"",""name_norm"":""laboratorios murillo y castaneda""}",False,,False,1.0.0,worky_engine,2024-08-31
crm_hubspot,HS-100336,6bca486a099d,S,,,,1,none,"{""domain_label"":""laureanoocas684"",""name_norm"":""laureano ocasio""}",False,,False,1.0.0,worky_engine,2024-08-31
crm_hubspot,HS-100337,e48d5b78a86a,S,,,,1,none,"{""domain_label"":""riveroortiz121"",""name_norm"":""rivero ortiz""}",False,,False,1.0.0,worky_engine,2024-08-31
crm_hubspot,HS-100338,e88a6a9945b0,S,,,,1,none,"{""domain_label"":""grupo157"",""name_norm"":""grupo vallejo arriaga y tejada""}",True,shared_domain_distinct_company,False,1.0.0,worky_engine,2024-08-31
crm_hubspot,HS-100339,e37c074286d9,S,,,,1,none,"{""domain_label"":""zedillo846"",""name_norm"":""zedillo s c""}",False,,False,1.0.0,worky_engine,2024-08-31
crm_hubspot,HS-100340,0950a3eaca02,S,,,,1,none,"{""domain_label"":""pradocastill458"",""name_norm"":""prado castillo a c""}",False,,False,1.0.0,worky_engine,2024-08-31
crm_hubspot,HS-100341,f8ef2a0febfc,S,,,,1,none,"{""domain_label"":""urena925"",""name_norm"":""urena s r l de c v""}",False,,False,1.0.0,worky_engine,2024-08-31
crm_hubspot,HS-100342,29972f42dfdd,S,,,,1,none,"{""domain_label"":""ceja453"",""name_norm"":""ceja longoria y alonso""}",False,,False,1.0.0,worky_engine,2024-08-31
crm_hubspot,HS-100343,755809755e6a,S,,,,1,none,"{""domain_label"":""amaya829"",""name_norm"":""amaya cadena y prieto""}",False,,False,1.0.0,worky_engine,2024-08-31
crm_hubspot,HS-100344,16b237fd6c05,S,,,,1,none,"{""domain_label"":""caraballo573"",""name_norm"":""caraballo s r l de c v""}",False,,False,1.0.0,worky_engine,2024-08-31
crm_hubspot,HS-100345,eb11583a635e,S,,,,1,none,"{""domain_label"":""lebron224"",""name_norm"":""lebron vallejo y polanco""}",False,,False,1.0.0,worky_engine,2024-08-31
crm_hubspot,HS-100346,c95e7040378c,S,,,,1,none,"{""domain_label"":""grijalvarega62"",""name_norm"":""grijalva regalado""}",False,,False,1.0.0,worky_engine,2024-08-31
crm_hubspot,HS-100347,c488ec042e89,S,,,,1,none,"{""domain_label"":""proyectos747"",""name_norm"":""proyectos carranza ramon y olmos""}",False,,False,1.0.0,worky_engine,2024-08-31
crm_hubspot,HS-100348,0b0c556bec93,S,,,,1,none,"{""domain_label"":""zelaya385"",""name_norm"":""zelaya y marrero s r l de c v""}",False,,False,1.0.0,worky_engine,2024-08-31
crm_hubspot,HS-100349,237b3e09b789,S,,,,1,none,"{""domain_label"":""caban551"",""name_norm"":""caban olivarez y tamayo""}",False,,False,1.0.0,worky_engine,2024-08-31
crm_hubspot,HS-100350,d12b484f1480,S,,,,1,none,"{""domain_label"":""marinbernal306"",""name_norm"":""marin bernal""}",False,,False,1.0.0,worky_engine,2024-08-31
crm_hubspot,HS-100351,5ce69a34518d,S,,,,1,none,"{""domain_label"":""delgadillolo472"",""name_norm"":""delgadillo lopez""}",False,,False,1.0.0,worky_engine,2024-08-31
crm_hubspot,HS-100352,2f23ed120ca5,S,,,,1,none,"{""domain_label"":""estevez829"",""name_norm"":""estevez covarrubias y ramirez""}",False,,False,1.0.0,worky_engine,2024-08-31
crm_hubspot,HS-100353,7df9e48b2cc4,S,,,,1,none,"{""domain_label"":""proyectos69"",""name_norm"":""proyectos saldivar tejeda y de la torre""}",False,,False,1.0.0,worky_engine,2024-08-31
crm_hubspot,HS-100354,25de70f28a81,S,,,,1,none,"{""domain_label"":""proyectos759"",""name_norm"":""proyectos loera vergara y torres""}",False,,False,1.0.0,worky_engine,2024-08-31
crm_hubspot,HS-100355,c7c91bce755e,S,,,,1,none,"{""domain_label"":""betancourt516"",""name_norm"":""betancourt macias y teran""}",False,,False,1.0.0,worky_engine,2024-08-31
crm_hubspot,HS-100356,789c81ac0120,S,,,,1,none,"{""domain_label"":""jaquez613"",""name_norm"":""jaquez s a""}",False,,False,1.0.0,worky_engine,2024-08-31
crm_hubspot,HS-100357,1e79ff8dda47,S,,,,1,none,"{""domain_label"":""club424"",""name_norm"":""club vera pelayo""}",False,,False,1.0.0,worky_engine,2024-08-31
crm_hubspot,HS-100358,14e457b52fab,S,,,,1,none,"{""domain_label"":""zapatamoreno696"",""name_norm"":""zapata moreno""}",False,,False,1.0.0,worky_engine,2024-08-31
crm_hubspot,HS-100359,d0d1124d8f9a,S,,,,1,none,"{""domain_label"":""urrutia327"",""name_norm"":""urrutia y trejo""}",False,,False,1.0.0,worky_engine,2024-08-31
crm_hubspot,HS-100360,392bdeef86e1,S,,,,1,none,"{""domain_label"":""chaconflores485"",""name_norm"":""chacon flores s c""}",False,,False,1.0.0,worky_engine,2024-08-31
crm_hubspot,HS-100361,34932df15d7b,S,,,,1,none,"{""domain_label"":""despacho576"",""name_norm"":""despacho hernandez aponte""}",False,,False,1.0.0,worky_engine,2024-08-31
crm_hubspot,HS-100362,8a377898dd91,S,,,,1,none,"{""domain_label"":""grupo209"",""name_norm"":""grupo armas matias y cruz""}",False,,False,1.0.0,worky_engine,2024-08-31
crm_hubspot,HS-100363,b2bb026d825d,S,,,,1,none,"{""domain_label"":""mercadorolda742"",""name_norm"":""mercado roldan""}",False,,False,1.0.0,worky_engine,2024-08-31
crm_hubspot,HS-100364,de73c32fa777,S,,,,1,none,"{""domain_label"":""laboratorios41"",""name_norm"":""laboratorios mejia y bustos""}",False,,False,1.0.0,worky_engine,2024-08-31
crm_hubspot,HS-100365,93f094f73363,S,,,,1,none,"{""domain_label"":""avalos491"",""name_norm"":""avalos s c""}",False,,False,1.0.0,worky_engine,2024-08-31
crm_hubspot,HS-100366,95d506c2c301,S,,,,1,none,"{""domain_label"":""villarreal986"",""name_norm"":""villarreal y robles s r l de c v""}",False,,False,1.0.0,worky_engine,2024-08-31
crm_hubspot,HS-100367,7a2060655ae1,S,,,,1,none,"{""domain_label"":""maestas619"",""name_norm"":""maestas de la garza y aragon""}",False,,False,1.0.0,worky_engine,2024-08-31
crm_hubspot,HS-100368,82912c9a4458,S,,,,1,none,"{""domain_label"":""proyectos390"",""name_norm"":""proyectos soliz y trejo""}",True,shared_domain_distinct_company,False,1.0.0,worky_engine,2024-08-31
crm_hubspot,HS-100369,4bf97be2706d,S,,,,1,none,"{""domain_label"":""angulo904"",""name_norm"":""angulo""}",False,,False,1.0.0,worky_engine,2024-08-31
crm_hubspot,HS-100370,c22a9a5e32c4,S,,,,1,none,"{""domain_label"":""industrias937"",""name_norm"":""industrias zamora vera""}",False,,False,1.0.0,worky_engine,2024-08-31
crm_hubspot,HS-100371,4140e64c6083,S,,,,1,none,"{""domain_label"":""laboratorios150"",""name_norm"":""laboratorios santacruz y elizondo""}",False,,False,1.0.0,worky_engine,2024-08-31
crm_hubspot,HS-100372,e43a3fafab38,S,,,,1,none,"{""domain_label"":""grupo157"",""name_norm"":""grupo casanova franco y jurado""}",True,shared_domain_distinct_company,False,1.0.0,worky_engine,2024-08-31
crm_hubspot,HS-100373,6eabad2f9e44,S,,,,1,none,"{""domain_label"":""soria564"",""name_norm"":""soria y quiroz""}",False,,False,1.0.0,worky_engine,2024-08-31
crm_hubspot,HS-100374,8ee34a42dee7,S,,,,1,none,"{""domain_label"":""lira173"",""name_norm"":""lira y barrera""}",False,,False,1.0.0,worky_engine,2024-08-31
crm_hubspot,HS-100375,2f2fd459ddca,S,,,,1,none,"{""domain_label"":""grupo939"",""name_norm"":""grupo benavides henriquez""}",False,,False,1.0.0,worky_engine,2024-08-31
crm_hubspot,HS-100376,f189adcdf97f,S,,,,1,none,"{""domain_label"":""club423"",""name_norm"":""club marrero guzman y vela""}",False,,False,1.0.0,worky_engine,2024-08-31
crm_hubspot,HS-100377,664b9e778e26,S,,,,1,none,"{""domain_label"":""corporacin467"",""name_norm"":""corporacin fierro cardenas y galvan""}",False,,False,1.0.0,worky_engine,2024-08-31
crm_hubspot,HS-100378,6010a6c2645a,S,,,,1,none,"{""domain_label"":""proyectos500"",""name_norm"":""proyectos quezada fernandez""}",False,,False,1.0.0,worky_engine,2024-08-31
crm_hubspot,HS-100379,9f0aac78fb2f,S,,,,1,none,"{""domain_label"":""montoya740"",""name_norm"":""montoya cardona y villanueva""}",False,,False,1.0.0,worky_engine,2024-08-31
crm_hubspot,HS-100380,c6ddaadf8a3c,S,,,,1,none,"{""domain_label"":""mata110"",""name_norm"":""mata s c""}",False,,False,1.0.0,worky_engine,2024-08-31
crm_hubspot,HS-100381,4ad2695790da,S,,,,1,none,"{""domain_label"":""gurulejurado835"",""name_norm"":""gurule jurado""}",False,,False,1.0.0,worky_engine,2024-08-31
crm_hubspot,HS-100382,879a22cf656a,S,,,,1,none,"{""domain_label"":""batista579"",""name_norm"":""batista s c""}",False,,False,1.0.0,worky_engine,2024-08-31
crm_hubspot,HS-100383,e552d9325009,S,,,,1,none,"{""domain_label"":""garay879"",""name_norm"":""garay y garay s r l de c v""}",False,,False,1.0.0,worky_engine,2024-08-31
crm_hubspot,HS-100384,d81850081a01,S,,,,1,none,"{""domain_label"":""garzaarriaga58"",""name_norm"":""garza arriaga""}",False,,False,1.0.0,worky_engine,2024-08-31
crm_hubspot,HS-100385,190a2d8a76a2,S,,,,1,none,"{""domain_label"":""club804"",""name_norm"":""club zarate pena y gaona""}",False,,False,1.0.0,worky_engine,2024-08-31
crm_hubspot,HS-100386,c326e9fdf2b2,S,,,,1,none,"{""domain_label"":""ordonez217"",""name_norm"":""ordonez limon y arias""}",False,,False,1.0.0,worky_engine,2024-08-31
crm_hubspot,HS-100387,2856f6708652,S,,,,1,none,"{""domain_label"":""laboratorios578"",""name_norm"":""laboratorios herrera fuentes""}",False,,False,1.0.0,worky_engine,2024-08-31
crm_hubspot,HS-100388,af6b45260c23,S,,,,1,none,"{""domain_label"":""palomino602"",""name_norm"":""palomino y curiel""}",False,,False,1.0.0,worky_engine,2024-08-31
crm_hubspot,HS-100389,9382f00dc8c8,S,,,,1,none,"{""domain_label"":""segovia855"",""name_norm"":""segovia y esquivel""}",False,,False,1.0.0,worky_engine,2024-08-31
crm_hubspot,HS-100390,56cc5e17ca7e,S,,,,1,none,"{""domain_label"":""balderas144"",""name_norm"":""balderas galvan y espinal""}",False,,False,1.0.0,worky_engine,2024-08-31
crm_hubspot,HS-100391,67e350db2ed9,S,,,,1,none,"{""domain_label"":""rochaposada448"",""name_norm"":""rocha posada""}",False,,False,1.0.0,worky_engine,2024-08-31
crm_hubspot,HS-100392,7c99b8a3ebf7,S,,,,1,none,"{""domain_label"":""corporacin993"",""name_norm"":""corporacin merino orosco y jaimes""}",False,,False,1.0.0,worky_engine,2024-08-31
crm_hubspot,HS-100393,daa4aa7c8cad,S,,,,1,none,"{""domain_label"":""chavezcolon234"",""name_norm"":""chavez colon""}",False,,False,1.0.0,worky_engine,2024-08-31
crm_hubspot,HS-100394,ee1a76c497e4,S,,,,1,none,"{""domain_label"":""proyectos390"",""name_norm"":""proyectos baca y becerra""}",True,shared_domain_distinct_company,False,1.0.0,worky_engine,2024-08-31
crm_hubspot,HS-100395,79adf7e6a753,S,,,,1,none,"{""domain_label"":""laboratorios158"",""name_norm"":""laboratorios olivares castro""}",False,,False,1.0.0,worky_engine,2024-08-31
crm_hubspot,HS-100396,a016ad959c90,S,,,,1,none,"{""domain_label"":""cedillode6"",""name_norm"":""cedillo de la torre""}",False,,False,1.0.0,worky_engine,2024-08-31
crm_hubspot,HS-100397,1e08214c6d84,S,,,,1,none,"{""domain_label"":""saldivarrang192"",""name_norm"":""saldivar rangel""}",False,,False,1.0.0,worky_engine,2024-08-31
crm_hubspot,HS-100398,9a0d4f0c47f7,S,,,,1,none,"{""domain_label"":""grupo92"",""name_norm"":""grupo armenta ledesma""}",False,,False,1.0.0,worky_engine,2024-08-31
crm_hubspot,HS-100399,338f32670f98,S,,,,1,none,"{""domain_label"":""chavarria13"",""name_norm"":""chavarria y santiago s a""}",False,,False,1.0.0,worky_engine,2024-08-31
crm_hubspot,HS-100400,30c2f0ba4f9f,S,,,,1,none,"{""domain_label"":""guevara586"",""name_norm"":""guevara""}",False,,False,1.0.0,worky_engine,2024-08-31
crm_hubspot,HS-100401,fa78e5fd572a,S,,,,1,none,"{""domain_label"":""corporacin275"",""name_norm"":""corporacin varela mesa y collazo""}",False,,False,1.0.0,worky_engine,2024-08-31
crm_hubspot,HS-100402,0b0baf334770,S,,,,1,none,"{""domain_label"":""floresreyes802"",""name_norm"":""flores reyes s r l de c v""}",False,,False,1.0.0,worky_engine,2024-08-31
crm_hubspot,HS-100403,e044425f0f1a,S,,,,1,none,"{""domain_label"":""heredia632"",""name_norm"":""heredia y avila s c""}",False,,False,1.0.0,worky_engine,2024-08-31
crm_hubspot,HS-100404,7a37e35fc015,S,,,,1,none,"{""domain_label"":""marquez390"",""name_norm"":""marquez adame y cepeda""}",False,,False,1.0.0,worky_engine,2024-08-31
crm_hubspot,HS-100405,295d85bd00ea,S,,,,1,none,"{""domain_label"":""industrias308"",""name_norm"":""industrias fajardo y patino""}",False,,False,1.0.0,worky_engine,2024-08-31
crm_hubspot,HS-100406,dfdbf0b4c7e0,S,,,,1,none,"{""domain_label"":""castro753"",""name_norm"":""castro collado y villalpando""}",False,,False,1.0.0,worky_engine,2024-08-31
crm_hubspot,HS-100407,02382e1b34e3,S,,,,1,none,"{""domain_label"":""marroquin837"",""name_norm"":""marroquin y mercado a c""}",False,,False,1.0.0,worky_engine,2024-08-31
crm_hubspot,HS-100408,9d663f9ec56a,S,,,,1,none,"{""domain_label"":""grupo185"",""name_norm"":""grupo quintanilla trejo y batista""}",False,,False,1.0.0,worky_engine,2024-08-31
crm_hubspot,HS-100409,f81f32be9b74,S,,,,1,none,"{""domain_label"":""rangel817"",""name_norm"":""rangel y alfaro""}",False,,False,1.0.0,worky_engine,2024-08-31
crm_hubspot,HS-100410,1cf6a4e18b6f,S,,,,1,none,"{""domain_label"":""laboratorios512"",""name_norm"":""laboratorios garrido quinonez""}",False,,False,1.0.0,worky_engine,2024-08-31
crm_hubspot,HS-100411,72c0afa9c950,S,,,,1,none,"{""domain_label"":""nunez76"",""name_norm"":""nunez laureano y casillas""}",False,,False,1.0.0,worky_engine,2024-08-31
crm_hubspot,HS-100412,a54889f58f60,S,,,,1,none,"{""domain_label"":""industrias38"",""name_norm"":""industrias robledo rivero""}",False,,False,1.0.0,worky_engine,2024-08-31
crm_hubspot,HS-100413,b6f7ec4c7c1a,S,,,,1,none,"{""domain_label"":""quirozaponte937"",""name_norm"":""quiroz aponte""}",False,,False,1.0.0,worky_engine,2024-08-31
crm_hubspot,HS-100414,a62f0320022a,S,,,,1,none,"{""domain_label"":""carmona663"",""name_norm"":""carmona y adame""}",False,,False,1.0.0,worky_engine,2024-08-31
crm_hubspot,HS-100415,8d5d932b0f9b,S,,,,1,none,"{""domain_label"":""paz989"",""name_norm"":""paz aguirre y velasquez""}",False,,False,1.0.0,worky_engine,2024-08-31
crm_hubspot,HS-100416,e102e7f3e17f,S,,,,1,none,"{""domain_label"":""club532"",""name_norm"":""club henriquez lara y aragon""}",False,,False,1.0.0,worky_engine,2024-08-31
crm_hubspot,HS-100417,f16517f6876a,S,,,,1,none,"{""domain_label"":""grupo603"",""name_norm"":""grupo macias canales y rolon""}",False,,False,1.0.0,worky_engine,2024-08-31
crm_hubspot,HS-100418,67da30b569af,S,,,,1,none,"{""domain_label"":""lunaburgos303"",""name_norm"":""luna burgos s r l de c v""}",False,,False,1.0.0,worky_engine,2024-08-31
crm_hubspot,HS-100419,c518f6a1dc57,S,,,,1,none,"{""domain_label"":""ruelas320"",""name_norm"":""ruelas s a""}",False,,False,1.0.0,worky_engine,2024-08-31
crm_hubspot,HS-100420,69901e51bc3c,S,,,,1,none,"{""domain_label"":""viera100"",""name_norm"":""viera s c""}",False,,False,1.0.0,worky_engine,2024-08-31
crm_hubspot,HS-100421,0014df720942,S,,,,1,none,"{""domain_label"":""club870"",""name_norm"":""club mascarenas moya""}",False,,False,1.0.0,worky_engine,2024-08-31
crm_hubspot,HS-100422,9ce98b1e53c8,S,,,,1,none,"{""domain_label"":""alonsoparede179"",""name_norm"":""alonso paredes s c""}",False,,False,1.0.0,worky_engine,2024-08-31
crm_hubspot,HS-100423,3d9c9189ef8b,S,,,,1,none,"{""domain_label"":""proyectos645"",""name_norm"":""proyectos leon salazar y noriega""}",False,,False,1.0.0,worky_engine,2024-08-31
crm_hubspot,HS-100424,9c3ead02df0b,S,,,,1,none,"{""domain_label"":""limon629"",""name_norm"":""limon y vanegas a c""}",False,,False,1.0.0,worky_engine,2024-08-31
crm_hubspot,HS-100425,58977cac09cc,S,,,,1,none,"{""domain_label"":""villareal286"",""name_norm"":""villareal mateo y griego""}",False,,False,1.0.0,worky_engine,2024-08-31
crm_hubspot,HS-100426,a1b6591a36c2,S,,,,1,none,"{""domain_label"":""villarreal202"",""name_norm"":""villarreal""}",False,,False,1.0.0,worky_engine,2024-08-31
crm_hubspot,HS-100427,c9cd0bb0cc08,S,,,,1,none,"{""domain_label"":""nieves321"",""name_norm"":""nieves""}",False,,False,1.0.0,worky_engine,2024-08-31
crm_hubspot,HS-100428,f6c34b74fdf2,S,,,,1,none,"{""domain_label"":""industrias866"",""name_norm"":""industrias delgadillo zapata""}",False,,False,1.0.0,worky_engine,2024-08-31
crm_hubspot,HS-100429,4deb4455b182,S,,,,1,none,"{""domain_label"":""industrias605"",""name_norm"":""industrias cazares navarro""}",False,,False,1.0.0,worky_engine,2024-08-31
crm_hubspot,HS-100430,de3394369082,S,,,,1,none,"{""domain_label"":""alonso711"",""name_norm"":""alonso banuelos y paredes""}",False,,False,1.0.0,worky_engine,2024-08-31
crm_hubspot,HS-100431,c87b1eef63b3,S,,,,1,none,"{""domain_label"":""marquezcoron434"",""name_norm"":""marquez coronado""}",False,,False,1.0.0,worky_engine,2024-08-31
crm_hubspot,HS-100432,da3f37a71944,S,,,,1,none,"{""domain_label"":""cavazosfigue171"",""name_norm"":""cavazos figueroa""}",False,,False,1.0.0,worky_engine,2024-08-31
crm_hubspot,HS-100433,8a1b676db0e4,S,,,,1,none,"{""domain_label"":""duarte55"",""name_norm"":""duarte guillen y gaona""}",False,,False,1.0.0,worky_engine,2024-08-31
crm_hubspot,HS-100434,b898e16bae56,S,,,,1,none,"{""domain_label"":""santillan518"",""name_norm"":""santillan y abreu""}",False,,False,1.0.0,worky_engine,2024-08-31
crm_hubspot,HS-100435,e622c23e2951,S,,,,1,none,"{""domain_label"":""corporacin172"",""name_norm"":""corporacin galindo nino""}",False,,False,1.0.0,worky_engine,2024-08-31
crm_hubspot,HS-100436,97081fd75d7e,S,,,,1,none,"{""domain_label"":""laboyaguilar282"",""name_norm"":""laboy aguilar""}",False,,False,1.0.0,worky_engine,2024-08-31
crm_hubspot,HS-100437,b71038723b34,S,,,,1,none,"{""domain_label"":""melendez792"",""name_norm"":""melendez""}",False,,False,1.0.0,worky_engine,2024-08-31
crm_hubspot,HS-100438,cce4e07ce38c,S,,,,1,none,"{""domain_label"":""aparicio794"",""name_norm"":""aparicio s r l de c v""}",False,,False,1.0.0,worky_engine,2024-08-31
crm_hubspot,HS-100439,1288cafbc1fe,S,,,,1,none,"{""domain_label"":""prieto224"",""name_norm"":""prieto alejandro y tamayo""}",False,,False,1.0.0,worky_engine,2024-08-31
crm_hubspot,HS-100440,f5dc072a79ed,S,,,,1,none,"{""domain_label"":""montoya896"",""name_norm"":""montoya s a""}",False,,False,1.0.0,worky_engine,2024-08-31
crm_hubspot,HS-100441,5945ffa79bf5,S,,,,1,none,"{""domain_label"":""grupo887"",""name_norm"":""grupo jaquez pulido y sanchez""}",False,,False,1.0.0,worky_engine,2024-08-31
crm_hubspot,HS-100442,25f129ce4fc4,S,,,,1,none,"{""domain_label"":""toro625"",""name_norm"":""toro paredes y montenegro""}",False,,False,1.0.0,worky_engine,2024-08-31
crm_hubspot,HS-100443,bad845ea6ecb,S,,,,1,none,"{""domain_label"":""corporacin825"",""name_norm"":""corporacin menendez castaneda""}",False,,False,1.0.0,worky_engine,2024-08-31
crm_hubspot,HS-100444,559a1afd0e44,S,,,,1,none,"{""domain_label"":""robles332"",""name_norm"":""robles""}",False,,False,1.0.0,worky_engine,2024-08-31
crm_hubspot,HS-100445,89c4b5ff4a9f,S,,,,1,none,"{""domain_label"":""bueno835"",""name_norm"":""bueno davila y saenz""}",False,,False,1.0.0,worky_engine,2024-08-31
crm_hubspot,HS-100446,1a38af8fa679,S,,,,1,none,"{""domain_label"":""despacho130"",""name_norm"":""despacho florez hernandes""}",False,,False,1.0.0,worky_engine,2024-08-31
crm_hubspot,HS-100447,dbb9781b47c5,S,,,,1,none,"{""domain_label"":""amaya403"",""name_norm"":""amaya y razo""}",False,,False,1.0.0,worky_engine,2024-08-31
crm_hubspot,HS-100448,538f62518bf7,S,,,,1,none,"{""domain_label"":""renteriamade463"",""name_norm"":""renteria madera""}",False,,False,1.0.0,worky_engine,2024-08-31
crm_hubspot,HS-100449,e96833e2c6bb,S,,,,1,none,"{""domain_label"":""escalante974"",""name_norm"":""escalante y aguilera a c""}",False,,False,1.0.0,worky_engine,2024-08-31
crm_hubspot,HS-100450,d23090c83713,S,,,,1,none,"{""domain_label"":""lerma681"",""name_norm"":""lerma juarez y bonilla""}",False,,False,1.0.0,worky_engine,2024-08-31
crm_hubspot,HS-100451,2c678f4bf9d9,S,,,,1,none,"{""domain_label"":""renteriacont845"",""name_norm"":""renteria contreras""}",False,,False,1.0.0,worky_engine,2024-08-31
crm_hubspot,HS-100452,a6444ea5d4ad,S,,,,1,none,"{""domain_label"":""corporacin592"",""name_norm"":""corporacin vanegas esparza y villalpando""}",False,,False,1.0.0,worky_engine,2024-08-31
crm_hubspot,HS-100453,8ab5e8824094,S,,,,1,none,"{""domain_label"":""madrid102"",""name_norm"":""madrid s a""}",False,,False,1.0.0,worky_engine,2024-08-31
crm_hubspot,HS-100454,00fe53692ca1,S,,,,1,none,"{""domain_label"":""despacho982"",""name_norm"":""despacho gamboa y espinoza""}",False,,False,1.0.0,worky_engine,2024-08-31
crm_hubspot,HS-100455,79cd2764ab4f,S,,,,1,none,"{""domain_label"":""proyectos896"",""name_norm"":""proyectos frias sanchez""}",False,,False,1.0.0,worky_engine,2024-08-31
crm_hubspot,HS-100456,0df07dc09d21,S,,,,1,none,"{""domain_label"":""verdugo926"",""name_norm"":""verdugo y esquibel s c""}",False,,False,1.0.0,worky_engine,2024-08-31
crm_hubspot,HS-100457,61797f4fd29d,S,,,,1,none,"{""domain_label"":""torrezpolanc672"",""name_norm"":""torrez polanco""}",False,,False,1.0.0,worky_engine,2024-08-31
crm_hubspot,HS-100458,fcb92db97bd8,S,,,,1,none,"{""domain_label"":""laureano532"",""name_norm"":""laureano y moreno s a""}",False,,False,1.0.0,worky_engine,2024-08-31
crm_hubspot,HS-100459,c7ae629f0670,S,,,,1,none,"{""domain_label"":""magana711"",""name_norm"":""magana y peres""}",False,,False,1.0.0,worky_engine,2024-08-31
crm_hubspot,HS-100460,12031a79d1d3,S,,,,1,none,"{""domain_label"":""rojas321"",""name_norm"":""rojas y marrero""}",False,,False,1.0.0,worky_engine,2024-08-31
crm_hubspot,HS-100461,a6d940689369,S,,,,1,none,"{""domain_label"":""chavarriaced694"",""name_norm"":""chavarria cedillo""}",False,,False,1.0.0,worky_engine,2024-08-31
crm_hubspot,HS-100462,701a7145499e,S,,,,1,none,"{""domain_label"":""bahenadavila360"",""name_norm"":""bahena davila""}",False,,False,1.0.0,worky_engine,2024-08-31
crm_hubspot,HS-100463,87ff09647766,S,,,,1,none,"{""domain_label"":""club454"",""name_norm"":""club toro y tafoya""}",False,,False,1.0.0,worky_engine,2024-08-31
crm_hubspot,HS-100464,ef9605d5a1d4,S,,,,1,none,"{""domain_label"":""lovato987"",""name_norm"":""lovato cortes y abreu""}",False,,False,1.0.0,worky_engine,2024-08-31
crm_hubspot,HS-100465,1c09f8474886,S,,,,1,none,"{""domain_label"":""bravoteran567"",""name_norm"":""bravo teran""}",False,,False,1.0.0,worky_engine,2024-08-31
crm_hubspot,HS-100466,c7b8e3dd3d9e,S,,,,1,none,"{""domain_label"":""industrias531"",""name_norm"":""industrias esquivel olivares y casarez""}",False,,False,1.0.0,worky_engine,2024-08-31
crm_hubspot,HS-100467,5469ca09097a,S,,,,1,none,"{""domain_label"":""olivascasas507"",""name_norm"":""olivas casas""}",False,,False,1.0.0,worky_engine,2024-08-31
crm_hubspot,HS-100468,5211255cc108,S,,,,1,none,"{""domain_label"":""montalvo911"",""name_norm"":""montalvo y marquez""}",False,,False,1.0.0,worky_engine,2024-08-31
crm_hubspot,HS-100469,289073814fdb,S,,,,1,none,"{""domain_label"":""calderon375"",""name_norm"":""calderon s a""}",False,,False,1.0.0,worky_engine,2024-08-31
crm_hubspot,HS-100470,efe6dcc1eacd,S,,,,1,none,"{""domain_label"":""betancourtsa602"",""name_norm"":""betancourt sanchez""}",False,,False,1.0.0,worky_engine,2024-08-31
crm_hubspot,HS-100471,d708a60010d8,S,,,,1,none,"{""domain_label"":""corporacin294"",""name_norm"":""corporacin villalpando parra y barajas""}",False,,False,1.0.0,worky_engine,2024-08-31
crm_hubspot,HS-100472,0fda0433e133,S,,,,1,none,"{""domain_label"":""industrias656"",""name_norm"":""industrias delgadillo vaca""}",False,,False,1.0.0,worky_engine,2024-08-31
crm_hubspot,HS-100473,b8ff0ac62b88,S,,,,1,none,"{""domain_label"":""medinamena524"",""name_norm"":""medina mena""}",False,,False,1.0.0,worky_engine,2024-08-31
crm_hubspot,HS-100474,69e452cb7a98,S,,,,1,none,"{""domain_label"":""barraza716"",""name_norm"":""barraza naranjo y valdez""}",False,,False,1.0.0,worky_engine,2024-08-31
crm_hubspot,HS-100475,a321e5e40776,S,,,,1,none,"{""domain_label"":""corporacin627"",""name_norm"":""corporacin moreno luevano y burgos""}",False,,False,1.0.0,worky_engine,2024-08-31
crm_hubspot,HS-100476,6fbc308a9ed5,S,,,,1,none,"{""domain_label"":""grupo13"",""name_norm"":""grupo alba toledo""}",False,,False,1.0.0,worky_engine,2024-08-31
crm_hubspot,HS-100477,567a1080b6c7,S,,,,1,none,"{""domain_label"":""romerofranco530"",""name_norm"":""romero franco a c""}",False,,False,1.0.0,worky_engine,2024-08-31
crm_hubspot,HS-100478,93d4f5b861a3,S,,,,1,none,"{""domain_label"":""luevano908"",""name_norm"":""luevano y lucero s a""}",False,,False,1.0.0,worky_engine,2024-08-31
crm_hubspot,HS-100479,89d3af7bfbf6,S,,,,1,none,"{""domain_label"":""industrias270"",""name_norm"":""industrias gurule holguin""}",False,,False,1.0.0,worky_engine,2024-08-31
crm_hubspot,HS-100480,d7f2491cbf17,S,,,,1,none,"{""domain_label"":""ceja57"",""name_norm"":""ceja sanches y berrios""}",False,,False,1.0.0,worky_engine,2024-08-31
crm_hubspot,HS-100481,67298e35c7b4,S,,,,1,none,"{""domain_label"":""ozuna691"",""name_norm"":""ozuna y castillo""}",False,,False,1.0.0,worky_engine,2024-08-31
crm_hubspot,HS-100482,167708133e90,S,,,,1,none,"{""domain_label"":""solorio251"",""name_norm"":""solorio y cisneros a c""}",False,,False,1.0.0,worky_engine,2024-08-31
crm_hubspot,HS-100483,375bde6ba88f,S,,,,1,none,"{""domain_label"":""gamezotero567"",""name_norm"":""gamez otero""}",False,,False,1.0.0,worky_engine,2024-08-31
crm_hubspot,HS-100484,51e97a6e2d0f,S,,,,1,none,"{""domain_label"":""ibarra846"",""name_norm"":""ibarra""}",False,,False,1.0.0,worky_engine,2024-08-31
crm_hubspot,HS-100485,3baa0f55645f,S,,,,1,none,"{""domain_label"":""segura824"",""name_norm"":""segura zamudio y baca""}",False,,False,1.0.0,worky_engine,2024-08-31
crm_hubspot,HS-100486,79b0014ab30f,S,,,,1,none,"{""domain_label"":""club336"",""name_norm"":""club nieto gaona""}",False,,False,1.0.0,worky_engine,2024-08-31
crm_hubspot,HS-100487,c434d20674b5,S,,,,1,none,"{""domain_label"":""juradoaguila758"",""name_norm"":""jurado aguilar""}",False,,False,1.0.0,worky_engine,2024-08-31
crm_hubspot,HS-100488,589f42a9c63a,S,,,,1,none,"{""domain_label"":""mojicaruelas923"",""name_norm"":""mojica ruelas""}",False,,False,1.0.0,worky_engine,2024-08-31
crm_hubspot,HS-100489,5788d992991c,S,,,,1,none,"{""domain_label"":""laboratorios355"",""name_norm"":""laboratorios cardona prado y valverde""}",False,,False,1.0.0,worky_engine,2024-08-31
crm_hubspot,HS-100490,093598bb9373,S,,,,1,none,"{""domain_label"":""manzanares211"",""name_norm"":""manzanares y zapata""}",False,,False,1.0.0,worky_engine,2024-08-31
crm_hubspot,HS-100491,eda37dec809b,S,,,,1,none,"{""domain_label"":""espinalcoron287"",""name_norm"":""espinal coronado""}",False,,False,1.0.0,worky_engine,2024-08-31
crm_hubspot,HS-100492,cba7ec6afd2e,S,,,,1,none,"{""domain_label"":""medranocoron718"",""name_norm"":""medrano coronado""}",False,,False,1.0.0,worky_engine,2024-08-31
crm_hubspot,HS-100493,953a1fa5f1e4,S,,,,1,none,"{""domain_label"":""menchacasuar840"",""name_norm"":""menchaca suarez s c""}",False,,False,1.0.0,worky_engine,2024-08-31
crm_hubspot,HS-100494,e0ed9bc3304b,S,,,,1,none,"{""domain_label"":""rosariodelga299"",""name_norm"":""rosario delgado""}",False,,False,1.0.0,worky_engine,2024-08-31
crm_hubspot,HS-100495,bcbbeb996730,S,,,,1,none,"{""domain_label"":""meza464"",""name_norm"":""meza y riojas""}",False,,False,1.0.0,worky_engine,2024-08-31
crm_hubspot,HS-100496,1fca191b2c4a,S,,,,1,none,"{""domain_label"":""grupo160"",""name_norm"":""grupo salcedo valles""}",False,,False,1.0.0,worky_engine,2024-08-31
crm_hubspot,HS-100497,87428c0f5a32,S,,,,1,none,"{""domain_label"":""club367"",""name_norm"":""club avila y trujillo""}",False,,False,1.0.0,worky_engine,2024-08-31
crm_hubspot,HS-100498,1344cdebacd2,S,,,,1,none,"{""domain_label"":""club162"",""name_norm"":""club saldana lira y heredia""}",False,,False,1.0.0,worky_engine,2024-08-31
crm_hubspot,HS-100499,88cf09ccad92,S,,,,1,none,"{""domain_label"":""industrias856"",""name_norm"":""industrias juarez portillo y serrano""}",False,,False,1.0.0,worky_engine,2024-08-31
crm_hubspot,HS-100500,baf649016fa9,S,,,,1,none,"{""domain_label"":""arenas51"",""name_norm"":""arenas""}",False,,False,1.0.0,worky_engine,2024-08-31
crm_hubspot,HS-100501,c4a02f8c12cd,S,,,,1,none,"{""domain_label"":""villalpando876"",""name_norm"":""villalpando a c""}",False,,False,1.0.0,worky_engine,2024-08-31
crm_hubspot,HS-100502,de0488775bd0,S,,,,1,none,"{""domain_label"":""baeza824"",""name_norm"":""baeza y segovia""}",False,,False,1.0.0,worky_engine,2024-08-31
crm_hubspot,HS-100503,3ed1dd022bbe,S,,,,1,none,"{""domain_label"":""zambranocaba844"",""name_norm"":""zambrano caban s c""}",False,,False,1.0.0,worky_engine,2024-08-31
crm_hubspot,HS-100504,7a3a0e83d9f6,S,,,,1,none,"{""domain_label"":""baeza601"",""name_norm"":""baeza""}",False,,False,1.0.0,worky_engine,2024-08-31
crm_hubspot,HS-100505,4cfcbde1f51f,S,,,,1,none,"{""domain_label"":""maganasevill95"",""name_norm"":""magana sevilla""}",False,,False,1.0.0,worky_engine,2024-08-31
crm_hubspot,HS-100506,dde4a2325dc6,S,,,,1,none,"{""domain_label"":""robles444"",""name_norm"":""robles y saldivar s a""}",False,,False,1.0.0,worky_engine,2024-08-31
crm_hubspot,HS-100507,d0cc2b9c1ce9,S,,,,1,none,"{""domain_label"":""escamilla220"",""name_norm"":""escamilla malave y garrido""}",False,,False,1.0.0,worky_engine,2024-08-31
crm_hubspot,HS-100508,548b90cb0018,S,,,,1,none,"{""domain_label"":""porrasarredo635"",""name_norm"":""porras arredondo s a""}",False,,False,1.0.0,worky_engine,2024-08-31
crm_hubspot,HS-100509,5d3a54fbe090,S,,,,1,none,"{""domain_label"":""maestasbusto63"",""name_norm"":""maestas bustos a c""}",False,,False,1.0.0,worky_engine,2024-08-31
crm_hubspot,HS-100510,1a1192e17404,S,,,,1,none,"{""domain_label"":""escobedo646"",""name_norm"":""escobedo guzman y montano""}",False,,False,1.0.0,worky_engine,2024-08-31
crm_hubspot,HS-100511,e9e407e1731c,S,,,,1,none,"{""domain_label"":""saldana558"",""name_norm"":""saldana y munguia""}",False,,False,1.0.0,worky_engine,2024-08-31
crm_hubspot,HS-100512,8018f473b454,S,,,,1,none,"{""domain_label"":""despacho277"",""name_norm"":""despacho olivarez y toro""}",False,,False,1.0.0,worky_engine,2024-08-31
crm_hubspot,HS-100513,e31d2d4a48e2,S,,,,1,none,"{""domain_label"":""proyectos829"",""name_norm"":""proyectos carrasco cabrera""}",False,,False,1.0.0,worky_engine,2024-08-31
crm_hubspot,HS-100514,b6227ca140ae,S,,,,1,none,"{""domain_label"":""club254"",""name_norm"":""club samaniego rosado y arias""}",False,,False,1.0.0,worky_engine,2024-08-31
crm_hubspot,HS-100515,b7214f7de0d2,S,,,,1,none,"{""domain_label"":""de590"",""name_norm"":""de la fuente y olivarez a c""}",False,,False,1.0.0,worky_engine,2024-08-31
crm_hubspot,HS-100516,4852e6665bc7,S,,,,1,none,"{""domain_label"":""naranjolimon243"",""name_norm"":""naranjo limon a c""}",False,,False,1.0.0,worky_engine,2024-08-31
crm_hubspot,HS-100517,a565c66b9bc6,S,,,,1,none,"{""domain_label"":""de721"",""name_norm"":""de la torre rosas""}",False,,False,1.0.0,worky_engine,2024-08-31
crm_hubspot,HS-100518,3d464b2bd5fe,S,,,,1,none,"{""domain_label"":""gaitandelgad556"",""name_norm"":""gaitan delgadillo""}",False,,False,1.0.0,worky_engine,2024-08-31
crm_hubspot,HS-100519,f3488af55845,S,,,,1,none,"{""domain_label"":""amaya21"",""name_norm"":""amaya y vazquez""}",False,,False,1.0.0,worky_engine,2024-08-31
crm_hubspot,HS-100520,2c29d4cb2989,S,,,,1,none,"{""domain_label"":""peraltacaban349"",""name_norm"":""peralta caban""}",False,,False,1.0.0,worky_engine,2024-08-31
crm_hubspot,HS-100521,2cd7d67219cc,S,,,,1,none,"{""domain_label"":""rosasrojas23"",""name_norm"":""rosas rojas""}",False,,False,1.0.0,worky_engine,2024-08-31
crm_hubspot,HS-100522,d8cba4a1d43d,S,,,,1,none,"{""domain_label"":""viera383"",""name_norm"":""viera griego y vasquez""}",False,,False,1.0.0,worky_engine,2024-08-31
crm_hubspot,HS-100523,967e6f7023fc,S,,,,1,none,"{""domain_label"":""corporacin750"",""name_norm"":""corporacin borrego torres y lomeli""}",False,,False,1.0.0,worky_engine,2024-08-31
crm_hubspot,HS-100524,40cbcd1a5e9b,S,,,,1,none,"{""domain_label"":""industrias911"",""name_norm"":""industrias reyna feliciano""}",False,,False,1.0.0,worky_engine,2024-08-31
crm_hubspot,HS-100525,368a3f9d6514,S,,,,1,none,"{""domain_label"":""fernandez315"",""name_norm"":""fernandez s c""}",False,,False,1.0.0,worky_engine,2024-08-31
crm_hubspot,HS-100526,62e862d0ba6b,S,,,,1,none,"{""domain_label"":""arellano872"",""name_norm"":""arellano abrego y carrero""}",False,,False,1.0.0,worky_engine,2024-08-31
crm_hubspot,HS-100527,81215df16b9d,S,,,,1,none,"{""domain_label"":""grupo655"",""name_norm"":""grupo lira maya y vera""}",False,,False,1.0.0,worky_engine,2024-08-31
crm_hubspot,HS-100528,78dd22e22aac,S,,,,1,none,"{""domain_label"":""club356"",""name_norm"":""club segovia santana y vela""}",False,,False,1.0.0,worky_engine,2024-08-31
crm_hubspot,HS-100529,dc75715a3853,S,,,,1,none,"{""domain_label"":""vaca12"",""name_norm"":""vaca y borrego s r l de c v""}",False,,False,1.0.0,worky_engine,2024-08-31
crm_hubspot,HS-100530,5f6fe04e3c0d,S,,,,1,none,"{""domain_label"":""despacho738"",""name_norm"":""despacho montalvo garza y salazar""}",False,,False,1.0.0,worky_engine,2024-08-31
crm_hubspot,HS-100531,ed5931954b72,S,,,,1,none,"{""domain_label"":""zelaya505"",""name_norm"":""zelaya s r l de c v""}",False,,False,1.0.0,worky_engine,2024-08-31
crm_hubspot,HS-100532,c7e410d860dd,S,,,,1,none,"{""domain_label"":""industrias667"",""name_norm"":""industrias calderon y casares""}",False,,False,1.0.0,worky_engine,2024-08-31
crm_hubspot,HS-100533,53f68810a2c7,S,,,,1,none,"{""domain_label"":""rivero21"",""name_norm"":""rivero castellanos y anaya""}",False,,False,1.0.0,worky_engine,2024-08-31
crm_hubspot,HS-100534,4cdf5b9fe3a4,S,,,,1,none,"{""domain_label"":""saldivar750"",""name_norm"":""saldivar y rojo s a""}",False,,False,1.0.0,worky_engine,2024-08-31
crm_hubspot,HS-100535,5382574560dc,S,,,,1,none,"{""domain_label"":""vallevalenci629"",""name_norm"":""valle valencia s c""}",False,,False,1.0.0,worky_engine,2024-08-31
crm_hubspot,HS-100536,73a7137f9426,S,,,,1,none,"{""domain_label"":""guajardo161"",""name_norm"":""guajardo y chacon s a""}",False,,False,1.0.0,worky_engine,2024-08-31
crm_hubspot,HS-100537,59a8da5bbd25,S,,,,1,none,"{""domain_label"":""casanova568"",""name_norm"":""casanova s a""}",False,,False,1.0.0,worky_engine,2024-08-31
crm_hubspot,HS-100538,10e7e55b829d,S,,,,1,none,"{""domain_label"":""alvarez51"",""name_norm"":""alvarez y salcido""}",False,,False,1.0.0,worky_engine,2024-08-31
crm_hubspot,HS-100539,887b2c1a1380,S,,,,1,none,"{""domain_label"":""laboratorios4"",""name_norm"":""laboratorios sandoval tijerina""}",False,,False,1.0.0,worky_engine,2024-08-31
crm_hubspot,HS-100540,7ecb5a47e4a1,S,,,,1,none,"{""domain_label"":""hernadez205"",""name_norm"":""hernadez y cordova s r l de c v""}",False,,False,1.0.0,worky_engine,2024-08-31
crm_hubspot,HS-100541,5ff51d984ff6,S,,,,1,none,"{""domain_label"":""arevaloorta316"",""name_norm"":""arevalo orta""}",False,,False,1.0.0,worky_engine,2024-08-31
crm_hubspot,HS-100542,4748fb3a478f,S,,,,1,none,"{""domain_label"":""sepulveda658"",""name_norm"":""sepulveda y cisneros""}",False,,False,1.0.0,worky_engine,2024-08-31
crm_hubspot,HS-100543,a24f4d4bb486,S,,,,1,none,"{""domain_label"":""tijerina457"",""name_norm"":""tijerina y rangel a c""}",False,,False,1.0.0,worky_engine,2024-08-31
crm_hubspot,HS-100544,f9d56b104a2b,S,,,,1,none,"{""domain_label"":""zamoraluna64"",""name_norm"":""zamora luna""}",False,,False,1.0.0,worky_engine,2024-08-31
crm_hubspot,HS-100545,03e9e800144c,S,,,,1,none,"{""domain_label"":""cervantez995"",""name_norm"":""cervantez esparza y oquendo""}",False,,False,1.0.0,worky_engine,2024-08-31
crm_hubspot,HS-100546,78e777fdb583,S,,,,1,none,"{""domain_label"":""tejada989"",""name_norm"":""tejada cortez y leon""}",False,,False,1.0.0,worky_engine,2024-08-31
crm_hubspot,HS-100547,77af4118522b,S,,,,1,none,"{""domain_label"":""godoy405"",""name_norm"":""godoy y fierro""}",False,,False,1.0.0,worky_engine,2024-08-31
crm_hubspot,HS-100548,59a59dbb5c8d,S,,,,1,none,"{""domain_label"":""balderasespi636"",""name_norm"":""balderas espinoza""}",False,,False,1.0.0,worky_engine,2024-08-31
crm_hubspot,HS-100549,7964d8b4df3d,S,,,,1,none,"{""domain_label"":""varelagalleg130"",""name_norm"":""varela gallegos""}",False,,False,1.0.0,worky_engine,2024-08-31
crm_hubspot,HS-100550,279ab800ac35,S,,,,1,none,"{""domain_label"":""ledesmarolon152"",""name_norm"":""ledesma rolon s a""}",False,,False,1.0.0,worky_engine,2024-08-31
crm_hubspot,HS-100551,57c8aca8703d,S,,,,1,none,"{""domain_label"":""club398"",""name_norm"":""club cuellar leiva""}",False,,False,1.0.0,worky_engine,2024-08-31
crm_hubspot,HS-100552,714a72f5154c,S,,,,1,none,"{""domain_label"":""laboratorios940"",""name_norm"":""laboratorios ramirez y villalpando""}",False,,False,1.0.0,worky_engine,2024-08-31
crm_hubspot,HS-100553,f53160415402,S,,,,1,none,"{""domain_label"":""nava581"",""name_norm"":""nava s c""}",False,,False,1.0.0,worky_engine,2024-08-31
crm_hubspot,HS-100554,92f4e669bfdd,S,,,,1,none,"{""domain_label"":""laboratorios902"",""name_norm"":""laboratorios olivarez camarillo""}",False,,False,1.0.0,worky_engine,2024-08-31
crm_hubspot,HS-100555,3e0310fe6b93,S,,,,1,none,"{""domain_label"":""proyectos485"",""name_norm"":""proyectos gonzalez carrasco y rivera""}",True,shared_domain_distinct_company,False,1.0.0,worky_engine,2024-08-31
crm_hubspot,HS-100556,8425a0e965c5,S,,,,1,none,"{""domain_label"":""corporacin711"",""name_norm"":""corporacin porras regalado""}",False,,False,1.0.0,worky_engine,2024-08-31
crm_hubspot,HS-100557,73791fb3cf09,S,,,,1,none,"{""domain_label"":""ocampo764"",""name_norm"":""ocampo osorio y oquendo""}",False,,False,1.0.0,worky_engine,2024-08-31
crm_hubspot,HS-100558,fa963456da9c,S,,,,1,none,"{""domain_label"":""de288"",""name_norm"":""de la rosa molina""}",False,,False,1.0.0,worky_engine,2024-08-31
crm_hubspot,HS-100559,118a77d9045d,S,,,,1,none,"{""domain_label"":""corporacin308"",""name_norm"":""corporacin valdez samaniego y sotelo""}",False,,False,1.0.0,worky_engine,2024-08-31
crm_hubspot,HS-100560,454a653ec9a9,S,,,,1,none,"{""domain_label"":""velasquez662"",""name_norm"":""velasquez y anaya s r l de c v""}",False,,False,1.0.0,worky_engine,2024-08-31
crm_hubspot,HS-100561,f34cb98c7172,S,,,,1,none,"{""domain_label"":""corporacin497"",""name_norm"":""corporacin almanza vargas y benavides""}",False,,False,1.0.0,worky_engine,2024-08-31
crm_hubspot,HS-100562,7fb38f9e61ff,S,,,,1,none,"{""domain_label"":""mejia68"",""name_norm"":""mejia paredes y vargas""}",False,,False,1.0.0,worky_engine,2024-08-31
crm_hubspot,HS-100563,850c889b188c,S,,,,1,none,"{""domain_label"":""quintanilla858"",""name_norm"":""quintanilla y soto""}",False,,False,1.0.0,worky_engine,2024-08-31
crm_hubspot,HS-100564,1f5adba0a272,S,,,,1,none,"{""domain_label"":""urbina378"",""name_norm"":""urbina y cedillo s a""}",False,,False,1.0.0,worky_engine,2024-08-31
crm_hubspot,HS-100565,98aa01742131,S,,,,1,none,"{""domain_label"":""rubio382"",""name_norm"":""rubio y saiz s c""}",False,,False,1.0.0,worky_engine,2024-08-31
crm_hubspot,HS-100566,b454b2f7bd1c,S,,,,1,none,"{""domain_label"":""cordero359"",""name_norm"":""cordero zamora y salcido""}",False,,False,1.0.0,worky_engine,2024-08-31
crm_hubspot,HS-100567,945c463e27f5,S,,,,1,none,"{""domain_label"":""laboratorios29"",""name_norm"":""laboratorios solano corrales""}",False,,False,1.0.0,worky_engine,2024-08-31
crm_hubspot,HS-100568,d591a4e10426,S,,,,1,none,"{""domain_label"":""corporacin663"",""name_norm"":""corporacin saavedra garcia""}",False,,False,1.0.0,worky_engine,2024-08-31
crm_hubspot,HS-100569,835f374d427c,S,,,,1,none,"{""domain_label"":""batistaherna10"",""name_norm"":""batista hernadez""}",False,,False,1.0.0,worky_engine,2024-08-31
crm_hubspot,HS-100570,6709cae3efd1,S,,,,1,none,"{""domain_label"":""grupo259"",""name_norm"":""grupo portillo del rio y valdivia""}",False,,False,1.0.0,worky_engine,2024-08-31
crm_hubspot,HS-100571,cf932e3d82d8,S,,,,1,none,"{""domain_label"":""corporacin917"",""name_norm"":""corporacin toledo y anguiano""}",False,,False,1.0.0,worky_engine,2024-08-31
crm_hubspot,HS-100572,2f26a0da0310,S,,,,1,none,"{""domain_label"":""industrias534"",""name_norm"":""industrias centeno y rosario""}",False,,False,1.0.0,worky_engine,2024-08-31
crm_hubspot,HS-100573,2f9a572a5bab,S,,,,1,none,"{""domain_label"":""ulibarripach663"",""name_norm"":""ulibarri pacheco""}",False,,False,1.0.0,worky_engine,2024-08-31
crm_hubspot,HS-100574,7cd86d7f8789,S,,,,1,none,"{""domain_label"":""veramaya284"",""name_norm"":""vera maya a c""}",False,,False,1.0.0,worky_engine,2024-08-31
crm_hubspot,HS-100575,cdd0fe341983,S,,,,1,none,"{""domain_label"":""club154"",""name_norm"":""club pabon serna y caraballo""}",False,,False,1.0.0,worky_engine,2024-08-31
crm_hubspot,HS-100576,cc612f12a5f3,S,,,,1,none,"{""domain_label"":""nietobriones144"",""name_norm"":""nieto briones""}",False,,False,1.0.0,worky_engine,2024-08-31
crm_hubspot,HS-100577,9e718ad7d560,S,,,,1,none,"{""domain_label"":""villanueva415"",""name_norm"":""villanueva""}",False,,False,1.0.0,worky_engine,2024-08-31
crm_hubspot,HS-100578,723875008eb9,S,,,,1,none,"{""domain_label"":""villasenorma744"",""name_norm"":""villasenor marrero""}",False,,False,1.0.0,worky_engine,2024-08-31
crm_hubspot,HS-100579,a93e31f7946a,S,,,,1,none,"{""domain_label"":""grupo368"",""name_norm"":""grupo almanza carrera""}",False,,False,1.0.0,worky_engine,2024-08-31
crm_hubspot,HS-100580,c722bd70bb6d,S,,,,1,none,"{""domain_label"":""alarcon100"",""name_norm"":""alarcon a c""}",False,,False,1.0.0,worky_engine,2024-08-31
crm_hubspot,HS-100581,97ee9f62574c,S,,,,1,none,"{""domain_label"":""collazonegro970"",""name_norm"":""collazo negron s c""}",False,,False,1.0.0,worky_engine,2024-08-31
crm_hubspot,HS-100582,c8d1b8b01b16,S,,,,1,none,"{""domain_label"":""tejeda808"",""name_norm"":""tejeda rivera y abrego""}",False,,False,1.0.0,worky_engine,2024-08-31
crm_hubspot,HS-100583,7e3cff38400b,S,,,,1,none,"{""domain_label"":""industrias55"",""name_norm"":""industrias mares y lopez""}",False,,False,1.0.0,worky_engine,2024-08-31
crm_hubspot,HS-100584,9eb7a3a6657b,S,,,,1,none,"{""domain_label"":""olivoparra391"",""name_norm"":""olivo parra""}",False,,False,1.0.0,worky_engine,2024-08-31
crm_hubspot,HS-100585,dcbec6838ba3,S,,,,1,none,"{""domain_label"":""sosa420"",""name_norm"":""sosa sosa y acuna""}",False,,False,1.0.0,worky_engine,2024-08-31
crm_hubspot,HS-100586,dcf6784c3f48,S,,,,1,none,"{""domain_label"":""bahenacollad500"",""name_norm"":""bahena collado""}",False,,False,1.0.0,worky_engine,2024-08-31
crm_hubspot,HS-100587,1e6e8393975f,S,,,,1,none,"{""domain_label"":""club215"",""name_norm"":""club pizarro bernal y diaz""}",False,,False,1.0.0,worky_engine,2024-08-31
crm_hubspot,HS-100588,9c83b29dabc8,S,,,,1,none,"{""domain_label"":""despacho630"",""name_norm"":""despacho urrutia y gollum""}",False,,False,1.0.0,worky_engine,2024-08-31
crm_hubspot,HS-100589,6978c5309efe,S,,,,1,none,"{""domain_label"":""cadenacantu39"",""name_norm"":""cadena cantu""}",False,,False,1.0.0,worky_engine,2024-08-31
crm_hubspot,HS-100590,f9258b3410f9,S,,,,1,none,"{""domain_label"":""saldivarlong196"",""name_norm"":""saldivar longoria""}",False,,False,1.0.0,worky_engine,2024-08-31
crm_hubspot,HS-100591,ba0e4a372968,S,,,,1,none,"{""domain_label"":""vela133"",""name_norm"":""vela y carranza""}",False,,False,1.0.0,worky_engine,2024-08-31
crm_hubspot,HS-100592,ab72e3445be1,S,,,,1,none,"{""domain_label"":""laboratorios306"",""name_norm"":""laboratorios zepeda y dominguez""}",False,,False,1.0.0,worky_engine,2024-08-31
crm_hubspot,HS-100593,ed0225bd89c5,S,,,,1,none,"{""domain_label"":""gil910"",""name_norm"":""gil s a""}",False,,False,1.0.0,worky_engine,2024-08-31
crm_hubspot,HS-100594,7c71e1e60120,S,,,,1,none,"{""domain_label"":""grupo169"",""name_norm"":""grupo urias romero""}",False,,False,1.0.0,worky_engine,2024-08-31
crm_hubspot,HS-100595,a79430c11e48,S,,,,1,none,"{""domain_label"":""despacho752"",""name_norm"":""despacho alvarado ceballos y farias""}",False,,False,1.0.0,worky_engine,2024-08-31
crm_hubspot,HS-100596,ad2278a4a6c6,S,,,,1,none,"{""domain_label"":""despacho898"",""name_norm"":""despacho teran orta y paez""}",False,,False,1.0.0,worky_engine,2024-08-31
crm_hubspot,HS-100597,3967f5213479,S,,,,1,none,"{""domain_label"":""quintero678"",""name_norm"":""quintero escobedo y carrillo""}",False,,False,1.0.0,worky_engine,2024-08-31
crm_hubspot,HS-100598,c82c8b5945bb,S,,,,1,none,"{""domain_label"":""vera127"",""name_norm"":""vera s r l de c v""}",False,,False,1.0.0,worky_engine,2024-08-31
crm_hubspot,HS-100599,ecd54f585087,S,,,,1,none,"{""domain_label"":""industrias431"",""name_norm"":""industrias rosado gaona""}",False,,False,1.0.0,worky_engine,2024-08-31
crm_hubspot,HS-100600,bcdb022bc305,S,,,,1,none,"{""domain_label"":""club141"",""name_norm"":""club meza y madera""}",False,,False,1.0.0,worky_engine,2024-08-31
crm_hubspot,HS-100601,db9bc2d200e6,S,,,,1,none,"{""domain_label"":""echeverriava804"",""name_norm"":""echeverria valdez""}",False,,False,1.0.0,worky_engine,2024-08-31
crm_hubspot,HS-100602,b4c838eb089c,S,,,,1,none,"{""domain_label"":""grupo997"",""name_norm"":""grupo tejada rivas""}",False,,False,1.0.0,worky_engine,2024-08-31
crm_hubspot,HS-100603,e4190b8c9edb,S,,,,1,none,"{""domain_label"":""casarezmuril509"",""name_norm"":""casarez murillo""}",False,,False,1.0.0,worky_engine,2024-08-31
crm_hubspot,HS-100604,b4e6ad0d057a,S,,,,1,none,"{""domain_label"":""calvillo856"",""name_norm"":""calvillo burgos y aleman""}",False,,False,1.0.0,worky_engine,2024-08-31
crm_hubspot,HS-100605,eb6e17931ac2,S,,,,1,none,"{""domain_label"":""guardadochap741"",""name_norm"":""guardado chapa""}",False,,False,1.0.0,worky_engine,2024-08-31
crm_hubspot,HS-100606,e19569d925d2,S,,,,1,none,"{""domain_label"":""club271"",""name_norm"":""club gonzalez jasso""}",False,,False,1.0.0,worky_engine,2024-08-31
crm_hubspot,HS-100607,04887d0f3f7c,S,,,,1,none,"{""domain_label"":""alcalamagana369"",""name_norm"":""alcala magana""}",False,,False,1.0.0,worky_engine,2024-08-31
crm_hubspot,HS-100608,6b9938219d8f,S,,,,1,none,"{""domain_label"":""club873"",""name_norm"":""club solorzano y mireles""}",False,,False,1.0.0,worky_engine,2024-08-31
crm_hubspot,HS-100609,c29e32af3d21,S,,,,1,none,"{""domain_label"":""corporacin900"",""name_norm"":""corporacin urias lerma""}",False,,False,1.0.0,worky_engine,2024-08-31
crm_hubspot,HS-100610,2e313ecc9f06,S,,,,1,none,"{""domain_label"":""batistabrise410"",""name_norm"":""batista briseno s a""}",False,,False,1.0.0,worky_engine,2024-08-31
crm_hubspot,HS-100611,21a76877b923,S,,,,1,none,"{""domain_label"":""granados665"",""name_norm"":""granados a c""}",False,,False,1.0.0,worky_engine,2024-08-31
crm_hubspot,HS-100612,91406719f00e,S,,,,1,none,"{""domain_label"":""soriaheredia427"",""name_norm"":""soria heredia""}",False,,False,1.0.0,worky_engine,2024-08-31
crm_hubspot,HS-100613,77c327404c72,S,,,,1,none,"{""domain_label"":""proyectos389"",""name_norm"":""proyectos esquibel espinal""}",False,,False,1.0.0,worky_engine,2024-08-31
crm_hubspot,HS-100614,dcf4823a4d63,S,,,,1,none,"{""domain_label"":""tijerina909"",""name_norm"":""tijerina y laboy s c""}",False,,False,1.0.0,worky_engine,2024-08-31
crm_hubspot,HS-100615,b11ab648f308,S,,,,1,none,"{""domain_label"":""romo591"",""name_norm"":""romo s a""}",False,,False,1.0.0,worky_engine,2024-08-31
crm_hubspot,HS-100616,b8a43530cf08,S,,,,1,none,"{""domain_label"":""colon536"",""name_norm"":""colon y muniz s c""}",False,,False,1.0.0,worky_engine,2024-08-31
crm_hubspot,HS-100617,cd022db07256,S,,,,1,none,"{""domain_label"":""laboratorios680"",""name_norm"":""laboratorios armendariz y paez""}",False,,False,1.0.0,worky_engine,2024-08-31
crm_hubspot,HS-100618,34fc60602415,S,,,,1,none,"{""domain_label"":""cornejovilla12"",""name_norm"":""cornejo villareal""}",False,,False,1.0.0,worky_engine,2024-08-31
crm_hubspot,HS-100619,48c20dcf6fe4,S,,,,1,none,"{""domain_label"":""grupo77"",""name_norm"":""grupo sanches quinonez""}",False,,False,1.0.0,worky_engine,2024-08-31
crm_hubspot,HS-100620,22b962d9afed,S,,,,1,none,"{""domain_label"":""estrada229"",""name_norm"":""estrada rincon y zavala""}",False,,False,1.0.0,worky_engine,2024-08-31
crm_hubspot,HS-100621,aa00b58df5b0,S,,,,1,none,"{""domain_label"":""proyectos821"",""name_norm"":""proyectos pineda y villasenor""}",False,,False,1.0.0,worky_engine,2024-08-31
crm_hubspot,HS-100622,4566eb75d1d3,S,,,,1,none,"{""domain_label"":""proyectos510"",""name_norm"":""proyectos gonzales lebron""}",False,,False,1.0.0,worky_engine,2024-08-31
crm_hubspot,HS-100623,57430e054ca2,S,,,,1,none,"{""domain_label"":""rangel1"",""name_norm"":""rangel""}",False,,False,1.0.0,worky_engine,2024-08-31
crm_hubspot,HS-100624,37211eeb762c,S,,,,1,none,"{""domain_label"":""laboratorios576"",""name_norm"":""laboratorios pizarro tamez y rosario""}",False,,False,1.0.0,worky_engine,2024-08-31
crm_hubspot,HS-100625,d17a1cb67764,S,,,,1,none,"{""domain_label"":""sevillarocha340"",""name_norm"":""sevilla rocha s c""}",False,,False,1.0.0,worky_engine,2024-08-31
crm_hubspot,HS-100626,0f42092743f1,S,,,,1,none,"{""domain_label"":""almaraz100"",""name_norm"":""almaraz y sanches s a""}",False,,False,1.0.0,worky_engine,2024-08-31
crm_hubspot,HS-100627,e9214ee5bf0b,S,,,,1,none,"{""domain_label"":""aguayo535"",""name_norm"":""aguayo arellano y trevino""}",False,,False,1.0.0,worky_engine,2024-08-31
crm_hubspot,HS-100628,0c0316a141aa,S,,,,1,none,"{""domain_label"":""santillan761"",""name_norm"":""santillan s c""}",False,,False,1.0.0,worky_engine,2024-08-31
crm_hubspot,HS-100629,28e7c24cd4cb,S,,,,1,none,"{""domain_label"":""amayaprado953"",""name_norm"":""amaya prado""}",False,,False,1.0.0,worky_engine,2024-08-31
crm_hubspot,HS-100630,a2f4b7cd7eb1,S,,,,1,none,"{""domain_label"":""lovatomontan347"",""name_norm"":""lovato montanez""}",False,,False,1.0.0,worky_engine,2024-08-31
crm_hubspot,HS-100631,652a84cfe5c1,S,,,,1,none,"{""domain_label"":""grupo791"",""name_norm"":""grupo cordero gaitan""}",False,,False,1.0.0,worky_engine,2024-08-31
crm_hubspot,HS-100632,6c0b2c4e1901,S,,,,1,none,"{""domain_label"":""club5"",""name_norm"":""club perea y salcido""}",False,,False,1.0.0,worky_engine,2024-08-31
crm_hubspot,HS-100633,937eb80b0184,S,,,,1,none,"{""domain_label"":""proyectos947"",""name_norm"":""proyectos carreon tijerina""}",False,,False,1.0.0,worky_engine,2024-08-31
crm_hubspot,HS-100634,98bbb9b1f4ec,S,,,,1,none,"{""domain_label"":""regalado397"",""name_norm"":""regalado valverde y lugo""}",False,,False,1.0.0,worky_engine,2024-08-31
crm_hubspot,HS-100635,9d7de9537b7e,S,,,,1,none,"{""domain_label"":""rincon781"",""name_norm"":""rincon y jaimes""}",False,,False,1.0.0,worky_engine,2024-08-31
crm_hubspot,HS-100636,618a87bd9809,S,,,,1,none,"{""domain_label"":""aparicio142"",""name_norm"":""aparicio""}",False,,False,1.0.0,worky_engine,2024-08-31
crm_hubspot,HS-100637,0c092b55cb21,S,,,,1,none,"{""domain_label"":""cavazos755"",""name_norm"":""cavazos y quiroz""}",False,,False,1.0.0,worky_engine,2024-08-31
crm_hubspot,HS-100638,3af530a7679a,S,,,,1,none,"{""domain_label"":""industrias136"",""name_norm"":""industrias zaragoza lira""}",False,,False,1.0.0,worky_engine,2024-08-31
crm_hubspot,HS-100639,eb0b897c470a,S,,,,1,none,"{""domain_label"":""club119"",""name_norm"":""club baeza jaramillo""}",False,,False,1.0.0,worky_engine,2024-08-31
crm_hubspot,HS-100640,2472eb83ec96,S,,,,1,none,"{""domain_label"":""banuelosgall766"",""name_norm"":""banuelos gallegos""}",False,,False,1.0.0,worky_engine,2024-08-31
crm_hubspot,HS-100641,809d0342d4ed,S,,,,1,none,"{""domain_label"":""rolon110"",""name_norm"":""rolon""}",False,,False,1.0.0,worky_engine,2024-08-31
crm_hubspot,HS-100642,8aace75b998d,S,,,,1,none,"{""domain_label"":""munizpelayo294"",""name_norm"":""muniz pelayo""}",False,,False,1.0.0,worky_engine,2024-08-31
crm_hubspot,HS-100643,08513678e63b,S,,,,1,none,"{""domain_label"":""prado772"",""name_norm"":""prado ozuna y orellana""}",False,,False,1.0.0,worky_engine,2024-08-31
crm_hubspot,HS-100644,f4369dc52865,S,,,,1,none,"{""domain_label"":""corporacin758"",""name_norm"":""corporacin nieto pantoja""}",False,,False,1.0.0,worky_engine,2024-08-31
crm_hubspot,HS-100645,e49077a75737,S,,,,1,none,"{""domain_label"":""jiminez804"",""name_norm"":""jiminez""}",False,,False,1.0.0,worky_engine,2024-08-31
crm_hubspot,HS-100646,49ce3285ee46,S,,,,1,none,"{""domain_label"":""club980"",""name_norm"":""club morales y portillo""}",False,,False,1.0.0,worky_engine,2024-08-31
crm_hubspot,HS-100647,ae32988dfca5,S,,,,1,none,"{""domain_label"":""industrias636"",""name_norm"":""industrias arce iglesias""}",False,,False,1.0.0,worky_engine,2024-08-31
crm_hubspot,HS-100648,12bb70998c29,S,,,,1,none,"{""domain_label"":""gallardobust560"",""name_norm"":""gallardo bustamante s a""}",False,,False,1.0.0,worky_engine,2024-08-31
crm_hubspot,HS-100649,9de59d515b9f,S,,,,1,none,"{""domain_label"":""resendezeste182"",""name_norm"":""resendez estevez s r l de c v""}",False,,False,1.0.0,worky_engine,2024-08-31
crm_hubspot,HS-100650,ebaae71bb69b,S,,,,1,none,"{""domain_label"":""laboratorios387"",""name_norm"":""laboratorios acevedo roldan y quezada""}",False,,False,1.0.0,worky_engine,2024-08-31
crm_hubspot,HS-900000,,Q,,,,1,none,"{""mrr_is_null"":true,""name_norm_equal"":true,""referenced_by_accounts"":false}",False,,False,1.0.0,worky_engine,2024-08-31
crm_hubspot,HS-900001,,Q,,,,1,none,"{""mrr_is_null"":true,""name_norm_equal"":true,""referenced_by_accounts"":false}",False,,False,1.0.0,worky_engine,2024-08-31
crm_hubspot,HS-900002,,Q,,,,1,none,"{""mrr_is_null"":true,""name_norm_equal"":true,""referenced_by_accounts"":false}",False,,False,1.0.0,worky_engine,2024-08-31
crm_hubspot,HS-900003,,Q,,,,1,none,"{""mrr_is_null"":true,""name_norm_equal"":true,""referenced_by_accounts"":false}",False,,False,1.0.0,worky_engine,2024-08-31
crm_hubspot,HS-900004,,Q,,,,1,none,"{""mrr_is_null"":true,""name_norm_equal"":true,""referenced_by_accounts"":false}",False,,False,1.0.0,worky_engine,2024-08-31
crm_hubspot,HS-900005,,Q,,,,1,none,"{""mrr_is_null"":true,""name_norm_equal"":true,""referenced_by_accounts"":false}",False,,False,1.0.0,worky_engine,2024-08-31
crm_hubspot,HS-900006,,Q,,,,1,none,"{""mrr_is_null"":true,""name_norm_equal"":true,""referenced_by_accounts"":false}",False,,False,1.0.0,worky_engine,2024-08-31
crm_hubspot,HS-900007,,Q,,,,1,none,"{""mrr_is_null"":true,""name_norm_equal"":true,""referenced_by_accounts"":false}",False,,False,1.0.0,worky_engine,2024-08-31
crm_hubspot,HS-900008,,Q,,,,1,none,"{""mrr_is_null"":true,""name_norm_equal"":true,""referenced_by_accounts"":false}",False,,False,1.0.0,worky_engine,2024-08-31
crm_hubspot,HS-900009,,Q,,,,1,none,"{""mrr_is_null"":true,""name_norm_equal"":true,""referenced_by_accounts"":false}",False,,False,1.0.0,worky_engine,2024-08-31
crm_hubspot,HS-900010,,Q,,,,1,none,"{""mrr_is_null"":true,""name_norm_equal"":true,""referenced_by_accounts"":false}",False,,False,1.0.0,worky_engine,2024-08-31
crm_hubspot,HS-900011,,Q,,,,1,none,"{""mrr_is_null"":true,""name_norm_equal"":true,""referenced_by_accounts"":false}",False,,False,1.0.0,worky_engine,2024-08-31
crm_hubspot,HS-900012,,Q,,,,1,none,"{""mrr_is_null"":true,""name_norm_equal"":true,""referenced_by_accounts"":false}",False,,False,1.0.0,worky_engine,2024-08-31
crm_hubspot,HS-900013,,Q,,,,1,none,"{""mrr_is_null"":true,""name_norm_equal"":true,""referenced_by_accounts"":false}",False,,False,1.0.0,worky_engine,2024-08-31
crm_hubspot,HS-900014,,Q,,,,1,none,"{""mrr_is_null"":true,""name_norm_equal"":true,""referenced_by_accounts"":false}",False,,False,1.0.0,worky_engine,2024-08-31
crm_hubspot,HS-900015,,Q,,,,1,none,"{""mrr_is_null"":true,""name_norm_equal"":true,""referenced_by_accounts"":false}",False,,False,1.0.0,worky_engine,2024-08-31
crm_hubspot,HS-900016,,Q,,,,1,none,"{""mrr_is_null"":true,""name_norm_equal"":true,""referenced_by_accounts"":false}",False,,False,1.0.0,worky_engine,2024-08-31
crm_hubspot,HS-900017,,Q,,,,1,none,"{""mrr_is_null"":true,""name_norm_equal"":true,""referenced_by_accounts"":false}",False,,False,1.0.0,worky_engine,2024-08-31
crm_hubspot,HS-900018,,Q,,,,1,none,"{""mrr_is_null"":true,""name_norm_equal"":true,""referenced_by_accounts"":false}",False,,False,1.0.0,worky_engine,2024-08-31
crm_hubspot,HS-900019,,Q,,,,1,none,"{""mrr_is_null"":true,""name_norm_equal"":true,""referenced_by_accounts"":false}",False,,False,1.0.0,worky_engine,2024-08-31
crm_hubspot,HS-900020,,Q,,,,1,none,"{""mrr_is_null"":true,""name_norm_equal"":true,""referenced_by_accounts"":false}",False,,False,1.0.0,worky_engine,2024-08-31
crm_hubspot,HS-900021,,Q,,,,1,none,"{""mrr_is_null"":true,""name_norm_equal"":true,""referenced_by_accounts"":false}",False,,False,1.0.0,worky_engine,2024-08-31
crm_hubspot,HS-900022,,Q,,,,1,none,"{""mrr_is_null"":true,""name_norm_equal"":true,""referenced_by_accounts"":false}",False,,False,1.0.0,worky_engine,2024-08-31
crm_hubspot,HS-900023,,Q,,,,1,none,"{""mrr_is_null"":true,""name_norm_equal"":true,""referenced_by_accounts"":false}",False,,False,1.0.0,worky_engine,2024-08-31
crm_hubspot,HS-900024,,Q,,,,1,none,"{""mrr_is_null"":true,""name_norm_equal"":true,""referenced_by_accounts"":false}",False,,False,1.0.0,worky_engine,2024-08-31
crm_hubspot,HS-900025,,Q,,,,1,none,"{""mrr_is_null"":true,""name_norm_equal"":true,""referenced_by_accounts"":false}",False,,False,1.0.0,worky_engine,2024-08-31
crm_hubspot,HS-900026,,Q,,,,1,none,"{""mrr_is_null"":true,""name_norm_equal"":true,""referenced_by_accounts"":false}",False,,False,1.0.0,worky_engine,2024-08-31
crm_hubspot,HS-900027,,Q,,,,1,none,"{""mrr_is_null"":true,""name_norm_equal"":true,""referenced_by_accounts"":false}",False,,False,1.0.0,worky_engine,2024-08-31
product_db,ACC-2000,b5e018ec0013,T2,100.00,,,3,signup_date,"{""created_at"":""2022-02-28"",""name_norm"":""gaitan olmos y paredes"",""partial_ratio"":100.0}",False,,False,1.0.0,worky_engine,2024-08-31
product_db,ACC-2001,51b8827af99f,T0,,,,1,hubspot_id,"{""hubspot_id"":""HS-100002""}",False,,False,1.0.0,worky_engine,2024-08-31
product_db,ACC-2002,4241a3ce2f40,T0,,,,1,hubspot_id,"{""hubspot_id"":""HS-100003""}",False,,False,1.0.0,worky_engine,2024-08-31
product_db,ACC-2003,6d621ac6bce1,T0,,,,1,hubspot_id,"{""hubspot_id"":""HS-100004""}",False,,False,1.0.0,worky_engine,2024-08-31
product_db,ACC-2004,793be83a3632,T0,,,,1,hubspot_id,"{""hubspot_id"":""HS-100005""}",False,,False,1.0.0,worky_engine,2024-08-31
product_db,ACC-2005,5df58f1cd011,T0,,,,1,hubspot_id,"{""hubspot_id"":""HS-100006""}",False,,False,1.0.0,worky_engine,2024-08-31
product_db,ACC-2006,d7e2debcb1e4,T0,,,,1,hubspot_id,"{""hubspot_id"":""HS-100007""}",False,,False,1.0.0,worky_engine,2024-08-31
product_db,ACC-2007,bfcc93c1234c,T0,,,,1,hubspot_id,"{""hubspot_id"":""HS-100008""}",False,,False,1.0.0,worky_engine,2024-08-31
product_db,ACC-2008,2cc32419a667,T0,,,,1,hubspot_id,"{""hubspot_id"":""HS-100009""}",False,,False,1.0.0,worky_engine,2024-08-31
product_db,ACC-2009,00fd17d94d91,T0,,,,1,hubspot_id,"{""hubspot_id"":""HS-100010""}",False,,False,1.0.0,worky_engine,2024-08-31
product_db,ACC-2010,7673a68d1cc4,T0,,,,1,hubspot_id,"{""hubspot_id"":""HS-100011""}",False,,False,1.0.0,worky_engine,2024-08-31
product_db,ACC-2011,2abb19d06446,T0,,,,1,hubspot_id,"{""hubspot_id"":""HS-100012""}",False,,False,1.0.0,worky_engine,2024-08-31
product_db,ACC-2012,e382b0077d44,T0,,,,1,hubspot_id,"{""hubspot_id"":""HS-100013""}",False,,False,1.0.0,worky_engine,2024-08-31
product_db,ACC-2013,e5c032b1ac0b,T0,,,,1,hubspot_id,"{""hubspot_id"":""HS-100014""}",False,,False,1.0.0,worky_engine,2024-08-31
product_db,ACC-2014,f268910f164f,T0,,,,1,hubspot_id,"{""hubspot_id"":""HS-100015""}",False,,False,1.0.0,worky_engine,2024-08-31
product_db,ACC-2015,4b51faa01f35,T0,,,,1,hubspot_id,"{""hubspot_id"":""HS-100016""}",False,,False,1.0.0,worky_engine,2024-08-31
product_db,ACC-2016,0044b4ee820c,T0,,,,1,hubspot_id,"{""hubspot_id"":""HS-100017""}",False,,False,1.0.0,worky_engine,2024-08-31
product_db,ACC-2017,5284a262a4a1,T0,,,,1,hubspot_id,"{""hubspot_id"":""HS-100018""}",False,,False,1.0.0,worky_engine,2024-08-31
product_db,ACC-2018,82b3be1a7259,T0,,,,1,hubspot_id,"{""hubspot_id"":""HS-100019""}",False,,False,1.0.0,worky_engine,2024-08-31
product_db,ACC-2019,7ed9ffed0ce9,T0,,,,1,hubspot_id,"{""hubspot_id"":""HS-100020""}",False,,False,1.0.0,worky_engine,2024-08-31
product_db,ACC-2020,7c49bd17517b,T0,,,,1,hubspot_id,"{""hubspot_id"":""HS-100021""}",False,,False,1.0.0,worky_engine,2024-08-31
product_db,ACC-2021,dc7546038f51,T0,,,,1,hubspot_id,"{""hubspot_id"":""HS-100022""}",False,,False,1.0.0,worky_engine,2024-08-31
product_db,ACC-2022,f7b188c45db9,T0,,,,1,hubspot_id,"{""hubspot_id"":""HS-100023""}",False,,False,1.0.0,worky_engine,2024-08-31
product_db,ACC-2023,6d7170e9789b,T0,,,,1,hubspot_id,"{""hubspot_id"":""HS-100024""}",False,,False,1.0.0,worky_engine,2024-08-31
product_db,ACC-2024,fb754cb6ae6b,T2,100.00,,,1,signup_date,"{""created_at"":""2022-11-07"",""name_norm"":""marrero prieto"",""partial_ratio"":100.0}",False,,False,1.0.0,worky_engine,2024-08-31
product_db,ACC-2025,ca4b97d0cb79,T0,,,,1,hubspot_id,"{""hubspot_id"":""HS-100026""}",False,,False,1.0.0,worky_engine,2024-08-31
product_db,ACC-2026,5205e01e1434,T0,,,,1,hubspot_id,"{""hubspot_id"":""HS-100027""}",False,,False,1.0.0,worky_engine,2024-08-31
product_db,ACC-2027,d3d6430ce9c4,T2,100.00,,,2,signup_date,"{""created_at"":""2024-02-15"",""name_norm"":""sanches y asocia"",""partial_ratio"":100.0}",False,,False,1.0.0,worky_engine,2024-08-31
product_db,ACC-2028,8dc56996e31a,T0,,,,1,hubspot_id,"{""hubspot_id"":""HS-100029""}",False,,False,1.0.0,worky_engine,2024-08-31
product_db,ACC-2029,800f2eb56933,T0,,,,1,hubspot_id,"{""hubspot_id"":""HS-100030""}",False,,False,1.0.0,worky_engine,2024-08-31
product_db,ACC-2030,6cfc2bb220b5,T0,,,,1,hubspot_id,"{""hubspot_id"":""HS-100031""}",False,,False,1.0.0,worky_engine,2024-08-31
product_db,ACC-2031,f1a6ca1331db,T0,,,,1,hubspot_id,"{""hubspot_id"":""HS-100032""}",False,,False,1.0.0,worky_engine,2024-08-31
product_db,ACC-2032,f2f553d01764,T2,100.00,,,3,signup_date,"{""created_at"":""2024-06-29"",""name_norm"":""heredia carrion"",""partial_ratio"":100.0}",False,,False,1.0.0,worky_engine,2024-08-31
product_db,ACC-2033,c0d5050c1786,T0,,,,1,hubspot_id,"{""hubspot_id"":""HS-100034""}",False,,False,1.0.0,worky_engine,2024-08-31
product_db,ACC-2034,890c3cae550f,T0,,,,1,hubspot_id,"{""hubspot_id"":""HS-100035""}",False,,False,1.0.0,worky_engine,2024-08-31
product_db,ACC-2035,5ad6ce2d765a,T0,,,,1,hubspot_id,"{""hubspot_id"":""HS-100036""}",False,,False,1.0.0,worky_engine,2024-08-31
product_db,ACC-2036,99340d33f3fb,T0,,,,1,hubspot_id,"{""hubspot_id"":""HS-100037""}",False,,False,1.0.0,worky_engine,2024-08-31
product_db,ACC-2037,70ea0c23bdb2,T0,,,,1,hubspot_id,"{""hubspot_id"":""HS-100038""}",False,,False,1.0.0,worky_engine,2024-08-31
product_db,ACC-2038,8e811d2dc5a1,T0,,,,1,hubspot_id,"{""hubspot_id"":""HS-100039""}",False,,False,1.0.0,worky_engine,2024-08-31
product_db,ACC-2039,da2408f43334,T0,,,,1,hubspot_id,"{""hubspot_id"":""HS-100040""}",False,,False,1.0.0,worky_engine,2024-08-31
product_db,ACC-2040,9aab1444c5d3,T0,,,,1,hubspot_id,"{""hubspot_id"":""HS-100041""}",False,,False,1.0.0,worky_engine,2024-08-31
product_db,ACC-2041,078d848b2f9f,T0,,,,1,hubspot_id,"{""hubspot_id"":""HS-100042""}",False,,False,1.0.0,worky_engine,2024-08-31
product_db,ACC-2042,840d8a53bce8,T0,,,,1,hubspot_id,"{""hubspot_id"":""HS-100043""}",False,,False,1.0.0,worky_engine,2024-08-31
product_db,ACC-2043,f750af5db82c,T0,,,,1,hubspot_id,"{""hubspot_id"":""HS-100044""}",False,,False,1.0.0,worky_engine,2024-08-31
product_db,ACC-2044,621d856f0a4b,T2,100.00,,,1,signup_date,"{""created_at"":""2022-05-18"",""name_norm"":""industrias soto luna y lla"",""partial_ratio"":100.0}",False,,False,1.0.0,worky_engine,2024-08-31
product_db,ACC-2045,6d6157f05d37,T0,,,,1,hubspot_id,"{""hubspot_id"":""HS-100046""}",False,,False,1.0.0,worky_engine,2024-08-31
product_db,ACC-2046,88a8efcac170,T0,,,,1,hubspot_id,"{""hubspot_id"":""HS-100047""}",False,,False,1.0.0,worky_engine,2024-08-31
product_db,ACC-2047,dc2ff4bd4800,T0,,,,1,hubspot_id,"{""hubspot_id"":""HS-100048""}",False,,False,1.0.0,worky_engine,2024-08-31
product_db,ACC-2048,e5bcc1fbee61,T0,,,,1,hubspot_id,"{""hubspot_id"":""HS-100049""}",False,,False,1.0.0,worky_engine,2024-08-31
product_db,ACC-2049,a50bd28fa87f,T0,,,,1,hubspot_id,"{""hubspot_id"":""HS-100050""}",False,,False,1.0.0,worky_engine,2024-08-31
product_db,ACC-2050,9a903bd17a09,T0,,,,1,hubspot_id,"{""hubspot_id"":""HS-100051""}",False,,False,1.0.0,worky_engine,2024-08-31
product_db,ACC-2051,48633a3c243e,T0,,,,1,hubspot_id,"{""hubspot_id"":""HS-100052""}",False,,False,1.0.0,worky_engine,2024-08-31
product_db,ACC-2052,61c8003722fd,T0,,,,1,hubspot_id,"{""hubspot_id"":""HS-100053""}",False,,False,1.0.0,worky_engine,2024-08-31
product_db,ACC-2053,9bf0ba4ae3b0,T0,,,,1,hubspot_id,"{""hubspot_id"":""HS-100054""}",False,,False,1.0.0,worky_engine,2024-08-31
product_db,ACC-2054,3f9a1cc61de5,T0,,,,1,hubspot_id,"{""hubspot_id"":""HS-100055""}",False,,False,1.0.0,worky_engine,2024-08-31
product_db,ACC-2055,41d822af890b,T0,,,,1,hubspot_id,"{""hubspot_id"":""HS-100056""}",False,,False,1.0.0,worky_engine,2024-08-31
product_db,ACC-2056,37d67f0e2f52,T0,,,,1,hubspot_id,"{""hubspot_id"":""HS-100057""}",False,,False,1.0.0,worky_engine,2024-08-31
product_db,ACC-2057,3dc38ff1f062,T0,,,,1,hubspot_id,"{""hubspot_id"":""HS-100058""}",False,,False,1.0.0,worky_engine,2024-08-31
product_db,ACC-2058,79d3b0680edc,T0,,,,1,hubspot_id,"{""hubspot_id"":""HS-100059""}",False,,False,1.0.0,worky_engine,2024-08-31
product_db,ACC-2059,16c951b00315,T0,,,,1,hubspot_id,"{""hubspot_id"":""HS-100060""}",False,,False,1.0.0,worky_engine,2024-08-31
product_db,ACC-2060,774336269cfb,T2,100.00,,,4,signup_date,"{""created_at"":""2023-03-12"",""name_norm"":""grupo valencia alva"",""partial_ratio"":100.0}",False,,False,1.0.0,worky_engine,2024-08-31
product_db,ACC-2061,0196867379d8,T0,,,,1,hubspot_id,"{""hubspot_id"":""HS-100062""}",False,,False,1.0.0,worky_engine,2024-08-31
product_db,ACC-2062,c5350fab0bb4,T0,,,,1,hubspot_id,"{""hubspot_id"":""HS-100063""}",False,,False,1.0.0,worky_engine,2024-08-31
product_db,ACC-2063,00a8d71c23f4,T0,,,,1,hubspot_id,"{""hubspot_id"":""HS-100064""}",False,,False,1.0.0,worky_engine,2024-08-31
product_db,ACC-2064,3f8121a01f52,T0,,,,1,hubspot_id,"{""hubspot_id"":""HS-100065""}",False,,False,1.0.0,worky_engine,2024-08-31
product_db,ACC-2065,446b01c1b10d,T0,,,,1,hubspot_id,"{""hubspot_id"":""HS-100066""}",False,,False,1.0.0,worky_engine,2024-08-31
product_db,ACC-2066,d003a5126727,T0,,,,1,hubspot_id,"{""hubspot_id"":""HS-100067""}",False,,False,1.0.0,worky_engine,2024-08-31
product_db,ACC-2067,0aa90d008a95,T0,,,,1,hubspot_id,"{""hubspot_id"":""HS-100068""}",False,,False,1.0.0,worky_engine,2024-08-31
product_db,ACC-2068,8c5f19b3b0d6,T0,,,,1,hubspot_id,"{""hubspot_id"":""HS-100069""}",False,,False,1.0.0,worky_engine,2024-08-31
product_db,ACC-2069,dd8109cf375b,T0,,,,1,hubspot_id,"{""hubspot_id"":""HS-100070""}",False,,False,1.0.0,worky_engine,2024-08-31
product_db,ACC-2070,ea8725dcabb1,T0,,,,1,hubspot_id,"{""hubspot_id"":""HS-100071""}",False,,False,1.0.0,worky_engine,2024-08-31
product_db,ACC-2071,c14e78b458d1,T0,,,,1,hubspot_id,"{""hubspot_id"":""HS-100072""}",False,,False,1.0.0,worky_engine,2024-08-31
product_db,ACC-2072,d16deb81827f,T0,,,,1,hubspot_id,"{""hubspot_id"":""HS-100073""}",False,,False,1.0.0,worky_engine,2024-08-31
product_db,ACC-2073,b2f4d7709dc0,T0,,,,1,hubspot_id,"{""hubspot_id"":""HS-100074""}",False,,False,1.0.0,worky_engine,2024-08-31
product_db,ACC-2074,4bfe1795911a,T0,,,,1,hubspot_id,"{""hubspot_id"":""HS-100075""}",False,,False,1.0.0,worky_engine,2024-08-31
product_db,ACC-2075,4b99f2dd30ed,T2,100.00,,,1,signup_date,"{""created_at"":""2023-03-17"",""name_norm"":""parra ybarra y menendez"",""partial_ratio"":100.0}",False,,False,1.0.0,worky_engine,2024-08-31
product_db,ACC-2076,523ef10f815e,T0,,,,1,hubspot_id,"{""hubspot_id"":""HS-100077""}",False,,False,1.0.0,worky_engine,2024-08-31
product_db,ACC-2077,36fd3dae4ce6,T0,,,,1,hubspot_id,"{""hubspot_id"":""HS-100078""}",False,,False,1.0.0,worky_engine,2024-08-31
product_db,ACC-2078,49ecd60b845c,T0,,,,1,hubspot_id,"{""hubspot_id"":""HS-100079""}",False,,False,1.0.0,worky_engine,2024-08-31
product_db,ACC-2079,c564e6bc20a2,T0,,,,1,hubspot_id,"{""hubspot_id"":""HS-100080""}",False,,False,1.0.0,worky_engine,2024-08-31
product_db,ACC-2080,531b08e15995,T0,,,,1,hubspot_id,"{""hubspot_id"":""HS-100081""}",False,,False,1.0.0,worky_engine,2024-08-31
product_db,ACC-2081,cde501cb7a7d,T0,,,,1,hubspot_id,"{""hubspot_id"":""HS-100082""}",False,,False,1.0.0,worky_engine,2024-08-31
product_db,ACC-2082,db6aaecba31f,T0,,,,1,hubspot_id,"{""hubspot_id"":""HS-100083""}",False,,False,1.0.0,worky_engine,2024-08-31
product_db,ACC-2083,e883c54c8ca8,T0,,,,1,hubspot_id,"{""hubspot_id"":""HS-100084""}",False,,False,1.0.0,worky_engine,2024-08-31
product_db,ACC-2084,a323d4abf458,T0,,,,1,hubspot_id,"{""hubspot_id"":""HS-100085""}",False,,False,1.0.0,worky_engine,2024-08-31
product_db,ACC-2085,4196ef66325f,T0,,,,1,hubspot_id,"{""hubspot_id"":""HS-100086""}",False,,False,1.0.0,worky_engine,2024-08-31
product_db,ACC-2086,794d03d90ea6,T2,100.00,,,1,signup_date,"{""created_at"":""2022-08-08"",""name_norm"":""rosas var"",""partial_ratio"":100.0}",False,,False,1.0.0,worky_engine,2024-08-31
product_db,ACC-2087,16541ff794fd,T0,,,,1,hubspot_id,"{""hubspot_id"":""HS-100088""}",False,,False,1.0.0,worky_engine,2024-08-31
product_db,ACC-2088,87653c642368,T0,,,,1,hubspot_id,"{""hubspot_id"":""HS-100089""}",False,,False,1.0.0,worky_engine,2024-08-31
product_db,ACC-2089,32abb429e0d8,T0,,,,1,hubspot_id,"{""hubspot_id"":""HS-100090""}",False,,False,1.0.0,worky_engine,2024-08-31
product_db,ACC-2090,c12476e908d2,T2,100.00,,,2,signup_date,"{""created_at"":""2023-06-23"",""name_norm"":""club gil razo"",""partial_ratio"":100.0}",False,,False,1.0.0,worky_engine,2024-08-31
product_db,ACC-2091,c92187f76a50,T0,,,,1,hubspot_id,"{""hubspot_id"":""HS-100092""}",False,,False,1.0.0,worky_engine,2024-08-31
product_db,ACC-2092,1657dbc3746e,T0,,,,1,hubspot_id,"{""hubspot_id"":""HS-100093""}",False,,False,1.0.0,worky_engine,2024-08-31
product_db,ACC-2093,cfa499631566,T0,,,,1,hubspot_id,"{""hubspot_id"":""HS-100094""}",False,,False,1.0.0,worky_engine,2024-08-31
product_db,ACC-2094,3d3cf29f1b67,T0,,,,1,hubspot_id,"{""hubspot_id"":""HS-100095""}",False,,False,1.0.0,worky_engine,2024-08-31
product_db,ACC-2095,4b4752da4a83,T2,100.00,,,1,signup_date,"{""created_at"":""2024-05-07"",""name_norm"":""florez monroy"",""partial_ratio"":100.0}",False,,False,1.0.0,worky_engine,2024-08-31
product_db,ACC-2096,699ff55001cc,T0,,,,1,hubspot_id,"{""hubspot_id"":""HS-100097""}",False,,False,1.0.0,worky_engine,2024-08-31
product_db,ACC-2097,6de6d67a878e,T0,,,,1,hubspot_id,"{""hubspot_id"":""HS-100098""}",False,,False,1.0.0,worky_engine,2024-08-31
product_db,ACC-2098,3764f7701b9c,T0,,,,1,hubspot_id,"{""hubspot_id"":""HS-100099""}",False,,False,1.0.0,worky_engine,2024-08-31
product_db,ACC-2099,695d5be4f470,T0,,,,1,hubspot_id,"{""hubspot_id"":""HS-100100""}",False,,False,1.0.0,worky_engine,2024-08-31
product_db,ACC-2100,d6eff0593968,T0,,,,1,hubspot_id,"{""hubspot_id"":""HS-100101""}",False,,False,1.0.0,worky_engine,2024-08-31
product_db,ACC-2101,63a717661ec6,T0,,,,1,hubspot_id,"{""hubspot_id"":""HS-100102""}",False,,False,1.0.0,worky_engine,2024-08-31
product_db,ACC-2102,09a2a58e60b9,T0,,,,1,hubspot_id,"{""hubspot_id"":""HS-100103""}",False,,False,1.0.0,worky_engine,2024-08-31
product_db,ACC-2103,79dd57fbb9d2,T0,,,,1,hubspot_id,"{""hubspot_id"":""HS-100104""}",False,,False,1.0.0,worky_engine,2024-08-31
product_db,ACC-2104,e75f33c9ed23,T0,,,,1,hubspot_id,"{""hubspot_id"":""HS-100105""}",False,,False,1.0.0,worky_engine,2024-08-31
product_db,ACC-2105,705ac77b56d1,T0,,,,1,hubspot_id,"{""hubspot_id"":""HS-100106""}",False,,False,1.0.0,worky_engine,2024-08-31
product_db,ACC-2106,34a9ffde0fc0,T2,100.00,,,1,signup_date,"{""created_at"":""2023-01-25"",""name_norm"":""bermudez sanchez s c"",""partial_ratio"":100.0}",False,,False,1.0.0,worky_engine,2024-08-31
product_db,ACC-2107,9e27ccf7896b,T2,100.00,,,2,signup_date,"{""created_at"":""2022-03-15"",""name_norm"":""santana"",""partial_ratio"":100.0}",False,,False,1.0.0,worky_engine,2024-08-31
product_db,ACC-2108,2046e13bb328,T0,,,,1,hubspot_id,"{""hubspot_id"":""HS-100109""}",False,,False,1.0.0,worky_engine,2024-08-31
product_db,ACC-2109,9690176b3350,T0,,,,1,hubspot_id,"{""hubspot_id"":""HS-100110""}",False,,False,1.0.0,worky_engine,2024-08-31
product_db,ACC-2110,52584d35f5ce,T0,,,,1,hubspot_id,"{""hubspot_id"":""HS-100111""}",False,,False,1.0.0,worky_engine,2024-08-31
product_db,ACC-2111,d375384bf8bc,T0,,,,1,hubspot_id,"{""hubspot_id"":""HS-100112""}",False,,False,1.0.0,worky_engine,2024-08-31
product_db,ACC-2112,f278c285db4a,T0,,,,1,hubspot_id,"{""hubspot_id"":""HS-100113""}",False,,False,1.0.0,worky_engine,2024-08-31
product_db,ACC-2113,a99b55b3b218,T0,,,,1,hubspot_id,"{""hubspot_id"":""HS-100114""}",False,,False,1.0.0,worky_engine,2024-08-31
product_db,ACC-2114,566ce673d067,T0,,,,1,hubspot_id,"{""hubspot_id"":""HS-100115""}",False,,False,1.0.0,worky_engine,2024-08-31
product_db,ACC-2115,2b4be83e1c60,T0,,,,1,hubspot_id,"{""hubspot_id"":""HS-100116""}",False,,False,1.0.0,worky_engine,2024-08-31
product_db,ACC-2116,3dec1c7194aa,T0,,,,1,hubspot_id,"{""hubspot_id"":""HS-100117""}",False,,False,1.0.0,worky_engine,2024-08-31
product_db,ACC-2117,1d87384d7c5c,T0,,,,1,hubspot_id,"{""hubspot_id"":""HS-100118""}",False,,False,1.0.0,worky_engine,2024-08-31
product_db,ACC-2118,c80df26f0cb2,T0,,,,1,hubspot_id,"{""hubspot_id"":""HS-100119""}",False,,False,1.0.0,worky_engine,2024-08-31
product_db,ACC-2119,1ece7b99e449,T0,,,,1,hubspot_id,"{""hubspot_id"":""HS-100120""}",False,,False,1.0.0,worky_engine,2024-08-31
product_db,ACC-2120,76352359fd43,T0,,,,1,hubspot_id,"{""hubspot_id"":""HS-100121""}",False,,False,1.0.0,worky_engine,2024-08-31
product_db,ACC-2121,201dacb5b332,T0,,,,1,hubspot_id,"{""hubspot_id"":""HS-100122""}",False,,False,1.0.0,worky_engine,2024-08-31
product_db,ACC-2122,2d38af661686,T0,,,,1,hubspot_id,"{""hubspot_id"":""HS-100123""}",False,,False,1.0.0,worky_engine,2024-08-31
product_db,ACC-2123,5c7bb90cf33d,T0,,,,1,hubspot_id,"{""hubspot_id"":""HS-100124""}",False,,False,1.0.0,worky_engine,2024-08-31
product_db,ACC-2124,c906fcd56eec,T0,,,,1,hubspot_id,"{""hubspot_id"":""HS-100125""}",False,,False,1.0.0,worky_engine,2024-08-31
product_db,ACC-2125,062df55dccb8,T0,,,,1,hubspot_id,"{""hubspot_id"":""HS-100126""}",False,,False,1.0.0,worky_engine,2024-08-31
product_db,ACC-2126,1197d211e7e1,T0,,,,1,hubspot_id,"{""hubspot_id"":""HS-100127""}",False,,False,1.0.0,worky_engine,2024-08-31
product_db,ACC-2127,565904aa901f,T2,100.00,,,2,signup_date,"{""created_at"":""2022-09-01"",""name_norm"":""valencia guardado"",""partial_ratio"":100.0}",False,,False,1.0.0,worky_engine,2024-08-31
product_db,ACC-2128,bb332bfd6480,T0,,,,1,hubspot_id,"{""hubspot_id"":""HS-100129""}",False,,False,1.0.0,worky_engine,2024-08-31
product_db,ACC-2129,f51f42af8a26,T0,,,,1,hubspot_id,"{""hubspot_id"":""HS-100130""}",False,,False,1.0.0,worky_engine,2024-08-31
product_db,ACC-2130,a6735df00d27,T0,,,,1,hubspot_id,"{""hubspot_id"":""HS-100131""}",False,,False,1.0.0,worky_engine,2024-08-31
product_db,ACC-2131,7c9b0514c9d6,T0,,,,1,hubspot_id,"{""hubspot_id"":""HS-100132""}",False,,False,1.0.0,worky_engine,2024-08-31
product_db,ACC-2132,7a5802bb88f1,T0,,,,1,hubspot_id,"{""hubspot_id"":""HS-100133""}",False,,False,1.0.0,worky_engine,2024-08-31
product_db,ACC-2133,0b632556c614,T0,,,,1,hubspot_id,"{""hubspot_id"":""HS-100134""}",False,,False,1.0.0,worky_engine,2024-08-31
product_db,ACC-2134,179d97e50dff,T0,,,,1,hubspot_id,"{""hubspot_id"":""HS-100135""}",False,,False,1.0.0,worky_engine,2024-08-31
product_db,ACC-2135,8fd0cb9bb127,T0,,,,1,hubspot_id,"{""hubspot_id"":""HS-100136""}",False,,False,1.0.0,worky_engine,2024-08-31
product_db,ACC-2136,cced8c3d305b,T0,,,,1,hubspot_id,"{""hubspot_id"":""HS-100137""}",False,,False,1.0.0,worky_engine,2024-08-31
product_db,ACC-2137,247338856c13,T0,,,,1,hubspot_id,"{""hubspot_id"":""HS-100138""}",False,,False,1.0.0,worky_engine,2024-08-31
product_db,ACC-2138,e7259d79b184,T0,,,,1,hubspot_id,"{""hubspot_id"":""HS-100139""}",False,,False,1.0.0,worky_engine,2024-08-31
product_db,ACC-2139,5aadc6d9beb8,T0,,,,1,hubspot_id,"{""hubspot_id"":""HS-100140""}",False,,False,1.0.0,worky_engine,2024-08-31
product_db,ACC-2140,659b8fb24c41,T0,,,,1,hubspot_id,"{""hubspot_id"":""HS-100141""}",False,,False,1.0.0,worky_engine,2024-08-31
product_db,ACC-2141,dbad5cfaab50,T0,,,,1,hubspot_id,"{""hubspot_id"":""HS-100142""}",False,,False,1.0.0,worky_engine,2024-08-31
product_db,ACC-2142,f08eb23cc0db,T0,,,,1,hubspot_id,"{""hubspot_id"":""HS-100143""}",False,,False,1.0.0,worky_engine,2024-08-31
product_db,ACC-2143,3280fc910c85,T0,,,,1,hubspot_id,"{""hubspot_id"":""HS-100144""}",False,,False,1.0.0,worky_engine,2024-08-31
product_db,ACC-2144,75e57a3efe0c,T0,,,,1,hubspot_id,"{""hubspot_id"":""HS-100145""}",False,,False,1.0.0,worky_engine,2024-08-31
product_db,ACC-2145,766e960f8f0e,T0,,,,1,hubspot_id,"{""hubspot_id"":""HS-100146""}",False,,False,1.0.0,worky_engine,2024-08-31
product_db,ACC-2146,6e9112a3a693,T0,,,,1,hubspot_id,"{""hubspot_id"":""HS-100147""}",False,,False,1.0.0,worky_engine,2024-08-31
product_db,ACC-2147,3499a7868775,T0,,,,1,hubspot_id,"{""hubspot_id"":""HS-100148""}",False,,False,1.0.0,worky_engine,2024-08-31
product_db,ACC-2148,4036aa344034,T0,,,,1,hubspot_id,"{""hubspot_id"":""HS-100149""}",False,,False,1.0.0,worky_engine,2024-08-31
product_db,ACC-2149,d57e35ff96ea,T0,,,,1,hubspot_id,"{""hubspot_id"":""HS-100150""}",False,,False,1.0.0,worky_engine,2024-08-31
product_db,ACC-2150,8fcd350ed2a1,T0,,,,1,hubspot_id,"{""hubspot_id"":""HS-100151""}",False,,False,1.0.0,worky_engine,2024-08-31
product_db,ACC-2151,0d6202950750,T0,,,,1,hubspot_id,"{""hubspot_id"":""HS-100152""}",False,,False,1.0.0,worky_engine,2024-08-31
product_db,ACC-2152,58660e0d4e6c,T0,,,,1,hubspot_id,"{""hubspot_id"":""HS-100153""}",False,,False,1.0.0,worky_engine,2024-08-31
product_db,ACC-2153,b514dcb01651,T0,,,,1,hubspot_id,"{""hubspot_id"":""HS-100154""}",False,,False,1.0.0,worky_engine,2024-08-31
product_db,ACC-2154,267f7ba8567b,T0,,,,1,hubspot_id,"{""hubspot_id"":""HS-100155""}",False,,False,1.0.0,worky_engine,2024-08-31
product_db,ACC-2155,d3325cc67acf,T0,,,,1,hubspot_id,"{""hubspot_id"":""HS-100156""}",False,,False,1.0.0,worky_engine,2024-08-31
product_db,ACC-2156,f618418fca35,T0,,,,1,hubspot_id,"{""hubspot_id"":""HS-100157""}",False,,False,1.0.0,worky_engine,2024-08-31
product_db,ACC-2157,bee384ef88de,T0,,,,1,hubspot_id,"{""hubspot_id"":""HS-100158""}",False,,False,1.0.0,worky_engine,2024-08-31
product_db,ACC-2158,0a2107e049f9,T0,,,,1,hubspot_id,"{""hubspot_id"":""HS-100159""}",False,,False,1.0.0,worky_engine,2024-08-31
product_db,ACC-2159,517840039522,T0,,,,1,hubspot_id,"{""hubspot_id"":""HS-100160""}",False,,False,1.0.0,worky_engine,2024-08-31
product_db,ACC-2160,07834c81ea07,T0,,,,1,hubspot_id,"{""hubspot_id"":""HS-100161""}",False,,False,1.0.0,worky_engine,2024-08-31
product_db,ACC-2161,e79544859377,T0,,,,1,hubspot_id,"{""hubspot_id"":""HS-100162""}",False,,False,1.0.0,worky_engine,2024-08-31
product_db,ACC-2162,43aa39bba634,T0,,,,1,hubspot_id,"{""hubspot_id"":""HS-100163""}",False,,False,1.0.0,worky_engine,2024-08-31
product_db,ACC-2163,5ad0321274f2,T0,,,,1,hubspot_id,"{""hubspot_id"":""HS-100164""}",False,,False,1.0.0,worky_engine,2024-08-31
product_db,ACC-2164,5d3997bae226,T0,,,,1,hubspot_id,"{""hubspot_id"":""HS-100165""}",False,,False,1.0.0,worky_engine,2024-08-31
product_db,ACC-2165,811e0b829afa,T0,,,,1,hubspot_id,"{""hubspot_id"":""HS-100166""}",False,,False,1.0.0,worky_engine,2024-08-31
product_db,ACC-2166,0b42fd3d0ae2,T0,,,,1,hubspot_id,"{""hubspot_id"":""HS-100167""}",False,,False,1.0.0,worky_engine,2024-08-31
product_db,ACC-2167,5020089d9965,T0,,,,1,hubspot_id,"{""hubspot_id"":""HS-100168""}",False,,False,1.0.0,worky_engine,2024-08-31
product_db,ACC-2168,21f411028416,T0,,,,1,hubspot_id,"{""hubspot_id"":""HS-100169""}",False,,False,1.0.0,worky_engine,2024-08-31
product_db,ACC-2169,89399b82116c,T0,,,,1,hubspot_id,"{""hubspot_id"":""HS-100170""}",False,,False,1.0.0,worky_engine,2024-08-31
product_db,ACC-2170,d996f9b6f1f8,T0,,,,1,hubspot_id,"{""hubspot_id"":""HS-100171""}",False,,False,1.0.0,worky_engine,2024-08-31
product_db,ACC-2171,419e91f90223,T0,,,,1,hubspot_id,"{""hubspot_id"":""HS-100172""}",False,,False,1.0.0,worky_engine,2024-08-31
product_db,ACC-2172,b3a24e63f76b,T0,,,,1,hubspot_id,"{""hubspot_id"":""HS-100173""}",False,,False,1.0.0,worky_engine,2024-08-31
product_db,ACC-2173,396128940af3,T0,,,,1,hubspot_id,"{""hubspot_id"":""HS-100174""}",False,,False,1.0.0,worky_engine,2024-08-31
product_db,ACC-2174,6cf7fe3272fc,T0,,,,1,hubspot_id,"{""hubspot_id"":""HS-100175""}",False,,False,1.0.0,worky_engine,2024-08-31
product_db,ACC-2175,7c22a127f33f,T0,,,,1,hubspot_id,"{""hubspot_id"":""HS-100176""}",False,,False,1.0.0,worky_engine,2024-08-31
product_db,ACC-2176,84b433c4b3b9,T0,,,,1,hubspot_id,"{""hubspot_id"":""HS-100177""}",False,,False,1.0.0,worky_engine,2024-08-31
product_db,ACC-2177,d34f4904aa84,T0,,,,1,hubspot_id,"{""hubspot_id"":""HS-100178""}",False,,False,1.0.0,worky_engine,2024-08-31
product_db,ACC-2178,7098e946d95f,T0,,,,1,hubspot_id,"{""hubspot_id"":""HS-100179""}",False,,False,1.0.0,worky_engine,2024-08-31
product_db,ACC-2179,62f2df8d7d2e,T0,,,,1,hubspot_id,"{""hubspot_id"":""HS-100180""}",False,,False,1.0.0,worky_engine,2024-08-31
product_db,ACC-2180,8d7b0e3ccc06,T0,,,,1,hubspot_id,"{""hubspot_id"":""HS-100181""}",False,,False,1.0.0,worky_engine,2024-08-31
product_db,ACC-2181,b743d34f10a8,T0,,,,1,hubspot_id,"{""hubspot_id"":""HS-100182""}",False,,False,1.0.0,worky_engine,2024-08-31
product_db,ACC-2182,69a9c5b9b867,T2,100.00,,,2,signup_date,"{""created_at"":""2024-03-10"",""name_norm"":""laboratorios briseno esparza"",""partial_ratio"":100.0}",False,,False,1.0.0,worky_engine,2024-08-31
product_db,ACC-2183,55d38d912444,T0,,,,1,hubspot_id,"{""hubspot_id"":""HS-100184""}",False,,False,1.0.0,worky_engine,2024-08-31
product_db,ACC-2184,92b7a8a7cdc7,T0,,,,1,hubspot_id,"{""hubspot_id"":""HS-100185""}",False,,False,1.0.0,worky_engine,2024-08-31
product_db,ACC-2185,772649d900e7,T0,,,,1,hubspot_id,"{""hubspot_id"":""HS-100186""}",False,,False,1.0.0,worky_engine,2024-08-31
product_db,ACC-2186,eb78824cdc91,T0,,,,1,hubspot_id,"{""hubspot_id"":""HS-100187""}",False,,False,1.0.0,worky_engine,2024-08-31
product_db,ACC-2187,3f52261ca656,T0,,,,1,hubspot_id,"{""hubspot_id"":""HS-100188""}",False,,False,1.0.0,worky_engine,2024-08-31
product_db,ACC-2188,aa6b09af8aaf,T0,,,,1,hubspot_id,"{""hubspot_id"":""HS-100189""}",False,,False,1.0.0,worky_engine,2024-08-31
product_db,ACC-2189,a888ac2fc626,T0,,,,1,hubspot_id,"{""hubspot_id"":""HS-100190""}",False,,False,1.0.0,worky_engine,2024-08-31
product_db,ACC-2190,780a87c8c2a0,T0,,,,1,hubspot_id,"{""hubspot_id"":""HS-100191""}",False,,False,1.0.0,worky_engine,2024-08-31
product_db,ACC-2191,b24de45006f0,T2,100.00,,,2,signup_date,"{""created_at"":""2023-04-15"",""name_norm"":""corporacin ruelas feliciano"",""partial_ratio"":100.0}",False,,False,1.0.0,worky_engine,2024-08-31
product_db,ACC-2192,742b497d49d8,T0,,,,1,hubspot_id,"{""hubspot_id"":""HS-100193""}",False,,False,1.0.0,worky_engine,2024-08-31
product_db,ACC-2193,f43c5b31b192,T0,,,,1,hubspot_id,"{""hubspot_id"":""HS-100194""}",False,,False,1.0.0,worky_engine,2024-08-31
product_db,ACC-2194,a2b85136e7b2,T0,,,,1,hubspot_id,"{""hubspot_id"":""HS-100195""}",False,,False,1.0.0,worky_engine,2024-08-31
product_db,ACC-2195,651fe741fa3d,T0,,,,1,hubspot_id,"{""hubspot_id"":""HS-100196""}",False,,False,1.0.0,worky_engine,2024-08-31
product_db,ACC-2196,76bafd451e9e,T0,,,,1,hubspot_id,"{""hubspot_id"":""HS-100197""}",False,,False,1.0.0,worky_engine,2024-08-31
product_db,ACC-2197,34c5037c1d22,T2,100.00,,,2,signup_date,"{""created_at"":""2023-12-07"",""name_norm"":""industrias arce renteri"",""partial_ratio"":100.0}",False,,False,1.0.0,worky_engine,2024-08-31
product_db,ACC-2198,cc7284c118af,T0,,,,1,hubspot_id,"{""hubspot_id"":""HS-100199""}",False,,False,1.0.0,worky_engine,2024-08-31
product_db,ACC-2199,f2bfbed8aeda,T0,,,,1,hubspot_id,"{""hubspot_id"":""HS-100200""}",False,,False,1.0.0,worky_engine,2024-08-31
product_db,ACC-2200,7d5032d842ab,T0,,,,1,hubspot_id,"{""hubspot_id"":""HS-100201""}",False,,False,1.0.0,worky_engine,2024-08-31
product_db,ACC-2201,0f9a82123cbe,T0,,,,1,hubspot_id,"{""hubspot_id"":""HS-100202""}",False,,False,1.0.0,worky_engine,2024-08-31
product_db,ACC-2202,3a6d440d0d78,T0,,,,1,hubspot_id,"{""hubspot_id"":""HS-100203""}",False,,False,1.0.0,worky_engine,2024-08-31
product_db,ACC-2203,108f213736fb,T0,,,,1,hubspot_id,"{""hubspot_id"":""HS-100204""}",False,,False,1.0.0,worky_engine,2024-08-31
product_db,ACC-2204,b16fd3de8400,T0,,,,1,hubspot_id,"{""hubspot_id"":""HS-100205""}",False,,False,1.0.0,worky_engine,2024-08-31
product_db,ACC-2205,6ea450b057ac,T0,,,,1,hubspot_id,"{""hubspot_id"":""HS-100206""}",False,,False,1.0.0,worky_engine,2024-08-31
product_db,ACC-2206,9d8fc5e5d801,T0,,,,1,hubspot_id,"{""hubspot_id"":""HS-100207""}",False,,False,1.0.0,worky_engine,2024-08-31
product_db,ACC-2207,1db97fc7c4a3,T0,,,,1,hubspot_id,"{""hubspot_id"":""HS-100208""}",False,,False,1.0.0,worky_engine,2024-08-31
product_db,ACC-2208,068871d26770,T0,,,,1,hubspot_id,"{""hubspot_id"":""HS-100209""}",False,,False,1.0.0,worky_engine,2024-08-31
product_db,ACC-2209,572855d81626,T0,,,,1,hubspot_id,"{""hubspot_id"":""HS-100210""}",False,,False,1.0.0,worky_engine,2024-08-31
product_db,ACC-2210,78d1aed426c1,T0,,,,1,hubspot_id,"{""hubspot_id"":""HS-100211""}",False,,False,1.0.0,worky_engine,2024-08-31
product_db,ACC-2211,c6699f5bce6f,T0,,,,1,hubspot_id,"{""hubspot_id"":""HS-100212""}",False,,False,1.0.0,worky_engine,2024-08-31
product_db,ACC-2212,7700c04b25c9,T0,,,,1,hubspot_id,"{""hubspot_id"":""HS-100213""}",False,,False,1.0.0,worky_engine,2024-08-31
product_db,ACC-2213,6dd0a835084b,T2,100.00,,,2,signup_date,"{""created_at"":""2024-04-20"",""name_norm"":""cavazos zavala y villareal"",""partial_ratio"":100.0}",False,,False,1.0.0,worky_engine,2024-08-31
product_db,ACC-2214,afea25b3f304,T0,,,,1,hubspot_id,"{""hubspot_id"":""HS-100215""}",False,,False,1.0.0,worky_engine,2024-08-31
product_db,ACC-2215,5c5dbbe39468,T0,,,,1,hubspot_id,"{""hubspot_id"":""HS-100216""}",False,,False,1.0.0,worky_engine,2024-08-31
product_db,ACC-2216,acef081a80f0,T0,,,,1,hubspot_id,"{""hubspot_id"":""HS-100217""}",False,,False,1.0.0,worky_engine,2024-08-31
product_db,ACC-2217,d8222a570c5e,T0,,,,1,hubspot_id,"{""hubspot_id"":""HS-100218""}",False,,False,1.0.0,worky_engine,2024-08-31
product_db,ACC-2218,29c00e13c4e6,T0,,,,1,hubspot_id,"{""hubspot_id"":""HS-100219""}",False,,False,1.0.0,worky_engine,2024-08-31
product_db,ACC-2219,20eb324cdfc6,T0,,,,1,hubspot_id,"{""hubspot_id"":""HS-100220""}",False,,False,1.0.0,worky_engine,2024-08-31
product_db,ACC-2220,0d4cd09dfa99,T0,,,,1,hubspot_id,"{""hubspot_id"":""HS-100221""}",False,,False,1.0.0,worky_engine,2024-08-31
product_db,ACC-2221,5cb37febc3b4,T0,,,,1,hubspot_id,"{""hubspot_id"":""HS-100222""}",False,,False,1.0.0,worky_engine,2024-08-31
product_db,ACC-2222,68f66e743a15,T0,,,,1,hubspot_id,"{""hubspot_id"":""HS-100223""}",False,,False,1.0.0,worky_engine,2024-08-31
product_db,ACC-2223,8a087810c878,T2,100.00,,,1,signup_date,"{""created_at"":""2023-08-14"",""name_norm"":""peres contreras y valdez"",""partial_ratio"":100.0}",False,,False,1.0.0,worky_engine,2024-08-31
product_db,ACC-2224,868d321ac39e,T0,,,,1,hubspot_id,"{""hubspot_id"":""HS-100225""}",False,,False,1.0.0,worky_engine,2024-08-31
product_db,ACC-2225,2dee62dca080,T0,,,,1,hubspot_id,"{""hubspot_id"":""HS-100226""}",False,,False,1.0.0,worky_engine,2024-08-31
product_db,ACC-2226,7cf052e41458,T0,,,,1,hubspot_id,"{""hubspot_id"":""HS-100227""}",False,,False,1.0.0,worky_engine,2024-08-31
product_db,ACC-2227,13d2b5cf6ea2,T0,,,,1,hubspot_id,"{""hubspot_id"":""HS-100228""}",False,,False,1.0.0,worky_engine,2024-08-31
product_db,ACC-2228,7d7c2ceb2e92,T0,,,,1,hubspot_id,"{""hubspot_id"":""HS-100229""}",False,,False,1.0.0,worky_engine,2024-08-31
product_db,ACC-2229,598275c8d1e3,T2,100.00,,,1,signup_date,"{""created_at"":""2022-12-21"",""name_norm"":""cepeda arredondo y asoci"",""partial_ratio"":100.0}",False,,False,1.0.0,worky_engine,2024-08-31
product_db,ACC-2230,9407c3c1d5b4,T2,100.00,,,2,signup_date,"{""created_at"":""2024-02-06"",""name_norm"":""club valdes oquendo y alcant"",""partial_ratio"":100.0}",False,,False,1.0.0,worky_engine,2024-08-31
product_db,ACC-2231,ccb9abe7b224,T0,,,,1,hubspot_id,"{""hubspot_id"":""HS-100232""}",False,,False,1.0.0,worky_engine,2024-08-31
product_db,ACC-2232,99787ccefdee,T0,,,,1,hubspot_id,"{""hubspot_id"":""HS-100233""}",False,,False,1.0.0,worky_engine,2024-08-31
product_db,ACC-2233,c173e9322576,T0,,,,1,hubspot_id,"{""hubspot_id"":""HS-100234""}",False,,False,1.0.0,worky_engine,2024-08-31
product_db,ACC-2234,d60d16238ec6,T0,,,,1,hubspot_id,"{""hubspot_id"":""HS-100235""}",False,,False,1.0.0,worky_engine,2024-08-31
product_db,ACC-2235,762274061052,T0,,,,1,hubspot_id,"{""hubspot_id"":""HS-100236""}",False,,False,1.0.0,worky_engine,2024-08-31
product_db,ACC-2236,f4738f0dd8aa,T0,,,,1,hubspot_id,"{""hubspot_id"":""HS-100237""}",False,,False,1.0.0,worky_engine,2024-08-31
product_db,ACC-2237,47165a293fc0,T0,,,,1,hubspot_id,"{""hubspot_id"":""HS-100238""}",False,,False,1.0.0,worky_engine,2024-08-31
product_db,ACC-2238,17ad157b6ec9,T0,,,,1,hubspot_id,"{""hubspot_id"":""HS-100239""}",False,,False,1.0.0,worky_engine,2024-08-31
product_db,ACC-2239,2e1dc645f108,T0,,,,1,hubspot_id,"{""hubspot_id"":""HS-100240""}",False,,False,1.0.0,worky_engine,2024-08-31
product_db,ACC-2240,869eab90ae45,T0,,,,1,hubspot_id,"{""hubspot_id"":""HS-100241""}",False,,False,1.0.0,worky_engine,2024-08-31
product_db,ACC-2241,9b86c5d697a4,T0,,,,1,hubspot_id,"{""hubspot_id"":""HS-100242""}",False,,False,1.0.0,worky_engine,2024-08-31
product_db,ACC-2242,67934042a230,T0,,,,1,hubspot_id,"{""hubspot_id"":""HS-100243""}",False,,False,1.0.0,worky_engine,2024-08-31
product_db,ACC-2243,6f8a65d8e369,T0,,,,1,hubspot_id,"{""hubspot_id"":""HS-100244""}",False,,False,1.0.0,worky_engine,2024-08-31
product_db,ACC-2244,f60394aa4454,T0,,,,1,hubspot_id,"{""hubspot_id"":""HS-100245""}",False,,False,1.0.0,worky_engine,2024-08-31
product_db,ACC-2245,183da402db0f,T0,,,,1,hubspot_id,"{""hubspot_id"":""HS-100246""}",False,,False,1.0.0,worky_engine,2024-08-31
product_db,ACC-2246,ef28de0cbaf4,T0,,,,1,hubspot_id,"{""hubspot_id"":""HS-100247""}",False,,False,1.0.0,worky_engine,2024-08-31
product_db,ACC-2247,4dfb9ec0ce11,T0,,,,1,hubspot_id,"{""hubspot_id"":""HS-100248""}",False,,False,1.0.0,worky_engine,2024-08-31
product_db,ACC-2248,99d92d07b60e,T0,,,,1,hubspot_id,"{""hubspot_id"":""HS-100249""}",False,,False,1.0.0,worky_engine,2024-08-31
product_db,ACC-2249,a1baa2e417d2,T0,,,,1,hubspot_id,"{""hubspot_id"":""HS-100250""}",False,,False,1.0.0,worky_engine,2024-08-31
product_db,ACC-2250,0cba696d8c85,T0,,,,1,hubspot_id,"{""hubspot_id"":""HS-100251""}",False,,False,1.0.0,worky_engine,2024-08-31
product_db,ACC-2251,0c9833234628,T0,,,,1,hubspot_id,"{""hubspot_id"":""HS-100252""}",False,,False,1.0.0,worky_engine,2024-08-31
product_db,ACC-2252,034cefcecc7f,T0,,,,1,hubspot_id,"{""hubspot_id"":""HS-100253""}",False,,False,1.0.0,worky_engine,2024-08-31
product_db,ACC-2253,fb8b03e9c21b,T0,,,,1,hubspot_id,"{""hubspot_id"":""HS-100254""}",False,,False,1.0.0,worky_engine,2024-08-31
product_db,ACC-2254,572d46de8d86,T0,,,,1,hubspot_id,"{""hubspot_id"":""HS-100255""}",False,,False,1.0.0,worky_engine,2024-08-31
product_db,ACC-2255,cbf0d50a86e7,T0,,,,1,hubspot_id,"{""hubspot_id"":""HS-100256""}",False,,False,1.0.0,worky_engine,2024-08-31
product_db,ACC-2256,a18e4270c86b,T0,,,,1,hubspot_id,"{""hubspot_id"":""HS-100257""}",False,,False,1.0.0,worky_engine,2024-08-31
product_db,ACC-2257,790c661f3ba2,T0,,,,1,hubspot_id,"{""hubspot_id"":""HS-100258""}",False,,False,1.0.0,worky_engine,2024-08-31
product_db,ACC-2258,6853f3d6a4dc,T0,,,,1,hubspot_id,"{""hubspot_id"":""HS-100259""}",False,,False,1.0.0,worky_engine,2024-08-31
product_db,ACC-2259,80297dea2bcb,T0,,,,1,hubspot_id,"{""hubspot_id"":""HS-100260""}",False,,False,1.0.0,worky_engine,2024-08-31
product_db,ACC-2260,216e100a95ab,T2,100.00,,,3,signup_date,"{""created_at"":""2024-06-29"",""name_norm"":""rodarte y madrigal s c"",""partial_ratio"":100.0}",False,,False,1.0.0,worky_engine,2024-08-31
product_db,ACC-2261,be921c1e148e,T0,,,,1,hubspot_id,"{""hubspot_id"":""HS-100262""}",False,,False,1.0.0,worky_engine,2024-08-31
product_db,ACC-2262,87418077620e,T0,,,,1,hubspot_id,"{""hubspot_id"":""HS-100263""}",False,,False,1.0.0,worky_engine,2024-08-31
product_db,ACC-2263,d7f7a6231274,T0,,,,1,hubspot_id,"{""hubspot_id"":""HS-100264""}",False,,False,1.0.0,worky_engine,2024-08-31
product_db,ACC-2264,7efaa9165fad,T0,,,,1,hubspot_id,"{""hubspot_id"":""HS-100265""}",False,,False,1.0.0,worky_engine,2024-08-31
product_db,ACC-2265,644cd69de81c,T0,,,,1,hubspot_id,"{""hubspot_id"":""HS-100266""}",False,,False,1.0.0,worky_engine,2024-08-31
product_db,ACC-2266,94be9c45cdf6,T0,,,,1,hubspot_id,"{""hubspot_id"":""HS-100267""}",False,,False,1.0.0,worky_engine,2024-08-31
product_db,ACC-2267,efdc46580159,T2,100.00,,,3,signup_date,"{""created_at"":""2023-12-16"",""name_norm"":""grupo ceja y galvan"",""partial_ratio"":100.0}",False,,False,1.0.0,worky_engine,2024-08-31
product_db,ACC-2268,aad8b8edc903,T0,,,,1,hubspot_id,"{""hubspot_id"":""HS-100269""}",False,,False,1.0.0,worky_engine,2024-08-31
product_db,ACC-2269,26ff7d714cea,T0,,,,1,hubspot_id,"{""hubspot_id"":""HS-100270""}",False,,False,1.0.0,worky_engine,2024-08-31
product_db,ACC-2270,779b9041ca93,T0,,,,1,hubspot_id,"{""hubspot_id"":""HS-100271""}",False,,False,1.0.0,worky_engine,2024-08-31
product_db,ACC-2271,aa269e39c32a,T0,,,,1,hubspot_id,"{""hubspot_id"":""HS-100272""}",False,,False,1.0.0,worky_engine,2024-08-31
product_db,ACC-2272,03ba89cf14b9,T0,,,,1,hubspot_id,"{""hubspot_id"":""HS-100273""}",False,,False,1.0.0,worky_engine,2024-08-31
product_db,ACC-2273,d6c94dcf68f9,T2,100.00,,,1,signup_date,"{""created_at"":""2023-11-15"",""name_norm"":""grupo arias valle"",""partial_ratio"":100.0}",False,,False,1.0.0,worky_engine,2024-08-31
product_db,ACC-2274,eff19c144690,T2,100.00,,,1,signup_date,"{""created_at"":""2022-08-10"",""name_norm"":""proyectos muniz benavidez y riv"",""partial_ratio"":100.0}",False,,False,1.0.0,worky_engine,2024-08-31
product_db,ACC-2275,f8253f98cbef,T0,,,,1,hubspot_id,"{""hubspot_id"":""HS-100276""}",False,,False,1.0.0,worky_engine,2024-08-31
product_db,ACC-2276,9ae028b62042,T0,,,,1,hubspot_id,"{""hubspot_id"":""HS-100277""}",False,,False,1.0.0,worky_engine,2024-08-31
product_db,ACC-2277,ae22895bdbc5,T0,,,,1,hubspot_id,"{""hubspot_id"":""HS-100278""}",False,,False,1.0.0,worky_engine,2024-08-31
product_db,ACC-2278,64dcc8776b32,T0,,,,1,hubspot_id,"{""hubspot_id"":""HS-100279""}",False,,False,1.0.0,worky_engine,2024-08-31
product_db,ACC-2279,3f41a4432bea,T0,,,,1,hubspot_id,"{""hubspot_id"":""HS-100280""}",False,,False,1.0.0,worky_engine,2024-08-31
product_db,ACC-2280,95b0e7ccdb63,T0,,,,1,hubspot_id,"{""hubspot_id"":""HS-100281""}",False,,False,1.0.0,worky_engine,2024-08-31
product_db,ACC-2281,19e40842726a,T0,,,,1,hubspot_id,"{""hubspot_id"":""HS-100282""}",False,,False,1.0.0,worky_engine,2024-08-31
product_db,ACC-2282,fca6820379e6,T0,,,,1,hubspot_id,"{""hubspot_id"":""HS-100283""}",False,,False,1.0.0,worky_engine,2024-08-31
product_db,ACC-2283,3e0eaa7298aa,T0,,,,1,hubspot_id,"{""hubspot_id"":""HS-100284""}",False,,False,1.0.0,worky_engine,2024-08-31
product_db,ACC-2284,f08e91043b03,T0,,,,1,hubspot_id,"{""hubspot_id"":""HS-100285""}",False,,False,1.0.0,worky_engine,2024-08-31
product_db,ACC-2285,35f7ee11ef6a,T0,,,,1,hubspot_id,"{""hubspot_id"":""HS-100286""}",False,,False,1.0.0,worky_engine,2024-08-31
product_db,ACC-2286,1598cd0f4138,T0,,,,1,hubspot_id,"{""hubspot_id"":""HS-100287""}",False,,False,1.0.0,worky_engine,2024-08-31
product_db,ACC-2287,50de7a632ea8,T0,,,,1,hubspot_id,"{""hubspot_id"":""HS-100288""}",False,,False,1.0.0,worky_engine,2024-08-31
product_db,ACC-2288,143d4fc0dd50,T0,,,,1,hubspot_id,"{""hubspot_id"":""HS-100289""}",False,,False,1.0.0,worky_engine,2024-08-31
product_db,ACC-2289,dbef19a6cece,T0,,,,1,hubspot_id,"{""hubspot_id"":""HS-100290""}",False,,False,1.0.0,worky_engine,2024-08-31
product_db,ACC-2290,3b4b11aa5621,T0,,,,1,hubspot_id,"{""hubspot_id"":""HS-100291""}",False,,False,1.0.0,worky_engine,2024-08-31
product_db,ACC-2291,8fd23f99086a,T0,,,,1,hubspot_id,"{""hubspot_id"":""HS-100292""}",False,,False,1.0.0,worky_engine,2024-08-31
product_db,ACC-2292,d54c9d70035a,T0,,,,1,hubspot_id,"{""hubspot_id"":""HS-100293""}",False,,False,1.0.0,worky_engine,2024-08-31
product_db,ACC-2293,05f6a68d13dc,T2,100.00,,,2,signup_date,"{""created_at"":""2022-12-15"",""name_norm"":""serrato lomeli"",""partial_ratio"":100.0}",False,,False,1.0.0,worky_engine,2024-08-31
product_db,ACC-2294,b909b1288f6f,T0,,,,1,hubspot_id,"{""hubspot_id"":""HS-100295""}",False,,False,1.0.0,worky_engine,2024-08-31
product_db,ACC-2295,e57b67711c10,T0,,,,1,hubspot_id,"{""hubspot_id"":""HS-100296""}",False,,False,1.0.0,worky_engine,2024-08-31
product_db,ACC-2296,ef0e67d8ffaf,T0,,,,1,hubspot_id,"{""hubspot_id"":""HS-100297""}",False,,False,1.0.0,worky_engine,2024-08-31
product_db,ACC-2297,1b589de854cd,T2,100.00,,,1,signup_date,"{""created_at"":""2023-05-30"",""name_norm"":""corporacin casarez y fuentes"",""partial_ratio"":100.0}",False,,False,1.0.0,worky_engine,2024-08-31
product_db,ACC-2298,8740e47ba5df,T0,,,,1,hubspot_id,"{""hubspot_id"":""HS-100299""}",False,,False,1.0.0,worky_engine,2024-08-31
product_db,ACC-2299,0f853c61d098,T0,,,,1,hubspot_id,"{""hubspot_id"":""HS-100300""}",False,,False,1.0.0,worky_engine,2024-08-31
product_db,ACC-2300,f7c843dcd62a,T0,,,,1,hubspot_id,"{""hubspot_id"":""HS-100301""}",False,,False,1.0.0,worky_engine,2024-08-31
product_db,ACC-2301,691d1dc17baa,T0,,,,1,hubspot_id,"{""hubspot_id"":""HS-100302""}",False,,False,1.0.0,worky_engine,2024-08-31
product_db,ACC-2302,605a3500df16,T0,,,,1,hubspot_id,"{""hubspot_id"":""HS-100303""}",False,,False,1.0.0,worky_engine,2024-08-31
product_db,ACC-2303,7b530221112a,T2,100.00,,,2,signup_date,"{""created_at"":""2023-03-28"",""name_norm"":""guzman salcido"",""partial_ratio"":100.0}",False,,False,1.0.0,worky_engine,2024-08-31
product_db,ACC-2304,ab838c4c08e3,T2,100.00,,,1,signup_date,"{""created_at"":""2022-06-13"",""name_norm"":""club quiroz aranda y cardenas"",""partial_ratio"":100.0}",False,,False,1.0.0,worky_engine,2024-08-31
product_db,ACC-2305,0e7b9d22a314,T2,100.00,,,1,signup_date,"{""created_at"":""2023-03-01"",""name_norm"":""borrego y arenas"",""partial_ratio"":100.0}",False,,False,1.0.0,worky_engine,2024-08-31
product_db,ACC-2306,41c9fae6089e,T0,,,,1,hubspot_id,"{""hubspot_id"":""HS-100307""}",False,,False,1.0.0,worky_engine,2024-08-31
product_db,ACC-2307,54e0cdf8d6e2,T0,,,,1,hubspot_id,"{""hubspot_id"":""HS-100308""}",False,,False,1.0.0,worky_engine,2024-08-31
product_db,ACC-2308,51a517c1a25b,T0,,,,1,hubspot_id,"{""hubspot_id"":""HS-100309""}",False,,False,1.0.0,worky_engine,2024-08-31
product_db,ACC-2309,7efd4b9f1c59,T0,,,,1,hubspot_id,"{""hubspot_id"":""HS-100310""}",False,,False,1.0.0,worky_engine,2024-08-31
product_db,ACC-2310,c194e3bdfad5,T0,,,,1,hubspot_id,"{""hubspot_id"":""HS-100311""}",False,,False,1.0.0,worky_engine,2024-08-31
product_db,ACC-2311,20e77f6284f1,T0,,,,1,hubspot_id,"{""hubspot_id"":""HS-100312""}",False,,False,1.0.0,worky_engine,2024-08-31
product_db,ACC-2312,de3af92df17a,T0,,,,1,hubspot_id,"{""hubspot_id"":""HS-100313""}",False,,False,1.0.0,worky_engine,2024-08-31
product_db,ACC-2313,935a1d29de57,T0,,,,1,hubspot_id,"{""hubspot_id"":""HS-100314""}",False,,False,1.0.0,worky_engine,2024-08-31
product_db,ACC-2314,48fddc0a1679,T0,,,,1,hubspot_id,"{""hubspot_id"":""HS-100315""}",False,,False,1.0.0,worky_engine,2024-08-31
product_db,ACC-2315,b585e4ebcc98,T0,,,,1,hubspot_id,"{""hubspot_id"":""HS-100316""}",False,,False,1.0.0,worky_engine,2024-08-31
product_db,ACC-2316,5ca575bf5963,T0,,,,1,hubspot_id,"{""hubspot_id"":""HS-100317""}",False,,False,1.0.0,worky_engine,2024-08-31
product_db,ACC-2317,eab9d5094af3,T0,,,,1,hubspot_id,"{""hubspot_id"":""HS-100318""}",False,,False,1.0.0,worky_engine,2024-08-31
product_db,ACC-2318,32a352c90e42,T2,100.00,,,1,signup_date,"{""created_at"":""2024-02-24"",""name_norm"":""flores zapata"",""partial_ratio"":100.0}",False,,False,1.0.0,worky_engine,2024-08-31
product_db,ACC-2319,785078eeba1d,T0,,,,1,hubspot_id,"{""hubspot_id"":""HS-100320""}",False,,False,1.0.0,worky_engine,2024-08-31
product_db,ACC-2320,c259030f0a56,T0,,,,1,hubspot_id,"{""hubspot_id"":""HS-100321""}",False,,False,1.0.0,worky_engine,2024-08-31
product_db,ACC-2321,e8f392fbcfbd,T0,,,,1,hubspot_id,"{""hubspot_id"":""HS-100322""}",False,,False,1.0.0,worky_engine,2024-08-31
product_db,ACC-2322,78fc9da31292,T0,,,,1,hubspot_id,"{""hubspot_id"":""HS-100323""}",False,,False,1.0.0,worky_engine,2024-08-31
product_db,ACC-2323,14c82590fbd2,T0,,,,1,hubspot_id,"{""hubspot_id"":""HS-100324""}",False,,False,1.0.0,worky_engine,2024-08-31
product_db,ACC-2324,00902f986641,T0,,,,1,hubspot_id,"{""hubspot_id"":""HS-100325""}",False,,False,1.0.0,worky_engine,2024-08-31
product_db,ACC-2325,3b117610596f,T0,,,,1,hubspot_id,"{""hubspot_id"":""HS-100326""}",False,,False,1.0.0,worky_engine,2024-08-31
product_db,ACC-2326,3444de83dd85,T0,,,,1,hubspot_id,"{""hubspot_id"":""HS-100327""}",False,,False,1.0.0,worky_engine,2024-08-31
product_db,ACC-2327,b60f62d4c3c4,T0,,,,1,hubspot_id,"{""hubspot_id"":""HS-100328""}",False,,False,1.0.0,worky_engine,2024-08-31
product_db,ACC-2328,8dfb642a97d7,T0,,,,1,hubspot_id,"{""hubspot_id"":""HS-100329""}",False,,False,1.0.0,worky_engine,2024-08-31
product_db,ACC-2329,bfcbb37719b9,T0,,,,1,hubspot_id,"{""hubspot_id"":""HS-100330""}",False,,False,1.0.0,worky_engine,2024-08-31
product_db,ACC-2330,5aabb4abe963,T0,,,,1,hubspot_id,"{""hubspot_id"":""HS-100331""}",False,,False,1.0.0,worky_engine,2024-08-31
product_db,ACC-2331,6e00c339a03e,T0,,,,1,hubspot_id,"{""hubspot_id"":""HS-100332""}",False,,False,1.0.0,worky_engine,2024-08-31
product_db,ACC-2332,838250379fa3,T0,,,,1,hubspot_id,"{""hubspot_id"":""HS-100333""}",False,,False,1.0.0,worky_engine,2024-08-31
product_db,ACC-2333,d6e7796e9cfc,T0,,,,1,hubspot_id,"{""hubspot_id"":""HS-100334""}",False,,False,1.0.0,worky_engine,2024-08-31
product_db,ACC-2334,c0e6f6e5493b,T0,,,,1,hubspot_id,"{""hubspot_id"":""HS-100335""}",False,,False,1.0.0,worky_engine,2024-08-31
product_db,ACC-2335,6bca486a099d,T0,,,,1,hubspot_id,"{""hubspot_id"":""HS-100336""}",False,,False,1.0.0,worky_engine,2024-08-31
product_db,ACC-2336,e48d5b78a86a,T0,,,,1,hubspot_id,"{""hubspot_id"":""HS-100337""}",False,,False,1.0.0,worky_engine,2024-08-31
product_db,ACC-2337,e88a6a9945b0,T0,,,,1,hubspot_id,"{""hubspot_id"":""HS-100338""}",False,,False,1.0.0,worky_engine,2024-08-31
product_db,ACC-2338,e37c074286d9,T0,,,,1,hubspot_id,"{""hubspot_id"":""HS-100339""}",False,,False,1.0.0,worky_engine,2024-08-31
product_db,ACC-2339,0950a3eaca02,T0,,,,1,hubspot_id,"{""hubspot_id"":""HS-100340""}",False,,False,1.0.0,worky_engine,2024-08-31
product_db,ACC-2340,f8ef2a0febfc,T0,,,,1,hubspot_id,"{""hubspot_id"":""HS-100341""}",False,,False,1.0.0,worky_engine,2024-08-31
product_db,ACC-2341,29972f42dfdd,T0,,,,1,hubspot_id,"{""hubspot_id"":""HS-100342""}",False,,False,1.0.0,worky_engine,2024-08-31
product_db,ACC-2342,755809755e6a,T0,,,,1,hubspot_id,"{""hubspot_id"":""HS-100343""}",False,,False,1.0.0,worky_engine,2024-08-31
product_db,ACC-2343,16b237fd6c05,T0,,,,1,hubspot_id,"{""hubspot_id"":""HS-100344""}",False,,False,1.0.0,worky_engine,2024-08-31
product_db,ACC-2344,eb11583a635e,T0,,,,1,hubspot_id,"{""hubspot_id"":""HS-100345""}",False,,False,1.0.0,worky_engine,2024-08-31
product_db,ACC-2345,c95e7040378c,T0,,,,1,hubspot_id,"{""hubspot_id"":""HS-100346""}",False,,False,1.0.0,worky_engine,2024-08-31
product_db,ACC-2346,c488ec042e89,T0,,,,1,hubspot_id,"{""hubspot_id"":""HS-100347""}",False,,False,1.0.0,worky_engine,2024-08-31
product_db,ACC-2347,0b0c556bec93,T2,100.00,,,2,signup_date,"{""created_at"":""2022-10-19"",""name_norm"":""zelaya y marrero s r l de c v"",""partial_ratio"":100.0}",False,,False,1.0.0,worky_engine,2024-08-31
product_db,ACC-2348,237b3e09b789,T0,,,,1,hubspot_id,"{""hubspot_id"":""HS-100349""}",False,,False,1.0.0,worky_engine,2024-08-31
product_db,ACC-2349,d12b484f1480,T0,,,,1,hubspot_id,"{""hubspot_id"":""HS-100350""}",False,,False,1.0.0,worky_engine,2024-08-31
product_db,ACC-2350,5ce69a34518d,T0,,,,1,hubspot_id,"{""hubspot_id"":""HS-100351""}",False,,False,1.0.0,worky_engine,2024-08-31
product_db,ACC-2351,2f23ed120ca5,T0,,,,1,hubspot_id,"{""hubspot_id"":""HS-100352""}",False,,False,1.0.0,worky_engine,2024-08-31
product_db,ACC-2352,7df9e48b2cc4,T0,,,,1,hubspot_id,"{""hubspot_id"":""HS-100353""}",False,,False,1.0.0,worky_engine,2024-08-31
product_db,ACC-2353,25de70f28a81,T0,,,,1,hubspot_id,"{""hubspot_id"":""HS-100354""}",False,,False,1.0.0,worky_engine,2024-08-31
product_db,ACC-2354,c7c91bce755e,T0,,,,1,hubspot_id,"{""hubspot_id"":""HS-100355""}",False,,False,1.0.0,worky_engine,2024-08-31
product_db,ACC-2355,789c81ac0120,T0,,,,1,hubspot_id,"{""hubspot_id"":""HS-100356""}",False,,False,1.0.0,worky_engine,2024-08-31
product_db,ACC-2356,1e79ff8dda47,T0,,,,1,hubspot_id,"{""hubspot_id"":""HS-100357""}",False,,False,1.0.0,worky_engine,2024-08-31
product_db,ACC-2357,14e457b52fab,T0,,,,1,hubspot_id,"{""hubspot_id"":""HS-100358""}",False,,False,1.0.0,worky_engine,2024-08-31
product_db,ACC-2358,d0d1124d8f9a,T0,,,,1,hubspot_id,"{""hubspot_id"":""HS-100359""}",False,,False,1.0.0,worky_engine,2024-08-31
product_db,ACC-2359,392bdeef86e1,T0,,,,1,hubspot_id,"{""hubspot_id"":""HS-100360""}",False,,False,1.0.0,worky_engine,2024-08-31
product_db,ACC-2360,34932df15d7b,T0,,,,1,hubspot_id,"{""hubspot_id"":""HS-100361""}",False,,False,1.0.0,worky_engine,2024-08-31
product_db,ACC-2361,8a377898dd91,T0,,,,1,hubspot_id,"{""hubspot_id"":""HS-100362""}",False,,False,1.0.0,worky_engine,2024-08-31
product_db,ACC-2362,b2bb026d825d,T0,,,,1,hubspot_id,"{""hubspot_id"":""HS-100363""}",False,,False,1.0.0,worky_engine,2024-08-31
product_db,ACC-2363,de73c32fa777,T0,,,,1,hubspot_id,"{""hubspot_id"":""HS-100364""}",False,,False,1.0.0,worky_engine,2024-08-31
product_db,ACC-2364,93f094f73363,T0,,,,1,hubspot_id,"{""hubspot_id"":""HS-100365""}",False,,False,1.0.0,worky_engine,2024-08-31
product_db,ACC-2365,95d506c2c301,T0,,,,1,hubspot_id,"{""hubspot_id"":""HS-100366""}",False,,False,1.0.0,worky_engine,2024-08-31
product_db,ACC-2366,7a2060655ae1,T0,,,,1,hubspot_id,"{""hubspot_id"":""HS-100367""}",False,,False,1.0.0,worky_engine,2024-08-31
product_db,ACC-2367,82912c9a4458,T0,,,,1,hubspot_id,"{""hubspot_id"":""HS-100368""}",False,,False,1.0.0,worky_engine,2024-08-31
product_db,ACC-2368,4bf97be2706d,T2,100.00,,,1,signup_date,"{""created_at"":""2024-05-25"",""name_norm"":""angulo"",""partial_ratio"":100.0}",False,,False,1.0.0,worky_engine,2024-08-31
product_db,ACC-2369,c22a9a5e32c4,T0,,,,1,hubspot_id,"{""hubspot_id"":""HS-100370""}",False,,False,1.0.0,worky_engine,2024-08-31
product_db,ACC-2370,4140e64c6083,T0,,,,1,hubspot_id,"{""hubspot_id"":""HS-100371""}",False,,False,1.0.0,worky_engine,2024-08-31
product_db,ACC-2371,e43a3fafab38,T0,,,,1,hubspot_id,"{""hubspot_id"":""HS-100372""}",False,,False,1.0.0,worky_engine,2024-08-31
product_db,ACC-2372,6eabad2f9e44,T0,,,,1,hubspot_id,"{""hubspot_id"":""HS-100373""}",False,,False,1.0.0,worky_engine,2024-08-31
product_db,ACC-2373,8ee34a42dee7,T0,,,,1,hubspot_id,"{""hubspot_id"":""HS-100374""}",False,,False,1.0.0,worky_engine,2024-08-31
product_db,ACC-2374,2f2fd459ddca,T0,,,,1,hubspot_id,"{""hubspot_id"":""HS-100375""}",False,,False,1.0.0,worky_engine,2024-08-31
product_db,ACC-2375,f189adcdf97f,T0,,,,1,hubspot_id,"{""hubspot_id"":""HS-100376""}",False,,False,1.0.0,worky_engine,2024-08-31
product_db,ACC-2376,664b9e778e26,T0,,,,1,hubspot_id,"{""hubspot_id"":""HS-100377""}",False,,False,1.0.0,worky_engine,2024-08-31
product_db,ACC-2377,6010a6c2645a,T0,,,,1,hubspot_id,"{""hubspot_id"":""HS-100378""}",False,,False,1.0.0,worky_engine,2024-08-31
product_db,ACC-2378,9f0aac78fb2f,T0,,,,1,hubspot_id,"{""hubspot_id"":""HS-100379""}",False,,False,1.0.0,worky_engine,2024-08-31
product_db,ACC-2379,c6ddaadf8a3c,T0,,,,1,hubspot_id,"{""hubspot_id"":""HS-100380""}",False,,False,1.0.0,worky_engine,2024-08-31
product_db,ACC-2380,4ad2695790da,T0,,,,1,hubspot_id,"{""hubspot_id"":""HS-100381""}",False,,False,1.0.0,worky_engine,2024-08-31
product_db,ACC-2381,879a22cf656a,T0,,,,1,hubspot_id,"{""hubspot_id"":""HS-100382""}",False,,False,1.0.0,worky_engine,2024-08-31
product_db,ACC-2382,e552d9325009,T0,,,,1,hubspot_id,"{""hubspot_id"":""HS-100383""}",False,,False,1.0.0,worky_engine,2024-08-31
product_db,ACC-2383,d81850081a01,T2,100.00,,,3,signup_date,"{""created_at"":""2023-12-05"",""name_norm"":""garza arriaga"",""partial_ratio"":100.0}",False,,False,1.0.0,worky_engine,2024-08-31
product_db,ACC-2384,190a2d8a76a2,T0,,,,1,hubspot_id,"{""hubspot_id"":""HS-100385""}",False,,False,1.0.0,worky_engine,2024-08-31
product_db,ACC-2385,c326e9fdf2b2,T0,,,,1,hubspot_id,"{""hubspot_id"":""HS-100386""}",False,,False,1.0.0,worky_engine,2024-08-31
product_db,ACC-2386,2856f6708652,T0,,,,1,hubspot_id,"{""hubspot_id"":""HS-100387""}",False,,False,1.0.0,worky_engine,2024-08-31
product_db,ACC-2387,af6b45260c23,T0,,,,1,hubspot_id,"{""hubspot_id"":""HS-100388""}",False,,False,1.0.0,worky_engine,2024-08-31
product_db,ACC-2388,9382f00dc8c8,T0,,,,1,hubspot_id,"{""hubspot_id"":""HS-100389""}",False,,False,1.0.0,worky_engine,2024-08-31
product_db,ACC-2389,56cc5e17ca7e,T0,,,,1,hubspot_id,"{""hubspot_id"":""HS-100390""}",False,,False,1.0.0,worky_engine,2024-08-31
product_db,ACC-2390,67e350db2ed9,T0,,,,1,hubspot_id,"{""hubspot_id"":""HS-100391""}",False,,False,1.0.0,worky_engine,2024-08-31
product_db,ACC-2391,7c99b8a3ebf7,T0,,,,1,hubspot_id,"{""hubspot_id"":""HS-100392""}",False,,False,1.0.0,worky_engine,2024-08-31
product_db,ACC-2392,daa4aa7c8cad,T0,,,,1,hubspot_id,"{""hubspot_id"":""HS-100393""}",False,,False,1.0.0,worky_engine,2024-08-31
product_db,ACC-2393,ee1a76c497e4,T0,,,,1,hubspot_id,"{""hubspot_id"":""HS-100394""}",False,,False,1.0.0,worky_engine,2024-08-31
product_db,ACC-2394,79adf7e6a753,T0,,,,1,hubspot_id,"{""hubspot_id"":""HS-100395""}",False,,False,1.0.0,worky_engine,2024-08-31
product_db,ACC-2395,a016ad959c90,T0,,,,1,hubspot_id,"{""hubspot_id"":""HS-100396""}",False,,False,1.0.0,worky_engine,2024-08-31
product_db,ACC-2396,1e08214c6d84,T0,,,,1,hubspot_id,"{""hubspot_id"":""HS-100397""}",False,,False,1.0.0,worky_engine,2024-08-31
product_db,ACC-2397,9a0d4f0c47f7,T0,,,,1,hubspot_id,"{""hubspot_id"":""HS-100398""}",False,,False,1.0.0,worky_engine,2024-08-31
product_db,ACC-2398,338f32670f98,T0,,,,1,hubspot_id,"{""hubspot_id"":""HS-100399""}",False,,False,1.0.0,worky_engine,2024-08-31
product_db,ACC-2399,30c2f0ba4f9f,T0,,,,1,hubspot_id,"{""hubspot_id"":""HS-100400""}",False,,False,1.0.0,worky_engine,2024-08-31
product_db,ACC-2400,fa78e5fd572a,T0,,,,1,hubspot_id,"{""hubspot_id"":""HS-100401""}",False,,False,1.0.0,worky_engine,2024-08-31
product_db,ACC-2401,0b0baf334770,T0,,,,1,hubspot_id,"{""hubspot_id"":""HS-100402""}",False,,False,1.0.0,worky_engine,2024-08-31
product_db,ACC-2402,e044425f0f1a,T0,,,,1,hubspot_id,"{""hubspot_id"":""HS-100403""}",False,,False,1.0.0,worky_engine,2024-08-31
product_db,ACC-2403,7a37e35fc015,T2,100.00,,,1,signup_date,"{""created_at"":""2022-04-26"",""name_norm"":""marquez adame y cepeda"",""partial_ratio"":100.0}",False,,False,1.0.0,worky_engine,2024-08-31
product_db,ACC-2404,295d85bd00ea,T0,,,,1,hubspot_id,"{""hubspot_id"":""HS-100405""}",False,,False,1.0.0,worky_engine,2024-08-31
product_db,ACC-2405,dfdbf0b4c7e0,T0,,,,1,hubspot_id,"{""hubspot_id"":""HS-100406""}",False,,False,1.0.0,worky_engine,2024-08-31
product_db,ACC-2406,02382e1b34e3,T0,,,,1,hubspot_id,"{""hubspot_id"":""HS-100407""}",False,,False,1.0.0,worky_engine,2024-08-31
product_db,ACC-2407,9d663f9ec56a,T0,,,,1,hubspot_id,"{""hubspot_id"":""HS-100408""}",False,,False,1.0.0,worky_engine,2024-08-31
product_db,ACC-2408,f81f32be9b74,T0,,,,1,hubspot_id,"{""hubspot_id"":""HS-100409""}",False,,False,1.0.0,worky_engine,2024-08-31
product_db,ACC-2409,1cf6a4e18b6f,T0,,,,1,hubspot_id,"{""hubspot_id"":""HS-100410""}",False,,False,1.0.0,worky_engine,2024-08-31
product_db,ACC-2410,72c0afa9c950,T0,,,,1,hubspot_id,"{""hubspot_id"":""HS-100411""}",False,,False,1.0.0,worky_engine,2024-08-31
product_db,ACC-2411,a54889f58f60,T0,,,,1,hubspot_id,"{""hubspot_id"":""HS-100412""}",False,,False,1.0.0,worky_engine,2024-08-31
product_db,ACC-2412,b6f7ec4c7c1a,T2,100.00,,,1,signup_date,"{""created_at"":""2023-12-11"",""name_norm"":""quiroz apont"",""partial_ratio"":100.0}",False,,False,1.0.0,worky_engine,2024-08-31
product_db,ACC-2413,a62f0320022a,T0,,,,1,hubspot_id,"{""hubspot_id"":""HS-100414""}",False,,False,1.0.0,worky_engine,2024-08-31
product_db,ACC-2414,8d5d932b0f9b,T0,,,,1,hubspot_id,"{""hubspot_id"":""HS-100415""}",False,,False,1.0.0,worky_engine,2024-08-31
product_db,ACC-2415,e102e7f3e17f,T0,,,,1,hubspot_id,"{""hubspot_id"":""HS-100416""}",False,,False,1.0.0,worky_engine,2024-08-31
product_db,ACC-2416,f16517f6876a,T2,100.00,,,1,signup_date,"{""created_at"":""2023-01-22"",""name_norm"":""grupo macias canales y rolon"",""partial_ratio"":100.0}",False,,False,1.0.0,worky_engine,2024-08-31
product_db,ACC-2417,67da30b569af,T0,,,,1,hubspot_id,"{""hubspot_id"":""HS-100418""}",False,,False,1.0.0,worky_engine,2024-08-31
product_db,ACC-2418,c518f6a1dc57,T0,,,,1,hubspot_id,"{""hubspot_id"":""HS-100419""}",False,,False,1.0.0,worky_engine,2024-08-31
product_db,ACC-2419,69901e51bc3c,T0,,,,1,hubspot_id,"{""hubspot_id"":""HS-100420""}",False,,False,1.0.0,worky_engine,2024-08-31
product_db,ACC-2420,0014df720942,T0,,,,1,hubspot_id,"{""hubspot_id"":""HS-100421""}",False,,False,1.0.0,worky_engine,2024-08-31
product_db,ACC-2421,9ce98b1e53c8,T0,,,,1,hubspot_id,"{""hubspot_id"":""HS-100422""}",False,,False,1.0.0,worky_engine,2024-08-31
product_db,ACC-2422,3d9c9189ef8b,T0,,,,1,hubspot_id,"{""hubspot_id"":""HS-100423""}",False,,False,1.0.0,worky_engine,2024-08-31
product_db,ACC-2423,9c3ead02df0b,T0,,,,1,hubspot_id,"{""hubspot_id"":""HS-100424""}",False,,False,1.0.0,worky_engine,2024-08-31
product_db,ACC-2424,58977cac09cc,T0,,,,1,hubspot_id,"{""hubspot_id"":""HS-100425""}",False,,False,1.0.0,worky_engine,2024-08-31
product_db,ACC-2425,a1b6591a36c2,T0,,,,1,hubspot_id,"{""hubspot_id"":""HS-100426""}",False,,False,1.0.0,worky_engine,2024-08-31
product_db,ACC-2426,c9cd0bb0cc08,T0,,,,1,hubspot_id,"{""hubspot_id"":""HS-100427""}",False,,False,1.0.0,worky_engine,2024-08-31
product_db,ACC-2427,f6c34b74fdf2,T0,,,,1,hubspot_id,"{""hubspot_id"":""HS-100428""}",False,,False,1.0.0,worky_engine,2024-08-31
product_db,ACC-2428,4deb4455b182,T0,,,,1,hubspot_id,"{""hubspot_id"":""HS-100429""}",False,,False,1.0.0,worky_engine,2024-08-31
product_db,ACC-2429,de3394369082,T0,,,,1,hubspot_id,"{""hubspot_id"":""HS-100430""}",False,,False,1.0.0,worky_engine,2024-08-31
product_db,ACC-2430,c87b1eef63b3,T0,,,,1,hubspot_id,"{""hubspot_id"":""HS-100431""}",False,,False,1.0.0,worky_engine,2024-08-31
product_db,ACC-2431,da3f37a71944,T0,,,,1,hubspot_id,"{""hubspot_id"":""HS-100432""}",False,,False,1.0.0,worky_engine,2024-08-31
product_db,ACC-2432,8a1b676db0e4,T0,,,,1,hubspot_id,"{""hubspot_id"":""HS-100433""}",False,,False,1.0.0,worky_engine,2024-08-31
product_db,ACC-2433,b898e16bae56,T0,,,,1,hubspot_id,"{""hubspot_id"":""HS-100434""}",False,,False,1.0.0,worky_engine,2024-08-31
product_db,ACC-2434,e622c23e2951,T0,,,,1,hubspot_id,"{""hubspot_id"":""HS-100435""}",False,,False,1.0.0,worky_engine,2024-08-31
product_db,ACC-2435,97081fd75d7e,T0,,,,1,hubspot_id,"{""hubspot_id"":""HS-100436""}",False,,False,1.0.0,worky_engine,2024-08-31
product_db,ACC-2436,b71038723b34,T0,,,,1,hubspot_id,"{""hubspot_id"":""HS-100437""}",False,,False,1.0.0,worky_engine,2024-08-31
product_db,ACC-2437,cce4e07ce38c,T0,,,,1,hubspot_id,"{""hubspot_id"":""HS-100438""}",False,,False,1.0.0,worky_engine,2024-08-31
product_db,ACC-2438,1288cafbc1fe,T0,,,,1,hubspot_id,"{""hubspot_id"":""HS-100439""}",False,,False,1.0.0,worky_engine,2024-08-31
product_db,ACC-2439,f5dc072a79ed,T0,,,,1,hubspot_id,"{""hubspot_id"":""HS-100440""}",False,,False,1.0.0,worky_engine,2024-08-31
product_db,ACC-2440,5945ffa79bf5,T0,,,,1,hubspot_id,"{""hubspot_id"":""HS-100441""}",False,,False,1.0.0,worky_engine,2024-08-31
product_db,ACC-2441,25f129ce4fc4,T0,,,,1,hubspot_id,"{""hubspot_id"":""HS-100442""}",False,,False,1.0.0,worky_engine,2024-08-31
product_db,ACC-2442,bad845ea6ecb,T0,,,,1,hubspot_id,"{""hubspot_id"":""HS-100443""}",False,,False,1.0.0,worky_engine,2024-08-31
product_db,ACC-2443,559a1afd0e44,T0,,,,1,hubspot_id,"{""hubspot_id"":""HS-100444""}",False,,False,1.0.0,worky_engine,2024-08-31
product_db,ACC-2444,89c4b5ff4a9f,T0,,,,1,hubspot_id,"{""hubspot_id"":""HS-100445""}",False,,False,1.0.0,worky_engine,2024-08-31
product_db,ACC-2445,1a38af8fa679,T0,,,,1,hubspot_id,"{""hubspot_id"":""HS-100446""}",False,,False,1.0.0,worky_engine,2024-08-31
product_db,ACC-2446,dbb9781b47c5,T0,,,,1,hubspot_id,"{""hubspot_id"":""HS-100447""}",False,,False,1.0.0,worky_engine,2024-08-31
product_db,ACC-2447,538f62518bf7,T0,,,,1,hubspot_id,"{""hubspot_id"":""HS-100448""}",False,,False,1.0.0,worky_engine,2024-08-31
product_db,ACC-2448,e96833e2c6bb,T0,,,,1,hubspot_id,"{""hubspot_id"":""HS-100449""}",False,,False,1.0.0,worky_engine,2024-08-31
product_db,ACC-2449,d23090c83713,T0,,,,1,hubspot_id,"{""hubspot_id"":""HS-100450""}",False,,False,1.0.0,worky_engine,2024-08-31
product_db,ACC-2450,2c678f4bf9d9,T0,,,,1,hubspot_id,"{""hubspot_id"":""HS-100451""}",False,,False,1.0.0,worky_engine,2024-08-31
product_db,ACC-2451,a6444ea5d4ad,T0,,,,1,hubspot_id,"{""hubspot_id"":""HS-100452""}",False,,False,1.0.0,worky_engine,2024-08-31
product_db,ACC-2452,8ab5e8824094,T0,,,,1,hubspot_id,"{""hubspot_id"":""HS-100453""}",False,,False,1.0.0,worky_engine,2024-08-31
product_db,ACC-2453,00fe53692ca1,T0,,,,1,hubspot_id,"{""hubspot_id"":""HS-100454""}",False,,False,1.0.0,worky_engine,2024-08-31
product_db,ACC-2454,79cd2764ab4f,T0,,,,1,hubspot_id,"{""hubspot_id"":""HS-100455""}",False,,False,1.0.0,worky_engine,2024-08-31
product_db,ACC-2455,0df07dc09d21,T0,,,,1,hubspot_id,"{""hubspot_id"":""HS-100456""}",False,,False,1.0.0,worky_engine,2024-08-31
product_db,ACC-2456,61797f4fd29d,T0,,,,1,hubspot_id,"{""hubspot_id"":""HS-100457""}",False,,False,1.0.0,worky_engine,2024-08-31
product_db,ACC-2457,fcb92db97bd8,T0,,,,1,hubspot_id,"{""hubspot_id"":""HS-100458""}",False,,False,1.0.0,worky_engine,2024-08-31
product_db,ACC-2458,c7ae629f0670,T0,,,,1,hubspot_id,"{""hubspot_id"":""HS-100459""}",False,,False,1.0.0,worky_engine,2024-08-31
product_db,ACC-2459,12031a79d1d3,T0,,,,1,hubspot_id,"{""hubspot_id"":""HS-100460""}",False,,False,1.0.0,worky_engine,2024-08-31
product_db,ACC-2460,a6d940689369,T0,,,,1,hubspot_id,"{""hubspot_id"":""HS-100461""}",False,,False,1.0.0,worky_engine,2024-08-31
product_db,ACC-2461,701a7145499e,T0,,,,1,hubspot_id,"{""hubspot_id"":""HS-100462""}",False,,False,1.0.0,worky_engine,2024-08-31
product_db,ACC-2462,87ff09647766,T0,,,,1,hubspot_id,"{""hubspot_id"":""HS-100463""}",False,,False,1.0.0,worky_engine,2024-08-31
product_db,ACC-2463,ef9605d5a1d4,T0,,,,1,hubspot_id,"{""hubspot_id"":""HS-100464""}",False,,False,1.0.0,worky_engine,2024-08-31
product_db,ACC-2464,1c09f8474886,T0,,,,1,hubspot_id,"{""hubspot_id"":""HS-100465""}",False,,False,1.0.0,worky_engine,2024-08-31
product_db,ACC-2465,c7b8e3dd3d9e,T2,100.00,,,1,signup_date,"{""created_at"":""2022-10-21"",""name_norm"":""industrias esquivel olivares y cas"",""partial_ratio"":100.0}",False,,False,1.0.0,worky_engine,2024-08-31
product_db,ACC-2466,5469ca09097a,T0,,,,1,hubspot_id,"{""hubspot_id"":""HS-100467""}",False,,False,1.0.0,worky_engine,2024-08-31
product_db,ACC-2467,5211255cc108,T0,,,,1,hubspot_id,"{""hubspot_id"":""HS-100468""}",False,,False,1.0.0,worky_engine,2024-08-31
product_db,ACC-2468,289073814fdb,T0,,,,1,hubspot_id,"{""hubspot_id"":""HS-100469""}",False,,False,1.0.0,worky_engine,2024-08-31
product_db,ACC-2469,efe6dcc1eacd,T0,,,,1,hubspot_id,"{""hubspot_id"":""HS-100470""}",False,,False,1.0.0,worky_engine,2024-08-31
product_db,ACC-2470,d708a60010d8,T0,,,,1,hubspot_id,"{""hubspot_id"":""HS-100471""}",False,,False,1.0.0,worky_engine,2024-08-31
product_db,ACC-2471,0fda0433e133,T0,,,,1,hubspot_id,"{""hubspot_id"":""HS-100472""}",False,,False,1.0.0,worky_engine,2024-08-31
product_db,ACC-2472,b8ff0ac62b88,T0,,,,1,hubspot_id,"{""hubspot_id"":""HS-100473""}",False,,False,1.0.0,worky_engine,2024-08-31
product_db,ACC-2473,69e452cb7a98,T0,,,,1,hubspot_id,"{""hubspot_id"":""HS-100474""}",False,,False,1.0.0,worky_engine,2024-08-31
product_db,ACC-2474,a321e5e40776,T0,,,,1,hubspot_id,"{""hubspot_id"":""HS-100475""}",False,,False,1.0.0,worky_engine,2024-08-31
product_db,ACC-2475,6fbc308a9ed5,T0,,,,1,hubspot_id,"{""hubspot_id"":""HS-100476""}",False,,False,1.0.0,worky_engine,2024-08-31
product_db,ACC-2476,567a1080b6c7,T0,,,,1,hubspot_id,"{""hubspot_id"":""HS-100477""}",False,,False,1.0.0,worky_engine,2024-08-31
product_db,ACC-2477,93d4f5b861a3,T0,,,,1,hubspot_id,"{""hubspot_id"":""HS-100478""}",False,,False,1.0.0,worky_engine,2024-08-31
product_db,ACC-2478,89d3af7bfbf6,T0,,,,1,hubspot_id,"{""hubspot_id"":""HS-100479""}",False,,False,1.0.0,worky_engine,2024-08-31
product_db,ACC-2479,d7f2491cbf17,T0,,,,1,hubspot_id,"{""hubspot_id"":""HS-100480""}",False,,False,1.0.0,worky_engine,2024-08-31
product_db,ACC-2480,67298e35c7b4,T0,,,,1,hubspot_id,"{""hubspot_id"":""HS-100481""}",False,,False,1.0.0,worky_engine,2024-08-31
product_db,ACC-2481,167708133e90,T0,,,,1,hubspot_id,"{""hubspot_id"":""HS-100482""}",False,,False,1.0.0,worky_engine,2024-08-31
product_db,ACC-2482,375bde6ba88f,T0,,,,1,hubspot_id,"{""hubspot_id"":""HS-100483""}",False,,False,1.0.0,worky_engine,2024-08-31
product_db,ACC-2483,51e97a6e2d0f,T0,,,,1,hubspot_id,"{""hubspot_id"":""HS-100484""}",False,,False,1.0.0,worky_engine,2024-08-31
product_db,ACC-2484,3baa0f55645f,T0,,,,1,hubspot_id,"{""hubspot_id"":""HS-100485""}",False,,False,1.0.0,worky_engine,2024-08-31
product_db,ACC-2485,79b0014ab30f,T0,,,,1,hubspot_id,"{""hubspot_id"":""HS-100486""}",False,,False,1.0.0,worky_engine,2024-08-31
product_db,ACC-2486,c434d20674b5,T0,,,,1,hubspot_id,"{""hubspot_id"":""HS-100487""}",False,,False,1.0.0,worky_engine,2024-08-31
product_db,ACC-2487,589f42a9c63a,T0,,,,1,hubspot_id,"{""hubspot_id"":""HS-100488""}",False,,False,1.0.0,worky_engine,2024-08-31
product_db,ACC-2488,5788d992991c,T0,,,,1,hubspot_id,"{""hubspot_id"":""HS-100489""}",False,,False,1.0.0,worky_engine,2024-08-31
product_db,ACC-2489,093598bb9373,T0,,,,1,hubspot_id,"{""hubspot_id"":""HS-100490""}",False,,False,1.0.0,worky_engine,2024-08-31
product_db,ACC-2490,eda37dec809b,T0,,,,1,hubspot_id,"{""hubspot_id"":""HS-100491""}",False,,False,1.0.0,worky_engine,2024-08-31
product_db,ACC-2491,cba7ec6afd2e,T0,,,,1,hubspot_id,"{""hubspot_id"":""HS-100492""}",False,,False,1.0.0,worky_engine,2024-08-31
product_db,ACC-2492,953a1fa5f1e4,T0,,,,1,hubspot_id,"{""hubspot_id"":""HS-100493""}",False,,False,1.0.0,worky_engine,2024-08-31
product_db,ACC-2493,e0ed9bc3304b,T0,,,,1,hubspot_id,"{""hubspot_id"":""HS-100494""}",False,,False,1.0.0,worky_engine,2024-08-31
product_db,ACC-2494,bcbbeb996730,T0,,,,1,hubspot_id,"{""hubspot_id"":""HS-100495""}",False,,False,1.0.0,worky_engine,2024-08-31
product_db,ACC-2495,1fca191b2c4a,T0,,,,1,hubspot_id,"{""hubspot_id"":""HS-100496""}",False,,False,1.0.0,worky_engine,2024-08-31
product_db,ACC-2496,87428c0f5a32,T0,,,,1,hubspot_id,"{""hubspot_id"":""HS-100497""}",False,,False,1.0.0,worky_engine,2024-08-31
product_db,ACC-2497,1344cdebacd2,T2,100.00,,,2,signup_date,"{""created_at"":""2023-04-13"",""name_norm"":""club saldana lira y heredia"",""partial_ratio"":100.0}",False,,False,1.0.0,worky_engine,2024-08-31
product_db,ACC-2498,88cf09ccad92,T0,,,,1,hubspot_id,"{""hubspot_id"":""HS-100499""}",False,,False,1.0.0,worky_engine,2024-08-31
product_db,ACC-2499,baf649016fa9,T0,,,,1,hubspot_id,"{""hubspot_id"":""HS-100500""}",False,,False,1.0.0,worky_engine,2024-08-31
product_db,ACC-2500,c4a02f8c12cd,T0,,,,1,hubspot_id,"{""hubspot_id"":""HS-100501""}",False,,False,1.0.0,worky_engine,2024-08-31
product_db,ACC-2501,de0488775bd0,T0,,,,1,hubspot_id,"{""hubspot_id"":""HS-100502""}",False,,False,1.0.0,worky_engine,2024-08-31
product_db,ACC-2502,3ed1dd022bbe,T0,,,,1,hubspot_id,"{""hubspot_id"":""HS-100503""}",False,,False,1.0.0,worky_engine,2024-08-31
product_db,ACC-2503,7a3a0e83d9f6,T0,,,,1,hubspot_id,"{""hubspot_id"":""HS-100504""}",False,,False,1.0.0,worky_engine,2024-08-31
product_db,ACC-2504,4cfcbde1f51f,T0,,,,1,hubspot_id,"{""hubspot_id"":""HS-100505""}",False,,False,1.0.0,worky_engine,2024-08-31
product_db,ACC-2505,dde4a2325dc6,T0,,,,1,hubspot_id,"{""hubspot_id"":""HS-100506""}",False,,False,1.0.0,worky_engine,2024-08-31
product_db,ACC-2506,d0cc2b9c1ce9,T0,,,,1,hubspot_id,"{""hubspot_id"":""HS-100507""}",False,,False,1.0.0,worky_engine,2024-08-31
product_db,ACC-2507,548b90cb0018,T0,,,,1,hubspot_id,"{""hubspot_id"":""HS-100508""}",False,,False,1.0.0,worky_engine,2024-08-31
product_db,ACC-2508,5d3a54fbe090,T0,,,,1,hubspot_id,"{""hubspot_id"":""HS-100509""}",False,,False,1.0.0,worky_engine,2024-08-31
product_db,ACC-2509,1a1192e17404,T2,100.00,,,3,signup_date,"{""created_at"":""2022-12-27"",""name_norm"":""escobedo guzman y montano"",""partial_ratio"":100.0}",False,,False,1.0.0,worky_engine,2024-08-31
product_db,ACC-2510,e9e407e1731c,T0,,,,1,hubspot_id,"{""hubspot_id"":""HS-100511""}",False,,False,1.0.0,worky_engine,2024-08-31
product_db,ACC-2511,8018f473b454,T0,,,,1,hubspot_id,"{""hubspot_id"":""HS-100512""}",False,,False,1.0.0,worky_engine,2024-08-31
product_db,ACC-2512,e31d2d4a48e2,T2,100.00,,,4,signup_date,"{""created_at"":""2023-05-10"",""name_norm"":""proyectos carrasco cabrera"",""partial_ratio"":100.0}",False,,False,1.0.0,worky_engine,2024-08-31
product_db,ACC-2513,b6227ca140ae,T0,,,,1,hubspot_id,"{""hubspot_id"":""HS-100514""}",False,,False,1.0.0,worky_engine,2024-08-31
product_db,ACC-2514,b7214f7de0d2,T0,,,,1,hubspot_id,"{""hubspot_id"":""HS-100515""}",False,,False,1.0.0,worky_engine,2024-08-31
product_db,ACC-2515,4852e6665bc7,T2,100.00,,,1,signup_date,"{""created_at"":""2022-03-11"",""name_norm"":""naranjo limon a c"",""partial_ratio"":100.0}",False,,False,1.0.0,worky_engine,2024-08-31
product_db,ACC-2516,a565c66b9bc6,T0,,,,1,hubspot_id,"{""hubspot_id"":""HS-100517""}",False,,False,1.0.0,worky_engine,2024-08-31
product_db,ACC-2517,3d464b2bd5fe,T0,,,,1,hubspot_id,"{""hubspot_id"":""HS-100518""}",False,,False,1.0.0,worky_engine,2024-08-31
product_db,ACC-2518,f3488af55845,T0,,,,1,hubspot_id,"{""hubspot_id"":""HS-100519""}",False,,False,1.0.0,worky_engine,2024-08-31
product_db,ACC-2519,2c29d4cb2989,T0,,,,1,hubspot_id,"{""hubspot_id"":""HS-100520""}",False,,False,1.0.0,worky_engine,2024-08-31
product_db,ACC-2520,2cd7d67219cc,T0,,,,1,hubspot_id,"{""hubspot_id"":""HS-100521""}",False,,False,1.0.0,worky_engine,2024-08-31
product_db,ACC-2521,d8cba4a1d43d,T2,100.00,,,1,signup_date,"{""created_at"":""2022-01-22"",""name_norm"":""viera griego y vasquez"",""partial_ratio"":100.0}",False,,False,1.0.0,worky_engine,2024-08-31
product_db,ACC-2522,967e6f7023fc,T0,,,,1,hubspot_id,"{""hubspot_id"":""HS-100523""}",False,,False,1.0.0,worky_engine,2024-08-31
product_db,ACC-2523,40cbcd1a5e9b,T0,,,,1,hubspot_id,"{""hubspot_id"":""HS-100524""}",False,,False,1.0.0,worky_engine,2024-08-31
product_db,ACC-2524,368a3f9d6514,T0,,,,1,hubspot_id,"{""hubspot_id"":""HS-100525""}",False,,False,1.0.0,worky_engine,2024-08-31
product_db,ACC-2525,62e862d0ba6b,T0,,,,1,hubspot_id,"{""hubspot_id"":""HS-100526""}",False,,False,1.0.0,worky_engine,2024-08-31
product_db,ACC-2526,81215df16b9d,T0,,,,1,hubspot_id,"{""hubspot_id"":""HS-100527""}",False,,False,1.0.0,worky_engine,2024-08-31
product_db,ACC-2527,78dd22e22aac,T0,,,,1,hubspot_id,"{""hubspot_id"":""HS-100528""}",False,,False,1.0.0,worky_engine,2024-08-31
product_db,ACC-2528,dc75715a3853,T2,100.00,,,1,signup_date,"{""created_at"":""2023-11-20"",""name_norm"":""vaca y borrego s r l de c v"",""partial_ratio"":100.0}",False,,False,1.0.0,worky_engine,2024-08-31
product_db,ACC-2529,5f6fe04e3c0d,T0,,,,1,hubspot_id,"{""hubspot_id"":""HS-100530""}",False,,False,1.0.0,worky_engine,2024-08-31
product_db,ACC-2530,ed5931954b72,T0,,,,1,hubspot_id,"{""hubspot_id"":""HS-100531""}",False,,False,1.0.0,worky_engine,2024-08-31
product_db,ACC-2531,c7e410d860dd,T0,,,,1,hubspot_id,"{""hubspot_id"":""HS-100532""}",False,,False,1.0.0,worky_engine,2024-08-31
product_db,ACC-2532,53f68810a2c7,T0,,,,1,hubspot_id,"{""hubspot_id"":""HS-100533""}",False,,False,1.0.0,worky_engine,2024-08-31
product_db,ACC-2533,4cdf5b9fe3a4,T0,,,,1,hubspot_id,"{""hubspot_id"":""HS-100534""}",False,,False,1.0.0,worky_engine,2024-08-31
product_db,ACC-2534,5382574560dc,T0,,,,1,hubspot_id,"{""hubspot_id"":""HS-100535""}",False,,False,1.0.0,worky_engine,2024-08-31
product_db,ACC-2535,73a7137f9426,T0,,,,1,hubspot_id,"{""hubspot_id"":""HS-100536""}",False,,False,1.0.0,worky_engine,2024-08-31
product_db,ACC-2536,59a8da5bbd25,T0,,,,1,hubspot_id,"{""hubspot_id"":""HS-100537""}",False,,False,1.0.0,worky_engine,2024-08-31
product_db,ACC-2537,10e7e55b829d,T0,,,,1,hubspot_id,"{""hubspot_id"":""HS-100538""}",False,,False,1.0.0,worky_engine,2024-08-31
product_db,ACC-2538,887b2c1a1380,T0,,,,1,hubspot_id,"{""hubspot_id"":""HS-100539""}",False,,False,1.0.0,worky_engine,2024-08-31
product_db,ACC-2539,7ecb5a47e4a1,T2,100.00,,,1,signup_date,"{""created_at"":""2023-09-20"",""name_norm"":""hernadez y cordova s r l de c v"",""partial_ratio"":100.0}",False,,False,1.0.0,worky_engine,2024-08-31
product_db,ACC-2540,5ff51d984ff6,T0,,,,1,hubspot_id,"{""hubspot_id"":""HS-100541""}",False,,False,1.0.0,worky_engine,2024-08-31
product_db,ACC-2541,4748fb3a478f,T0,,,,1,hubspot_id,"{""hubspot_id"":""HS-100542""}",False,,False,1.0.0,worky_engine,2024-08-31
product_db,ACC-2542,a24f4d4bb486,T0,,,,1,hubspot_id,"{""hubspot_id"":""HS-100543""}",False,,False,1.0.0,worky_engine,2024-08-31
product_db,ACC-2543,f9d56b104a2b,T0,,,,1,hubspot_id,"{""hubspot_id"":""HS-100544""}",False,,False,1.0.0,worky_engine,2024-08-31
product_db,ACC-2544,03e9e800144c,T0,,,,1,hubspot_id,"{""hubspot_id"":""HS-100545""}",False,,False,1.0.0,worky_engine,2024-08-31
product_db,ACC-2545,78e777fdb583,T0,,,,1,hubspot_id,"{""hubspot_id"":""HS-100546""}",False,,False,1.0.0,worky_engine,2024-08-31
product_db,ACC-2546,77af4118522b,T0,,,,1,hubspot_id,"{""hubspot_id"":""HS-100547""}",False,,False,1.0.0,worky_engine,2024-08-31
product_db,ACC-2547,59a59dbb5c8d,T0,,,,1,hubspot_id,"{""hubspot_id"":""HS-100548""}",False,,False,1.0.0,worky_engine,2024-08-31
product_db,ACC-2548,7964d8b4df3d,T0,,,,1,hubspot_id,"{""hubspot_id"":""HS-100549""}",False,,False,1.0.0,worky_engine,2024-08-31
product_db,ACC-2549,279ab800ac35,T0,,,,1,hubspot_id,"{""hubspot_id"":""HS-100550""}",False,,False,1.0.0,worky_engine,2024-08-31
product_db,ACC-2550,57c8aca8703d,T0,,,,1,hubspot_id,"{""hubspot_id"":""HS-100551""}",False,,False,1.0.0,worky_engine,2024-08-31
product_db,ACC-2551,714a72f5154c,T0,,,,1,hubspot_id,"{""hubspot_id"":""HS-100552""}",False,,False,1.0.0,worky_engine,2024-08-31
product_db,ACC-2552,f53160415402,T0,,,,1,hubspot_id,"{""hubspot_id"":""HS-100553""}",False,,False,1.0.0,worky_engine,2024-08-31
product_db,ACC-2553,92f4e669bfdd,T0,,,,1,hubspot_id,"{""hubspot_id"":""HS-100554""}",False,,False,1.0.0,worky_engine,2024-08-31
product_db,ACC-2554,3e0310fe6b93,T0,,,,1,hubspot_id,"{""hubspot_id"":""HS-100555""}",False,,False,1.0.0,worky_engine,2024-08-31
product_db,ACC-2555,8425a0e965c5,T0,,,,1,hubspot_id,"{""hubspot_id"":""HS-100556""}",False,,False,1.0.0,worky_engine,2024-08-31
product_db,ACC-2556,73791fb3cf09,T0,,,,1,hubspot_id,"{""hubspot_id"":""HS-100557""}",False,,False,1.0.0,worky_engine,2024-08-31
product_db,ACC-2557,fa963456da9c,T2,100.00,,,2,signup_date,"{""created_at"":""2022-11-21"",""name_norm"":""de la rosa molina"",""partial_ratio"":100.0}",False,,False,1.0.0,worky_engine,2024-08-31
product_db,ACC-2558,118a77d9045d,T0,,,,1,hubspot_id,"{""hubspot_id"":""HS-100559""}",False,,False,1.0.0,worky_engine,2024-08-31
product_db,ACC-2559,454a653ec9a9,T0,,,,1,hubspot_id,"{""hubspot_id"":""HS-100560""}",False,,False,1.0.0,worky_engine,2024-08-31
product_db,ACC-2560,f34cb98c7172,T0,,,,1,hubspot_id,"{""hubspot_id"":""HS-100561""}",False,,False,1.0.0,worky_engine,2024-08-31
product_db,ACC-2561,7fb38f9e61ff,T0,,,,1,hubspot_id,"{""hubspot_id"":""HS-100562""}",False,,False,1.0.0,worky_engine,2024-08-31
product_db,ACC-2562,850c889b188c,T0,,,,1,hubspot_id,"{""hubspot_id"":""HS-100563""}",False,,False,1.0.0,worky_engine,2024-08-31
product_db,ACC-2563,1f5adba0a272,T0,,,,1,hubspot_id,"{""hubspot_id"":""HS-100564""}",False,,False,1.0.0,worky_engine,2024-08-31
product_db,ACC-2564,98aa01742131,T0,,,,1,hubspot_id,"{""hubspot_id"":""HS-100565""}",False,,False,1.0.0,worky_engine,2024-08-31
product_db,ACC-2565,b454b2f7bd1c,T0,,,,1,hubspot_id,"{""hubspot_id"":""HS-100566""}",False,,False,1.0.0,worky_engine,2024-08-31
product_db,ACC-2566,945c463e27f5,T0,,,,1,hubspot_id,"{""hubspot_id"":""HS-100567""}",False,,False,1.0.0,worky_engine,2024-08-31
product_db,ACC-2567,d591a4e10426,T0,,,,1,hubspot_id,"{""hubspot_id"":""HS-100568""}",False,,False,1.0.0,worky_engine,2024-08-31
product_db,ACC-2568,835f374d427c,T0,,,,1,hubspot_id,"{""hubspot_id"":""HS-100569""}",False,,False,1.0.0,worky_engine,2024-08-31
product_db,ACC-2569,6709cae3efd1,T2,100.00,,,1,signup_date,"{""created_at"":""2024-01-14"",""name_norm"":""grupo portillo del rio y valdivia"",""partial_ratio"":100.0}",False,,False,1.0.0,worky_engine,2024-08-31
product_db,ACC-2570,cf932e3d82d8,T0,,,,1,hubspot_id,"{""hubspot_id"":""HS-100571""}",False,,False,1.0.0,worky_engine,2024-08-31
product_db,ACC-2571,2f26a0da0310,T0,,,,1,hubspot_id,"{""hubspot_id"":""HS-100572""}",False,,False,1.0.0,worky_engine,2024-08-31
product_db,ACC-2572,2f9a572a5bab,T0,,,,1,hubspot_id,"{""hubspot_id"":""HS-100573""}",False,,False,1.0.0,worky_engine,2024-08-31
product_db,ACC-2573,7cd86d7f8789,T0,,,,1,hubspot_id,"{""hubspot_id"":""HS-100574""}",False,,False,1.0.0,worky_engine,2024-08-31
product_db,ACC-2574,cdd0fe341983,T0,,,,1,hubspot_id,"{""hubspot_id"":""HS-100575""}",False,,False,1.0.0,worky_engine,2024-08-31
product_db,ACC-2575,cc612f12a5f3,T0,,,,1,hubspot_id,"{""hubspot_id"":""HS-100576""}",False,,False,1.0.0,worky_engine,2024-08-31
product_db,ACC-2576,9e718ad7d560,T2,100.00,,,3,signup_date,"{""created_at"":""2022-10-03"",""name_norm"":""villanueva"",""partial_ratio"":100.0}",False,,False,1.0.0,worky_engine,2024-08-31
product_db,ACC-2577,723875008eb9,T0,,,,1,hubspot_id,"{""hubspot_id"":""HS-100578""}",False,,False,1.0.0,worky_engine,2024-08-31
product_db,ACC-2578,a93e31f7946a,T2,100.00,,,2,signup_date,"{""created_at"":""2022-12-15"",""name_norm"":""grupo almanza carrera"",""partial_ratio"":100.0}",False,,False,1.0.0,worky_engine,2024-08-31
product_db,ACC-2579,c722bd70bb6d,T0,,,,1,hubspot_id,"{""hubspot_id"":""HS-100580""}",False,,False,1.0.0,worky_engine,2024-08-31
product_db,ACC-2580,97ee9f62574c,T2,100.00,,,1,signup_date,"{""created_at"":""2022-04-01"",""name_norm"":""collazo negron s c"",""partial_ratio"":100.0}",False,,False,1.0.0,worky_engine,2024-08-31
product_db,ACC-2581,c8d1b8b01b16,T0,,,,1,hubspot_id,"{""hubspot_id"":""HS-100582""}",False,,False,1.0.0,worky_engine,2024-08-31
product_db,ACC-2582,7e3cff38400b,T0,,,,1,hubspot_id,"{""hubspot_id"":""HS-100583""}",False,,False,1.0.0,worky_engine,2024-08-31
product_db,ACC-2583,9eb7a3a6657b,T0,,,,1,hubspot_id,"{""hubspot_id"":""HS-100584""}",False,,False,1.0.0,worky_engine,2024-08-31
product_db,ACC-2584,dcbec6838ba3,T0,,,,1,hubspot_id,"{""hubspot_id"":""HS-100585""}",False,,False,1.0.0,worky_engine,2024-08-31
product_db,ACC-2585,dcf6784c3f48,T0,,,,1,hubspot_id,"{""hubspot_id"":""HS-100586""}",False,,False,1.0.0,worky_engine,2024-08-31
product_db,ACC-2586,1e6e8393975f,T0,,,,1,hubspot_id,"{""hubspot_id"":""HS-100587""}",False,,False,1.0.0,worky_engine,2024-08-31
product_db,ACC-2587,9c83b29dabc8,T2,100.00,,,2,signup_date,"{""created_at"":""2023-07-28"",""name_norm"":""despacho urrutia y gollum"",""partial_ratio"":100.0}",False,,False,1.0.0,worky_engine,2024-08-31
product_db,ACC-2588,6978c5309efe,T0,,,,1,hubspot_id,"{""hubspot_id"":""HS-100589""}",False,,False,1.0.0,worky_engine,2024-08-31
product_db,ACC-2589,f9258b3410f9,T0,,,,1,hubspot_id,"{""hubspot_id"":""HS-100590""}",False,,False,1.0.0,worky_engine,2024-08-31
product_db,ACC-2590,ba0e4a372968,T2,100.00,,,1,signup_date,"{""created_at"":""2023-07-21"",""name_norm"":""vela y carranza"",""partial_ratio"":100.0}",False,,False,1.0.0,worky_engine,2024-08-31
product_db,ACC-2591,ab72e3445be1,T0,,,,1,hubspot_id,"{""hubspot_id"":""HS-100592""}",False,,False,1.0.0,worky_engine,2024-08-31
product_db,ACC-2592,ed0225bd89c5,T0,,,,1,hubspot_id,"{""hubspot_id"":""HS-100593""}",False,,False,1.0.0,worky_engine,2024-08-31
product_db,ACC-2593,7c71e1e60120,T0,,,,1,hubspot_id,"{""hubspot_id"":""HS-100594""}",False,,False,1.0.0,worky_engine,2024-08-31
product_db,ACC-2594,a79430c11e48,T0,,,,1,hubspot_id,"{""hubspot_id"":""HS-100595""}",False,,False,1.0.0,worky_engine,2024-08-31
product_db,ACC-2595,ad2278a4a6c6,T0,,,,1,hubspot_id,"{""hubspot_id"":""HS-100596""}",False,,False,1.0.0,worky_engine,2024-08-31
product_db,ACC-2596,3967f5213479,T0,,,,1,hubspot_id,"{""hubspot_id"":""HS-100597""}",False,,False,1.0.0,worky_engine,2024-08-31
product_db,ACC-2597,c82c8b5945bb,T0,,,,1,hubspot_id,"{""hubspot_id"":""HS-100598""}",False,,False,1.0.0,worky_engine,2024-08-31
product_db,ACC-2598,ecd54f585087,T0,,,,1,hubspot_id,"{""hubspot_id"":""HS-100599""}",False,,False,1.0.0,worky_engine,2024-08-31
product_db,ACC-2599,bcdb022bc305,T0,,,,1,hubspot_id,"{""hubspot_id"":""HS-100600""}",False,,False,1.0.0,worky_engine,2024-08-31
product_db,ACC-2600,db9bc2d200e6,T0,,,,1,hubspot_id,"{""hubspot_id"":""HS-100601""}",False,,False,1.0.0,worky_engine,2024-08-31
product_db,ACC-2601,b4c838eb089c,T0,,,,1,hubspot_id,"{""hubspot_id"":""HS-100602""}",False,,False,1.0.0,worky_engine,2024-08-31
product_db,ACC-2602,e4190b8c9edb,T0,,,,1,hubspot_id,"{""hubspot_id"":""HS-100603""}",False,,False,1.0.0,worky_engine,2024-08-31
product_db,ACC-2603,b4e6ad0d057a,T0,,,,1,hubspot_id,"{""hubspot_id"":""HS-100604""}",False,,False,1.0.0,worky_engine,2024-08-31
product_db,ACC-2604,eb6e17931ac2,T0,,,,1,hubspot_id,"{""hubspot_id"":""HS-100605""}",False,,False,1.0.0,worky_engine,2024-08-31
product_db,ACC-2605,e19569d925d2,T0,,,,1,hubspot_id,"{""hubspot_id"":""HS-100606""}",False,,False,1.0.0,worky_engine,2024-08-31
product_db,ACC-2606,04887d0f3f7c,T0,,,,1,hubspot_id,"{""hubspot_id"":""HS-100607""}",False,,False,1.0.0,worky_engine,2024-08-31
product_db,ACC-2607,6b9938219d8f,T0,,,,1,hubspot_id,"{""hubspot_id"":""HS-100608""}",False,,False,1.0.0,worky_engine,2024-08-31
product_db,ACC-2608,c29e32af3d21,T0,,,,1,hubspot_id,"{""hubspot_id"":""HS-100609""}",False,,False,1.0.0,worky_engine,2024-08-31
product_db,ACC-2609,2e313ecc9f06,T0,,,,1,hubspot_id,"{""hubspot_id"":""HS-100610""}",False,,False,1.0.0,worky_engine,2024-08-31
product_db,ACC-2610,21a76877b923,T0,,,,1,hubspot_id,"{""hubspot_id"":""HS-100611""}",False,,False,1.0.0,worky_engine,2024-08-31
product_db,ACC-2611,91406719f00e,T0,,,,1,hubspot_id,"{""hubspot_id"":""HS-100612""}",False,,False,1.0.0,worky_engine,2024-08-31
product_db,ACC-2612,77c327404c72,T0,,,,1,hubspot_id,"{""hubspot_id"":""HS-100613""}",False,,False,1.0.0,worky_engine,2024-08-31
product_db,ACC-2613,dcf4823a4d63,T0,,,,1,hubspot_id,"{""hubspot_id"":""HS-100614""}",False,,False,1.0.0,worky_engine,2024-08-31
product_db,ACC-2614,b11ab648f308,T0,,,,1,hubspot_id,"{""hubspot_id"":""HS-100615""}",False,,False,1.0.0,worky_engine,2024-08-31
product_db,ACC-2615,b8a43530cf08,T0,,,,1,hubspot_id,"{""hubspot_id"":""HS-100616""}",False,,False,1.0.0,worky_engine,2024-08-31
product_db,ACC-2616,cd022db07256,T0,,,,1,hubspot_id,"{""hubspot_id"":""HS-100617""}",False,,False,1.0.0,worky_engine,2024-08-31
product_db,ACC-2617,34fc60602415,T0,,,,1,hubspot_id,"{""hubspot_id"":""HS-100618""}",False,,False,1.0.0,worky_engine,2024-08-31
product_db,ACC-2618,48c20dcf6fe4,T0,,,,1,hubspot_id,"{""hubspot_id"":""HS-100619""}",False,,False,1.0.0,worky_engine,2024-08-31
product_db,ACC-2619,22b962d9afed,T0,,,,1,hubspot_id,"{""hubspot_id"":""HS-100620""}",False,,False,1.0.0,worky_engine,2024-08-31
product_db,ACC-2620,aa00b58df5b0,T0,,,,1,hubspot_id,"{""hubspot_id"":""HS-100621""}",False,,False,1.0.0,worky_engine,2024-08-31
product_db,ACC-2621,4566eb75d1d3,T2,100.00,,,1,signup_date,"{""created_at"":""2024-04-26"",""name_norm"":""proyectos gonzales lebron"",""partial_ratio"":100.0}",False,,False,1.0.0,worky_engine,2024-08-31
product_db,ACC-2622,57430e054ca2,T0,,,,1,hubspot_id,"{""hubspot_id"":""HS-100623""}",False,,False,1.0.0,worky_engine,2024-08-31
product_db,ACC-2623,37211eeb762c,T0,,,,1,hubspot_id,"{""hubspot_id"":""HS-100624""}",False,,False,1.0.0,worky_engine,2024-08-31
product_db,ACC-2624,d17a1cb67764,T0,,,,1,hubspot_id,"{""hubspot_id"":""HS-100625""}",False,,False,1.0.0,worky_engine,2024-08-31
product_db,ACC-2625,0f42092743f1,T0,,,,1,hubspot_id,"{""hubspot_id"":""HS-100626""}",False,,False,1.0.0,worky_engine,2024-08-31
product_db,ACC-2626,e9214ee5bf0b,T0,,,,1,hubspot_id,"{""hubspot_id"":""HS-100627""}",False,,False,1.0.0,worky_engine,2024-08-31
product_db,ACC-2627,0c0316a141aa,T0,,,,1,hubspot_id,"{""hubspot_id"":""HS-100628""}",False,,False,1.0.0,worky_engine,2024-08-31
product_db,ACC-2628,28e7c24cd4cb,T2,100.00,,,1,signup_date,"{""created_at"":""2023-06-25"",""name_norm"":""amaya prado"",""partial_ratio"":100.0}",False,,False,1.0.0,worky_engine,2024-08-31
product_db,ACC-2629,a2f4b7cd7eb1,T0,,,,1,hubspot_id,"{""hubspot_id"":""HS-100630""}",False,,False,1.0.0,worky_engine,2024-08-31
product_db,ACC-2630,652a84cfe5c1,T0,,,,1,hubspot_id,"{""hubspot_id"":""HS-100631""}",False,,False,1.0.0,worky_engine,2024-08-31
product_db,ACC-2631,6c0b2c4e1901,T0,,,,1,hubspot_id,"{""hubspot_id"":""HS-100632""}",False,,False,1.0.0,worky_engine,2024-08-31
product_db,ACC-2632,937eb80b0184,T0,,,,1,hubspot_id,"{""hubspot_id"":""HS-100633""}",False,,False,1.0.0,worky_engine,2024-08-31
product_db,ACC-2633,98bbb9b1f4ec,T0,,,,1,hubspot_id,"{""hubspot_id"":""HS-100634""}",False,,False,1.0.0,worky_engine,2024-08-31
product_db,ACC-2634,9d7de9537b7e,T0,,,,1,hubspot_id,"{""hubspot_id"":""HS-100635""}",False,,False,1.0.0,worky_engine,2024-08-31
product_db,ACC-2635,618a87bd9809,T0,,,,1,hubspot_id,"{""hubspot_id"":""HS-100636""}",False,,False,1.0.0,worky_engine,2024-08-31
product_db,ACC-2636,0c092b55cb21,T0,,,,1,hubspot_id,"{""hubspot_id"":""HS-100637""}",False,,False,1.0.0,worky_engine,2024-08-31
product_db,ACC-2637,3af530a7679a,T2,100.00,,,2,signup_date,"{""created_at"":""2024-04-29"",""name_norm"":""industrias zaragoza lira"",""partial_ratio"":100.0}",False,,False,1.0.0,worky_engine,2024-08-31
product_db,ACC-2638,eb0b897c470a,T0,,,,1,hubspot_id,"{""hubspot_id"":""HS-100639""}",False,,False,1.0.0,worky_engine,2024-08-31
product_db,ACC-2639,2472eb83ec96,T0,,,,1,hubspot_id,"{""hubspot_id"":""HS-100640""}",False,,False,1.0.0,worky_engine,2024-08-31
product_db,ACC-2640,809d0342d4ed,T0,,,,1,hubspot_id,"{""hubspot_id"":""HS-100641""}",False,,False,1.0.0,worky_engine,2024-08-31
product_db,ACC-2641,8aace75b998d,T0,,,,1,hubspot_id,"{""hubspot_id"":""HS-100642""}",False,,False,1.0.0,worky_engine,2024-08-31
product_db,ACC-2642,08513678e63b,T0,,,,1,hubspot_id,"{""hubspot_id"":""HS-100643""}",False,,False,1.0.0,worky_engine,2024-08-31
product_db,ACC-2643,f4369dc52865,T0,,,,1,hubspot_id,"{""hubspot_id"":""HS-100644""}",False,,False,1.0.0,worky_engine,2024-08-31
product_db,ACC-2644,e49077a75737,T0,,,,1,hubspot_id,"{""hubspot_id"":""HS-100645""}",False,,False,1.0.0,worky_engine,2024-08-31
product_db,ACC-2645,49ce3285ee46,T0,,,,1,hubspot_id,"{""hubspot_id"":""HS-100646""}",False,,False,1.0.0,worky_engine,2024-08-31
product_db,ACC-2646,ae32988dfca5,T0,,,,1,hubspot_id,"{""hubspot_id"":""HS-100647""}",False,,False,1.0.0,worky_engine,2024-08-31
product_db,ACC-2647,12bb70998c29,T0,,,,1,hubspot_id,"{""hubspot_id"":""HS-100648""}",False,,False,1.0.0,worky_engine,2024-08-31
product_db,ACC-2648,9de59d515b9f,T0,,,,1,hubspot_id,"{""hubspot_id"":""HS-100649""}",False,,False,1.0.0,worky_engine,2024-08-31
product_db,ACC-2649,ebaae71bb69b,T0,,,,1,hubspot_id,"{""hubspot_id"":""HS-100650""}",False,,False,1.0.0,worky_engine,2024-08-31
vitally,cus_100000,b5e018ec0013,T1,100.00,,,1,domain_label,"{""domain_label"":""gaitan115"",""name_norm"":""gaitan olmos y paredes"",""token_set_ratio"":100.0}",False,,False,1.0.0,worky_engine,2024-08-31
vitally,cus_100001,51b8827af99f,T1,100.00,,,1,domain_label,"{""domain_label"":""guillen759"",""name_norm"":""guillen y saucedo"",""token_set_ratio"":100.0}",False,,False,1.0.0,worky_engine,2024-08-31
vitally,cus_100002,4241a3ce2f40,T1,100.00,,,1,domain_label,"{""domain_label"":""granados239"",""name_norm"":""granados y solis"",""token_set_ratio"":100.0}",False,,False,1.0.0,worky_engine,2024-08-31
vitally,cus_100003,6d621ac6bce1,T1,100.00,,,1,domain_label,"{""domain_label"":""club226"",""name_norm"":""club medrano y mercado"",""token_set_ratio"":100.0}",False,,False,1.0.0,worky_engine,2024-08-31
vitally,cus_100004,793be83a3632,T1,100.00,,,1,domain_label,"{""domain_label"":""club433"",""name_norm"":""club jasso y puente"",""token_set_ratio"":100.0}",False,,False,1.0.0,worky_engine,2024-08-31
vitally,cus_100005,5df58f1cd011,T1,100.00,,,1,domain_label,"{""domain_label"":""cuellarceja100"",""name_norm"":""cuellar ceja"",""token_set_ratio"":100.0}",False,,False,1.0.0,worky_engine,2024-08-31
vitally,cus_100006,d7e2debcb1e4,T1,100.00,,,1,domain_label,"{""domain_label"":""cabrera128"",""name_norm"":""cabrera s c"",""token_set_ratio"":100.0}",False,,False,1.0.0,worky_engine,2024-08-31
vitally,cus_100007,bfcc93c1234c,T1,100.00,,,1,domain_label,"{""domain_label"":""frias592"",""name_norm"":""frias briseno y molina"",""token_set_ratio"":100.0}",False,,False,1.0.0,worky_engine,2024-08-31
vitally,cus_100008,2cc32419a667,T1,100.00,,,1,domain_label,"{""domain_label"":""gonzalezserr876"",""name_norm"":""gonzalez serrano a c"",""token_set_ratio"":100.0}",False,,False,1.0.0,worky_engine,2024-08-31
vitally,cus_100009,00fd17d94d91,T1,100.00,,,1,domain_label,"{""domain_label"":""proyectos380"",""name_norm"":""proyectos zamora amaya y rosales"",""token_set_ratio"":100.0}",False,,False,1.0.0,worky_engine,2024-08-31
vitally,cus_100010,7673a68d1cc4,T1,100.00,,,1,domain_label,"{""domain_label"":""aragon651"",""name_norm"":""aragon rodriguez y carmona"",""token_set_ratio"":100.0}",False,,False,1.0.0,worky_engine,2024-08-31
vitally,cus_100011,2abb19d06446,T1,100.00,,,1,domain_label,"{""domain_label"":""zaragoza948"",""name_norm"":""zaragoza"",""token_set_ratio"":100.0}",False,,False,1.0.0,worky_engine,2024-08-31
vitally,cus_100012,e382b0077d44,T1,100.00,,,1,domain_label,"{""domain_label"":""aguilartejed842"",""name_norm"":""aguilar tejeda"",""token_set_ratio"":100.0}",False,,False,1.0.0,worky_engine,2024-08-31
vitally,cus_100013,e5c032b1ac0b,T1,100.00,,,1,domain_label,"{""domain_label"":""zayas323"",""name_norm"":""zayas limon y tejada"",""token_set_ratio"":100.0}",False,,False,1.0.0,worky_engine,2024-08-31
vitally,cus_100014,f268910f164f,T1,100.00,,,1,domain_label,"{""domain_label"":""perea272"",""name_norm"":""perea vanegas y mayorga"",""token_set_ratio"":100.0}",False,,False,1.0.0,worky_engine,2024-08-31
vitally,cus_100015,4b51faa01f35,T1,100.00,,,1,domain_label,"{""domain_label"":""cabrera920"",""name_norm"":""cabrera y galvan s r l de c v"",""token_set_ratio"":100.0}",False,,False,1.0.0,worky_engine,2024-08-31
vitally,cus_100016,0044b4ee820c,T1,100.00,,,1,domain_label,"{""domain_label"":""club774"",""name_norm"":""club badillo ruelas y almonte"",""token_set_ratio"":100.0}",False,,False,1.0.0,worky_engine,2024-08-31
vitally,cus_100017,5284a262a4a1,T1,100.00,,,1,domain_label,"{""domain_label"":""mateorolon66"",""name_norm"":""mateo rolon s r l de c v"",""token_set_ratio"":100.0}",False,,False,1.0.0,worky_engine,2024-08-31
vitally,cus_100018,82b3be1a7259,T1,100.00,,,1,domain_label,"{""domain_label"":""laboratorios882"",""name_norm"":""laboratorios ulibarri duarte"",""token_set_ratio"":100.0}",False,,False,1.0.0,worky_engine,2024-08-31
vitally,cus_100019,7ed9ffed0ce9,T1,100.00,,,1,domain_label,"{""domain_label"":""espinosa349"",""name_norm"":""espinosa valdez y tamez"",""token_set_ratio"":100.0}",False,,False,1.0.0,worky_engine,2024-08-31
vitally,cus_100020,7c49bd17517b,T1,100.00,,,1,domain_label,"{""domain_label"":""rivera781"",""name_norm"":""rivera y frias"",""token_set_ratio"":100.0}",False,,False,1.0.0,worky_engine,2024-08-31
vitally,cus_100021,dc7546038f51,T1,100.00,,,1,domain_label,"{""domain_label"":""castro520"",""name_norm"":""castro y saldana"",""token_set_ratio"":100.0}",False,,False,1.0.0,worky_engine,2024-08-31
vitally,cus_100022,f7b188c45db9,T1,100.00,,,1,domain_label,"{""domain_label"":""proyectos941"",""name_norm"":""proyectos pina patino"",""token_set_ratio"":100.0}",False,,False,1.0.0,worky_engine,2024-08-31
vitally,cus_100023,6d7170e9789b,T1,100.00,,,1,domain_label,"{""domain_label"":""narvaez60"",""name_norm"":""narvaez madera y roldan"",""token_set_ratio"":100.0}",False,,False,1.0.0,worky_engine,2024-08-31
vitally,cus_100024,fb754cb6ae6b,T1,100.00,,,1,domain_label,"{""domain_label"":""marreropriet785"",""name_norm"":""marrero prieto"",""token_set_ratio"":100.0}",False,,False,1.0.0,worky_engine,2024-08-31
vitally,cus_100025,ca4b97d0cb79,T1,100.00,,,1,domain_label,"{""domain_label"":""corporacin541"",""name_norm"":""corporacin sosa mora y villareal"",""token_set_ratio"":100.0}",False,,False,1.0.0,worky_engine,2024-08-31
vitally,cus_100026,5205e01e1434,T1,100.00,,,1,domain_label,"{""domain_label"":""laboratorios320"",""name_norm"":""laboratorios godoy y toledo"",""token_set_ratio"":100.0}",False,,False,1.0.0,worky_engine,2024-08-31
vitally,cus_100027,d3d6430ce9c4,T1,100.00,,,1,domain_label,"{""domain_label"":""sanches231"",""name_norm"":""sanches"",""token_set_ratio"":100.0}",False,,False,1.0.0,worky_engine,2024-08-31
vitally,cus_100028,8dc56996e31a,T1,100.00,,,1,domain_label,"{""domain_label"":""villagomezde8"",""name_norm"":""villagomez de jesus"",""token_set_ratio"":100.0}",False,,False,1.0.0,worky_engine,2024-08-31
vitally,cus_100029,800f2eb56933,T1,100.00,,,1,domain_label,"{""domain_label"":""garcia527"",""name_norm"":""garcia s r l de c v"",""token_set_ratio"":100.0}",False,,False,1.0.0,worky_engine,2024-08-31
vitally,cus_100030,6cfc2bb220b5,T1,100.00,,,1,domain_label,"{""domain_label"":""casas958"",""name_norm"":""casas y salinas"",""token_set_ratio"":100.0}",False,,False,1.0.0,worky_engine,2024-08-31
vitally,cus_100031,f1a6ca1331db,T1,100.00,,,1,domain_label,"{""domain_label"":""merazcintron97"",""name_norm"":""meraz cintron"",""token_set_ratio"":100.0}",False,,False,1.0.0,worky_engine,2024-08-31
vitally,cus_100032,f2f553d01764,T1,100.00,,,1,domain_label,"{""domain_label"":""herediacarri670"",""name_norm"":""heredia carrion"",""token_set_ratio"":100.0}",False,,False,1.0.0,worky_engine,2024-08-31
vitally,cus_100033,c0d5050c1786,T1,100.00,,,1,domain_label,"{""domain_label"":""proyectos197"",""name_norm"":""proyectos barraza mata"",""token_set_ratio"":100.0}",False,,False,1.0.0,worky_engine,2024-08-31
vitally,cus_100034,890c3cae550f,T1,100.00,,,1,domain_label,"{""domain_label"":""aponte256"",""name_norm"":""aponte bueno y orosco"",""token_set_ratio"":100.0}",False,,False,1.0.0,worky_engine,2024-08-31
vitally,cus_100035,5ad6ce2d765a,T1,100.00,,,1,domain_label,"{""domain_label"":""navarreteber668"",""name_norm"":""navarrete berrios s a"",""token_set_ratio"":100.0}",False,,False,1.0.0,worky_engine,2024-08-31
vitally,cus_100036,99340d33f3fb,T1,100.00,,,1,domain_label,"{""domain_label"":""narvaezrolon417"",""name_norm"":""narvaez rolon"",""token_set_ratio"":100.0}",False,,False,1.0.0,worky_engine,2024-08-31
vitally,cus_100037,70ea0c23bdb2,T1,100.00,,,1,domain_label,"{""domain_label"":""miramontes3"",""name_norm"":""miramontes y zambrano"",""token_set_ratio"":100.0}",False,,False,1.0.0,worky_engine,2024-08-31
vitally,cus_100038,8e811d2dc5a1,T1,100.00,,,1,domain_label,"{""domain_label"":""enriquezoliv714"",""name_norm"":""enriquez olivarez"",""token_set_ratio"":100.0}",False,,False,1.0.0,worky_engine,2024-08-31
vitally,cus_100039,da2408f43334,T1,100.00,,,1,domain_label,"{""domain_label"":""proyectos223"",""name_norm"":""proyectos quezada hernandes y arce"",""token_set_ratio"":100.0}",False,,False,1.0.0,worky_engine,2024-08-31
vitally,cus_100040,9aab1444c5d3,T1,100.00,,,1,domain_label,"{""domain_label"":""iglesiasprad52"",""name_norm"":""iglesias prado a c"",""token_set_ratio"":100.0}",False,,False,1.0.0,worky_engine,2024-08-31
vitally,cus_100041,078d848b2f9f,T1,100.00,,,1,domain_label,"{""domain_label"":""maldonadobue984"",""name_norm"":""maldonado bueno"",""token_set_ratio"":100.0}",False,,False,1.0.0,worky_engine,2024-08-31
vitally,cus_100042,840d8a53bce8,T1,100.00,,,1,domain_label,"{""domain_label"":""laboratorios123"",""name_norm"":""laboratorios caldera arredondo"",""token_set_ratio"":100.0}",False,,False,1.0.0,worky_engine,2024-08-31
vitally,cus_100043,f750af5db82c,T1,100.00,,,1,domain_label,"{""domain_label"":""acosta674"",""name_norm"":""acosta"",""token_set_ratio"":100.0}",False,,False,1.0.0,worky_engine,2024-08-31
vitally,cus_100044,621d856f0a4b,T1,100.00,,,1,domain_label,"{""domain_label"":""industrias734"",""name_norm"":""industrias soto luna y llamas"",""token_set_ratio"":100.0}",False,,False,1.0.0,worky_engine,2024-08-31
vitally,cus_100045,6d6157f05d37,T1,100.00,,,1,domain_label,"{""domain_label"":""figueroa324"",""name_norm"":""figueroa villa y rojo"",""token_set_ratio"":100.0}",False,,False,1.0.0,worky_engine,2024-08-31
vitally,cus_100046,88a8efcac170,T1,100.00,,,1,domain_label,"{""domain_label"":""despacho551"",""name_norm"":""despacho fonseca toro"",""token_set_ratio"":100.0}",False,,False,1.0.0,worky_engine,2024-08-31
vitally,cus_100047,dc2ff4bd4800,T1,100.00,,,1,domain_label,"{""domain_label"":""corporacin379"",""name_norm"":""corporacin enriquez y romero"",""token_set_ratio"":100.0}",False,,False,1.0.0,worky_engine,2024-08-31
vitally,cus_100048,e5bcc1fbee61,T1,100.00,,,1,domain_label,"{""domain_label"":""arellanorobl827"",""name_norm"":""arellano robles s r l de c v"",""token_set_ratio"":100.0}",False,,False,1.0.0,worky_engine,2024-08-31
vitally,cus_100049,a50bd28fa87f,T1,100.00,,,1,domain_label,"{""domain_label"":""arredondo107"",""name_norm"":""arredondo mateo y alcantar"",""token_set_ratio"":100.0}",False,,False,1.0.0,worky_engine,2024-08-31
vitally,cus_100050,9a903bd17a09,T1,100.00,,,1,domain_label,"{""domain_label"":""pena279"",""name_norm"":""pena y aguirre s c"",""token_set_ratio"":100.0}",False,,False,1.0.0,worky_engine,2024-08-31
vitally,cus_100051,48633a3c243e,T1,100.00,,,1,domain_label,"{""domain_label"":""cordero501"",""name_norm"":""cordero"",""token_set_ratio"":100.0}",False,,False,1.0.0,worky_engine,2024-08-31
vitally,cus_100052,61c8003722fd,T1,100.00,,,1,domain_label,"{""domain_label"":""sevilla4"",""name_norm"":""sevilla prado y galvez"",""token_set_ratio"":100.0}",False,,False,1.0.0,worky_engine,2024-08-31
vitally,cus_100053,9bf0ba4ae3b0,T1,100.00,,,1,domain_label,"{""domain_label"":""club723"",""name_norm"":""club soto solorio"",""token_set_ratio"":100.0}",False,,False,1.0.0,worky_engine,2024-08-31
vitally,cus_100054,3f9a1cc61de5,T1,100.00,,,1,domain_label,"{""domain_label"":""leon37"",""name_norm"":""leon"",""token_set_ratio"":100.0}",False,,False,1.0.0,worky_engine,2024-08-31
vitally,cus_100055,41d822af890b,T1,100.00,,,1,domain_label,"{""domain_label"":""industrias316"",""name_norm"":""industrias balderas y yanez"",""token_set_ratio"":100.0}",False,,False,1.0.0,worky_engine,2024-08-31
vitally,cus_100056,37d67f0e2f52,T1,100.00,,,1,domain_label,"{""domain_label"":""proyectos106"",""name_norm"":""proyectos lara garica y olmos"",""token_set_ratio"":100.0}",False,,False,1.0.0,worky_engine,2024-08-31
vitally,cus_100057,3dc38ff1f062,T1,100.00,,,1,domain_label,"{""domain_label"":""laboratorios886"",""name_norm"":""laboratorios tellez sanches y abreu"",""token_set_ratio"":100.0}",False,,False,1.0.0,worky_engine,2024-08-31
vitally,cus_100058,79d3b0680edc,T1,100.00,,,1,domain_label,"{""domain_label"":""despacho822"",""name_norm"":""despacho escobar soto"",""token_set_ratio"":100.0}",False,,False,1.0.0,worky_engine,2024-08-31
vitally,cus_100059,16c951b00315,T1,100.00,,,1,domain_label,"{""domain_label"":""corporacin228"",""name_norm"":""corporacin verduzco caraballo y raya"",""token_set_ratio"":100.0}",False,,False,1.0.0,worky_engine,2024-08-31
vitally,cus_100060,774336269cfb,T1,100.00,,,1,domain_label,"{""domain_label"":""grupo25"",""name_norm"":""grupo valencia alva"",""token_set_ratio"":100.0}",False,,False,1.0.0,worky_engine,2024-08-31
vitally,cus_100061,0196867379d8,T1,100.00,,,1,domain_label,"{""domain_label"":""proyectos360"",""name_norm"":""proyectos olvera llamas y huerta"",""token_set_ratio"":100.0}",False,,False,1.0.0,worky_engine,2024-08-31
vitally,cus_100062,c5350fab0bb4,T1,100.00,,,1,domain_label,"{""domain_label"":""cordero962"",""name_norm"":""cordero y duran s r l de c v"",""token_set_ratio"":100.0}",False,,False,1.0.0,worky_engine,2024-08-31
vitally,cus_100063,00a8d71c23f4,T1,100.00,,,1,domain_label,"{""domain_label"":""ybarra40"",""name_norm"":""ybarra y alcaraz s c"",""token_set_ratio"":100.0}",False,,False,1.0.0,worky_engine,2024-08-31
vitally,cus_100064,3f8121a01f52,T1,100.00,,,1,domain_label,"{""domain_label"":""valladares524"",""name_norm"":""valladares s c"",""token_set_ratio"":100.0}",False,,False,1.0.0,worky_engine,2024-08-31
vitally,cus_100065,446b01c1b10d,T1,100.00,,,1,domain_label,"{""domain_label"":""villareal447"",""name_norm"":""villareal"",""token_set_ratio"":100.0}",False,,False,1.0.0,worky_engine,2024-08-31
vitally,cus_100066,d003a5126727,T1,100.00,,,1,domain_label,"{""domain_label"":""club442"",""name_norm"":""club santacruz valencia y casas"",""token_set_ratio"":100.0}",False,,False,1.0.0,worky_engine,2024-08-31
vitally,cus_100067,0aa90d008a95,T1,100.00,,,1,domain_label,"{""domain_label"":""club922"",""name_norm"":""club montemayor godoy"",""token_set_ratio"":100.0}",False,,False,1.0.0,worky_engine,2024-08-31
vitally,cus_100068,8c5f19b3b0d6,T1,100.00,,,1,domain_label,"{""domain_label"":""despacho303"",""name_norm"":""despacho amaya arevalo y reyna"",""token_set_ratio"":100.0}",False,,False,1.0.0,worky_engine,2024-08-31
vitally,cus_100069,dd8109cf375b,T1,100.00,,,1,domain_label,"{""domain_label"":""mendoza583"",""name_norm"":""mendoza a c"",""token_set_ratio"":100.0}",False,,False,1.0.0,worky_engine,2024-08-31
vitally,cus_100070,ea8725dcabb1,T1,100.00,,,1,domain_label,"{""domain_label"":""haro441"",""name_norm"":""haro bahena y alva"",""token_set_ratio"":100.0}",False,,False,1.0.0,worky_engine,2024-08-31
vitally,cus_100071,c14e78b458d1,T1,100.00,,,2,domain_label,"{""domain_label"":""proyectos485"",""name_norm"":""proyectos jaramillo santillan y solis"",""token_set_ratio"":100.0}",False,,False,1.0.0,worky_engine,2024-08-31
vitally,cus_100072,d16deb81827f,T1,100.00,,,1,domain_label,"{""domain_label"":""rangel96"",""name_norm"":""rangel"",""token_set_ratio"":100.0}",False,,False,1.0.0,worky_engine,2024-08-31
vitally,cus_100073,b2f4d7709dc0,T1,100.00,,,1,domain_label,"{""domain_label"":""grupo26"",""name_norm"":""grupo fonseca y galarza"",""token_set_ratio"":100.0}",False,,False,1.0.0,worky_engine,2024-08-31
vitally,cus_100074,4bfe1795911a,T1,100.00,,,1,domain_label,"{""domain_label"":""carrera425"",""name_norm"":""carrera y crespo"",""token_set_ratio"":100.0}",False,,False,1.0.0,worky_engine,2024-08-31
vitally,cus_100075,4b99f2dd30ed,T1,100.00,,,1,domain_label,"{""domain_label"":""parra250"",""name_norm"":""parra ybarra y menendez"",""token_set_ratio"":100.0}",False,,False,1.0.0,worky_engine,2024-08-31
vitally,cus_100076,523ef10f815e,T1,100.00,,,1,domain_label,"{""domain_label"":""menendez225"",""name_norm"":""menendez figueroa y corral"",""token_set_ratio"":100.0}",False,,False,1.0.0,worky_engine,2024-08-31
vitally,cus_100077,36fd3dae4ce6,T1,100.00,,,1,domain_label,"{""domain_label"":""lopez137"",""name_norm"":""lopez"",""token_set_ratio"":100.0}",False,,False,1.0.0,worky_engine,2024-08-31
vitally,cus_100078,49ecd60b845c,T1,100.00,,,1,domain_label,"{""domain_label"":""despacho973"",""name_norm"":""despacho olivarez ruelas"",""token_set_ratio"":100.0}",False,,False,1.0.0,worky_engine,2024-08-31
vitally,cus_100079,c564e6bc20a2,T1,100.00,,,1,domain_label,"{""domain_label"":""grupo457"",""name_norm"":""grupo carrasco toro y mora"",""token_set_ratio"":100.0}",False,,False,1.0.0,worky_engine,2024-08-31
vitally,cus_100080,531b08e15995,T1,100.00,,,1,domain_label,"{""domain_label"":""ojeda497"",""name_norm"":""ojeda rivas y roybal"",""token_set_ratio"":100.0}",False,,False,1.0.0,worky_engine,2024-08-31
vitally,cus_100081,cde501cb7a7d,T1,100.00,,,1,domain_label,"{""domain_label"":""miramontes279"",""name_norm"":""miramontes y zarate a c"",""token_set_ratio"":100.0}",False,,False,1.0.0,worky_engine,2024-08-31
vitally,cus_100082,db6aaecba31f,T1,100.00,,,1,domain_label,"{""domain_label"":""ferrerbernal393"",""name_norm"":""ferrer bernal"",""token_set_ratio"":100.0}",False,,False,1.0.0,worky_engine,2024-08-31
vitally,cus_100083,e883c54c8ca8,T1,100.00,,,1,domain_label,"{""domain_label"":""de478"",""name_norm"":""de la cruz garcia y carrillo"",""token_set_ratio"":100.0}",False,,False,1.0.0,worky_engine,2024-08-31
vitally,cus_100084,a323d4abf458,T1,100.00,,,1,domain_label,"{""domain_label"":""carrillo21"",""name_norm"":""carrillo s c"",""token_set_ratio"":100.0}",False,,False,1.0.0,worky_engine,2024-08-31
vitally,cus_100085,4196ef66325f,T1,100.00,,,1,domain_label,"{""domain_label"":""laboratorios874"",""name_norm"":""laboratorios herrera y rodriguez"",""token_set_ratio"":100.0}",False,,False,1.0.0,worky_engine,2024-08-31
vitally,cus_100086,794d03d90ea6,T1,100.00,,,1,domain_label,"{""domain_label"":""rosasvarela500"",""name_norm"":""rosas varela"",""token_set_ratio"":100.0}",False,,False,1.0.0,worky_engine,2024-08-31
vitally,cus_100087,16541ff794fd,T1,100.00,,,1,domain_label,"{""domain_label"":""raya696"",""name_norm"":""raya"",""token_set_ratio"":100.0}",False,,False,1.0.0,worky_engine,2024-08-31
vitally,cus_100088,87653c642368,T1,100.00,,,1,domain_label,"{""domain_label"":""muniz547"",""name_norm"":""muniz y cedillo"",""token_set_ratio"":100.0}",False,,False,1.0.0,worky_engine,2024-08-31
vitally,cus_100089,32abb429e0d8,T1,100.00,,,1,domain_label,"{""domain_label"":""riostijerina439"",""name_norm"":""rios tijerina"",""token_set_ratio"":100.0}",False,,False,1.0.0,worky_engine,2024-08-31
vitally,cus_100090,c12476e908d2,T1,100.00,,,1,domain_label,"{""domain_label"":""club335"",""name_norm"":""club gil razo"",""token_set_ratio"":100.0}",False,,False,1.0.0,worky_engine,2024-08-31
vitally,cus_100091,c92187f76a50,T1,100.00,,,1,domain_label,"{""domain_label"":""club855"",""name_norm"":""club maya vergara"",""token_set_ratio"":100.0}",False,,False,1.0.0,worky_engine,2024-08-31
vitally,cus_100092,1657dbc3746e,T1,100.00,,,1,domain_label,"{""domain_label"":""laboratorios666"",""name_norm"":""laboratorios briseno toledo y salgado"",""token_set_ratio"":100.0}",False,,False,1.0.0,worky_engine,2024-08-31
vitally,cus_100093,cfa499631566,T1,100.00,,,1,domain_label,"{""domain_label"":""cervantesesq157"",""name_norm"":""cervantes esquibel"",""token_set_ratio"":100.0}",False,,False,1.0.0,worky_engine,2024-08-31
vitally,cus_100094,3d3cf29f1b67,T1,100.00,,,1,domain_label,"{""domain_label"":""proyectos717"",""name_norm"":""proyectos escobar vigil"",""token_set_ratio"":100.0}",False,,False,1.0.0,worky_engine,2024-08-31
vitally,cus_100095,4b4752da4a83,T1,100.00,,,1,domain_label,"{""domain_label"":""florezmonroy988"",""name_norm"":""florez monroy"",""token_set_ratio"":100.0}",False,,False,1.0.0,worky_engine,2024-08-31
vitally,cus_100096,699ff55001cc,T1,100.00,,,1,domain_label,"{""domain_label"":""casarez930"",""name_norm"":""casarez carvajal y laboy"",""token_set_ratio"":100.0}",False,,False,1.0.0,worky_engine,2024-08-31
vitally,cus_100097,6de6d67a878e,T1,100.00,,,1,domain_label,"{""domain_label"":""camachoperal851"",""name_norm"":""camacho perales"",""token_set_ratio"":100.0}",False,,False,1.0.0,worky_engine,2024-08-31
vitally,cus_100098,3764f7701b9c,T1,100.00,,,1,domain_label,"{""domain_label"":""garibaytejed816"",""name_norm"":""garibay tejeda s r l de c v"",""token_set_ratio"":100.0}",False,,False,1.0.0,worky_engine,2024-08-31
vitally,cus_100099,695d5be4f470,T1,100.00,,,1,domain_label,"{""domain_label"":""industrias519"",""name_norm"":""industrias baca y camarillo"",""token_set_ratio"":100.0}",False,,False,1.0.0,worky_engine,2024-08-31
vitally,cus_100100,d6eff0593968,T1,100.00,,,1,domain_label,"{""domain_label"":""grupo444"",""name_norm"":""grupo hinojosa y mojica"",""token_set_ratio"":100.0}",False,,False,1.0.0,worky_engine,2024-08-31
vitally,cus_100101,63a717661ec6,T1,100.00,,,1,domain_label,"{""domain_label"":""venegas277"",""name_norm"":""venegas cantu y munguia"",""token_set_ratio"":100.0}",False,,False,1.0.0,worky_engine,2024-08-31
vitally,cus_100102,09a2a58e60b9,T1,100.00,,,1,domain_label,"{""domain_label"":""industrias331"",""name_norm"":""industrias ramos tejeda"",""token_set_ratio"":100.0}",False,,False,1.0.0,worky_engine,2024-08-31
vitally,cus_100103,79dd57fbb9d2,T1,100.00,,,1,domain_label,"{""domain_label"":""club769"",""name_norm"":""club villalobos renteria y quintana"",""token_set_ratio"":100.0}",False,,False,1.0.0,worky_engine,2024-08-31
vitally,cus_100104,e75f33c9ed23,T1,100.00,,,1,domain_label,"{""domain_label"":""grupo872"",""name_norm"":""grupo covarrubias y cruz"",""token_set_ratio"":100.0}",False,,False,1.0.0,worky_engine,2024-08-31
vitally,cus_100105,705ac77b56d1,T1,100.00,,,1,domain_label,"{""domain_label"":""olmos287"",""name_norm"":""olmos y lozano s c"",""token_set_ratio"":100.0}",False,,False,1.0.0,worky_engine,2024-08-31
vitally,cus_100106,34a9ffde0fc0,T1,100.00,,,1,domain_label,"{""domain_label"":""bermudezsanc417"",""name_norm"":""bermudez sanchez s c"",""token_set_ratio"":100.0}",False,,False,1.0.0,worky_engine,2024-08-31
vitally,cus_100107,9e27ccf7896b,T1,100.00,,,1,domain_label,"{""domain_label"":""santana812"",""name_norm"":""santana"",""token_set_ratio"":100.0}",False,,False,1.0.0,worky_engine,2024-08-31
vitally,cus_100108,2046e13bb328,T1,100.00,,,1,domain_label,"{""domain_label"":""collazofrias680"",""name_norm"":""collazo frias"",""token_set_ratio"":100.0}",False,,False,1.0.0,worky_engine,2024-08-31
vitally,cus_100109,9690176b3350,T1,100.00,,,1,domain_label,"{""domain_label"":""britoalvarad564"",""name_norm"":""brito alvarado"",""token_set_ratio"":100.0}",False,,False,1.0.0,worky_engine,2024-08-31
vitally,cus_100110,52584d35f5ce,T1,100.00,,,1,domain_label,"{""domain_label"":""industrias124"",""name_norm"":""industrias puente y tello"",""token_set_ratio"":100.0}",False,,False,1.0.0,worky_engine,2024-08-31
vitally,cus_100111,d375384bf8bc,T1,100.00,,,1,domain_label,"{""domain_label"":""prieto222"",""name_norm"":""prieto y guardado"",""token_set_ratio"":100.0}",False,,False,1.0.0,worky_engine,2024-08-31
vitally,cus_100112,f278c285db4a,T1,100.00,,,2,domain_label,"{""domain_label"":""club290"",""name_norm"":""club espinoza y magana"",""token_set_ratio"":100.0}",False,,False,1.0.0,worky_engine,2024-08-31
vitally,cus_100113,a99b55b3b218,T1,100.00,,,1,domain_label,"{""domain_label"":""bermudezlira726"",""name_norm"":""bermudez lira"",""token_set_ratio"":100.0}",False,,False,1.0.0,worky_engine,2024-08-31
vitally,cus_100114,566ce673d067,T1,100.00,,,1,domain_label,"{""domain_label"":""valdezmanzan967"",""name_norm"":""valdez manzanares a c"",""token_set_ratio"":100.0}",False,,False,1.0.0,worky_engine,2024-08-31
vitally,cus_100115,2b4be83e1c60,T1,100.00,,,1,domain_label,"{""domain_label"":""laboratorios491"",""name_norm"":""laboratorios rocha casas"",""token_set_ratio"":100.0}",False,,False,1.0.0,worky_engine,2024-08-31
vitally,cus_100116,3dec1c7194aa,T1,100.00,,,1,domain_label,"{""domain_label"":""cuellarfonse842"",""name_norm"":""cuellar fonseca"",""token_set_ratio"":100.0}",False,,False,1.0.0,worky_engine,2024-08-31
vitally,cus_100117,1d87384d7c5c,T1,100.00,,,1,domain_label,"{""domain_label"":""despacho153"",""name_norm"":""despacho ochoa y vega"",""token_set_ratio"":100.0}",False,,False,1.0.0,worky_engine,2024-08-31
vitally,cus_100118,c80df26f0cb2,T1,100.00,,,1,domain_label,"{""domain_label"":""campos621"",""name_norm"":""campos y solano s a"",""token_set_ratio"":100.0}",False,,False,1.0.0,worky_engine,2024-08-31
vitally,cus_100119,1ece7b99e449,T1,100.00,,,1,domain_label,"{""domain_label"":""miramontesma881"",""name_norm"":""miramontes madera"",""token_set_ratio"":100.0}",False,,False,1.0.0,worky_engine,2024-08-31
vitally,cus_100120,76352359fd43,T1,100.00,,,1,domain_label,"{""domain_label"":""laboratorios102"",""name_norm"":""laboratorios velasquez aponte"",""token_set_ratio"":100.0}",False,,False,1.0.0,worky_engine,2024-08-31
vitally,cus_100121,201dacb5b332,T1,100.00,,,1,domain_label,"{""domain_label"":""ojeda246"",""name_norm"":""ojeda carbajal y venegas"",""token_set_ratio"":100.0}",False,,False,1.0.0,worky_engine,2024-08-31
vitally,cus_100122,2d38af661686,T1,100.00,,,1,domain_label,"{""domain_label"":""aragon609"",""name_norm"":""aragon y monroy a c"",""token_set_ratio"":100.0}",False,,False,1.0.0,worky_engine,2024-08-31
vitally,cus_100123,5c7bb90cf33d,T1,100.00,,,1,domain_label,"{""domain_label"":""meraz881"",""name_norm"":""meraz ordonez y anaya"",""token_set_ratio"":100.0}",False,,False,1.0.0,worky_engine,2024-08-31
vitally,cus_100124,c906fcd56eec,T1,100.00,,,1,domain_label,"{""domain_label"":""duran824"",""name_norm"":""duran y carrillo s r l de c v"",""token_set_ratio"":100.0}",False,,False,1.0.0,worky_engine,2024-08-31
vitally,cus_100125,062df55dccb8,T1,100.00,,,1,domain_label,"{""domain_label"":""grupo847"",""name_norm"":""grupo alva linares y mendoza"",""token_set_ratio"":100.0}",False,,False,1.0.0,worky_engine,2024-08-31
vitally,cus_100126,1197d211e7e1,T1,100.00,,,1,domain_label,"{""domain_label"":""club450"",""name_norm"":""club anaya valencia"",""token_set_ratio"":100.0}",False,,False,1.0.0,worky_engine,2024-08-31
vitally,cus_100127,565904aa901f,T1,100.00,,,1,domain_label,"{""domain_label"":""valenciaguar553"",""name_norm"":""valencia guardado"",""token_set_ratio"":100.0}",False,,False,1.0.0,worky_engine,2024-08-31
vitally,cus_100128,bb332bfd6480,T1,100.00,,,1,domain_label,"{""domain_label"":""resendez257"",""name_norm"":""resendez"",""token_set_ratio"":100.0}",False,,False,1.0.0,worky_engine,2024-08-31
vitally,cus_100129,f51f42af8a26,T1,100.00,,,1,domain_label,"{""domain_label"":""mayorgacoron974"",""name_norm"":""mayorga corona"",""token_set_ratio"":100.0}",False,,False,1.0.0,worky_engine,2024-08-31
vitally,cus_100130,a6735df00d27,T1,100.00,,,1,domain_label,"{""domain_label"":""apodacapuga453"",""name_norm"":""apodaca puga"",""token_set_ratio"":100.0}",False,,False,1.0.0,worky_engine,2024-08-31
vitally,cus_100131,7c9b0514c9d6,T1,100.00,,,1,domain_label,"{""domain_label"":""lebronalonso482"",""name_norm"":""lebron alonso"",""token_set_ratio"":100.0}",False,,False,1.0.0,worky_engine,2024-08-31
vitally,cus_100132,7a5802bb88f1,T1,100.00,,,1,domain_label,"{""domain_label"":""serrato422"",""name_norm"":""serrato acosta y granados"",""token_set_ratio"":100.0}",False,,False,1.0.0,worky_engine,2024-08-31
vitally,cus_100133,0b632556c614,T1,100.00,,,1,domain_label,"{""domain_label"":""pizarro466"",""name_norm"":""pizarro s a"",""token_set_ratio"":100.0}",False,,False,1.0.0,worky_engine,2024-08-31
vitally,cus_100134,179d97e50dff,T1,100.00,,,1,domain_label,"{""domain_label"":""munizguardad845"",""name_norm"":""muniz guardado"",""token_set_ratio"":100.0}",False,,False,1.0.0,worky_engine,2024-08-31
vitally,cus_100135,8fd0cb9bb127,T1,100.00,,,1,domain_label,"{""domain_label"":""marinperez638"",""name_norm"":""marin perez"",""token_set_ratio"":100.0}",False,,False,1.0.0,worky_engine,2024-08-31
vitally,cus_100136,cced8c3d305b,T1,100.00,,,1,domain_label,"{""domain_label"":""ruelas563"",""name_norm"":""ruelas lugo y camacho"",""token_set_ratio"":100.0}",False,,False,1.0.0,worky_engine,2024-08-31
vitally,cus_100137,247338856c13,T1,100.00,,,1,domain_label,"{""domain_label"":""industrias997"",""name_norm"":""industrias arellano cedillo"",""token_set_ratio"":100.0}",False,,False,1.0.0,worky_engine,2024-08-31
vitally,cus_100138,e7259d79b184,T1,100.00,,,1,domain_label,"{""domain_label"":""curielvalent418"",""name_norm"":""curiel valentin"",""token_set_ratio"":100.0}",False,,False,1.0.0,worky_engine,2024-08-31
vitally,cus_100139,5aadc6d9beb8,T1,100.00,,,1,domain_label,"{""domain_label"":""grupo853"",""name_norm"":""grupo bahena y barragan"",""token_set_ratio"":100.0}",False,,False,1.0.0,worky_engine,2024-08-31
vitally,cus_100140,659b8fb24c41,T1,100.00,,,1,domain_label,"{""domain_label"":""laboratorios855"",""name_norm"":""laboratorios salas y carrera"",""token_set_ratio"":100.0}",False,,False,1.0.0,worky_engine,2024-08-31
vitally,cus_100141,dbad5cfaab50,T1,100.00,,,1,domain_label,"{""domain_label"":""proyectos944"",""name_norm"":""proyectos leal casares y galvan"",""token_set_ratio"":100.0}",False,,False,1.0.0,worky_engine,2024-08-31
vitally,cus_100142,f08eb23cc0db,T1,100.00,,,1,domain_label,"{""domain_label"":""puente792"",""name_norm"":""puente"",""token_set_ratio"":100.0}",False,,False,1.0.0,worky_engine,2024-08-31
vitally,cus_100143,3280fc910c85,T1,100.00,,,2,domain_label,"{""domain_label"":""club290"",""name_norm"":""club guillen y serrato"",""token_set_ratio"":100.0}",False,,False,1.0.0,worky_engine,2024-08-31
vitally,cus_100144,75e57a3efe0c,T1,100.00,,,1,domain_label,"{""domain_label"":""paredesangul458"",""name_norm"":""paredes angulo"",""token_set_ratio"":100.0}",False,,False,1.0.0,worky_engine,2024-08-31
vitally,cus_100145,766e960f8f0e,T1,100.00,,,1,domain_label,"{""domain_label"":""sotelo467"",""name_norm"":""sotelo montemayor y vasquez"",""token_set_ratio"":100.0}",False,,False,1.0.0,worky_engine,2024-08-31
vitally,cus_100146,6e9112a3a693,T1,100.00,,,1,domain_label,"{""domain_label"":""polancoteran45"",""name_norm"":""polanco teran"",""token_set_ratio"":100.0}",False,,False,1.0.0,worky_engine,2024-08-31
vitally,cus_100147,3499a7868775,T1,100.00,,,1,domain_label,"{""domain_label"":""corona812"",""name_norm"":""corona y gaytan s c"",""token_set_ratio"":100.0}",False,,False,1.0.0,worky_engine,2024-08-31
vitally,cus_100148,4036aa344034,T1,100.00,,,1,domain_label,"{""domain_label"":""corporacin340"",""name_norm"":""corporacin madrigal lozano"",""token_set_ratio"":100.0}",False,,False,1.0.0,worky_engine,2024-08-31
vitally,cus_100149,d57e35ff96ea,T1,100.00,,,1,domain_label,"{""domain_label"":""velizmatias148"",""name_norm"":""veliz matias"",""token_set_ratio"":100.0}",False,,False,1.0.0,worky_engine,2024-08-31
vitally,cus_100150,8fcd350ed2a1,T1,100.00,,,1,domain_label,"{""domain_label"":""munoz710"",""name_norm"":""munoz a c"",""token_set_ratio"":100.0}",False,,False,1.0.0,worky_engine,2024-08-31
vitally,cus_100151,0d6202950750,T1,100.00,,,1,domain_label,"{""domain_label"":""narvaezcasil978"",""name_norm"":""narvaez casillas s r l de c v"",""token_set_ratio"":100.0}",False,,False,1.0.0,worky_engine,2024-08-31
vitally,cus_100152,58660e0d4e6c,T1,100.00,,,1,domain_label,"{""domain_label"":""industrias647"",""name_norm"":""industrias cedillo olvera"",""token_set_ratio"":100.0}",False,,False,1.0.0,worky_engine,2024-08-31
vitally,cus_100153,b514dcb01651,T1,100.00,,,1,domain_label,"{""domain_label"":""despacho721"",""name_norm"":""despacho aranda corona y guzman"",""token_set_ratio"":100.0}",False,,False,1.0.0,worky_engine,2024-08-31
vitally,cus_100154,267f7ba8567b,T1,100.00,,,1,domain_label,"{""domain_label"":""rivero816"",""name_norm"":""rivero arroyo y guevara"",""token_set_ratio"":100.0}",False,,False,1.0.0,worky_engine,2024-08-31
vitally,cus_100155,d3325cc67acf,T1,100.00,,,1,domain_label,"{""domain_label"":""laboratorios422"",""name_norm"":""laboratorios marin del rio y garrido"",""token_set_ratio"":100.0}",False,,False,1.0.0,worky_engine,2024-08-31
vitally,cus_100156,f618418fca35,T1,100.00,,,1,domain_label,"{""domain_label"":""grupo935"",""name_norm"":""grupo montoya canales"",""token_set_ratio"":100.0}",False,,False,1.0.0,worky_engine,2024-08-31
vitally,cus_100157,bee384ef88de,T1,100.00,,,1,domain_label,"{""domain_label"":""barajasregal683"",""name_norm"":""barajas regalado"",""token_set_ratio"":100.0}",False,,False,1.0.0,worky_engine,2024-08-31
vitally,cus_100158,0a2107e049f9,T1,100.00,,,1,domain_label,"{""domain_label"":""chapa453"",""name_norm"":""chapa s c"",""token_set_ratio"":100.0}",False,,False,1.0.0,worky_engine,2024-08-31
vitally,cus_100159,517840039522,T1,100.00,,,1,domain_label,"{""domain_label"":""corporacin866"",""name_norm"":""corporacin tejeda baeza"",""token_set_ratio"":100.0}",False,,False,1.0.0,worky_engine,2024-08-31
vitally,cus_100160,07834c81ea07,T1,100.00,,,1,domain_label,"{""domain_label"":""covarrubiasr586"",""name_norm"":""covarrubias rosario"",""token_set_ratio"":100.0}",False,,False,1.0.0,worky_engine,2024-08-31
vitally,cus_100161,e79544859377,T1,100.00,,,1,domain_label,"{""domain_label"":""malavedelgad406"",""name_norm"":""malave delgado"",""token_set_ratio"":100.0}",False,,False,1.0.0,worky_engine,2024-08-31
vitally,cus_100162,43aa39bba634,T1,100.00,,,1,domain_label,"{""domain_label"":""grupo764"",""name_norm"":""grupo gastelum manzanares y lira"",""token_set_ratio"":100.0}",False,,False,1.0.0,worky_engine,2024-08-31
vitally,cus_100163,5ad0321274f2,T1,100.00,,,1,domain_label,"{""domain_label"":""industrias652"",""name_norm"":""industrias pacheco y correa"",""token_set_ratio"":100.0}",False,,False,1.0.0,worky_engine,2024-08-31
vitally,cus_100164,5d3997bae226,T1,100.00,,,1,domain_label,"{""domain_label"":""duenas100"",""name_norm"":""duenas s r l de c v"",""token_set_ratio"":100.0}",False,,False,1.0.0,worky_engine,2024-08-31
vitally,cus_100165,811e0b829afa,T1,100.00,,,1,domain_label,"{""domain_label"":""sotocanales750"",""name_norm"":""soto canales"",""token_set_ratio"":100.0}",False,,False,1.0.0,worky_engine,2024-08-31
vitally,cus_100166,0b42fd3d0ae2,T1,100.00,,,1,domain_label,"{""domain_label"":""collazopriet206"",""name_norm"":""collazo prieto"",""token_set_ratio"":100.0}",False,,False,1.0.0,worky_engine,2024-08-31
vitally,cus_100167,5020089d9965,T1,100.00,,,1,domain_label,"{""domain_label"":""corporacin851"",""name_norm"":""corporacin solorzano ramirez y zavala"",""token_set_ratio"":100.0}",False,,False,1.0.0,worky_engine,2024-08-31
vitally,cus_100168,21f411028416,T1,100.00,,,1,domain_label,"{""domain_label"":""proyectos892"",""name_norm"":""proyectos garibay espinosa"",""token_set_ratio"":100.0}",False,,False,1.0.0,worky_engine,2024-08-31
vitally,cus_100169,89399b82116c,T1,100.00,,,1,domain_label,"{""domain_label"":""valenzuelaro742"",""name_norm"":""valenzuela rodriquez"",""token_set_ratio"":100.0}",False,,False,1.0.0,worky_engine,2024-08-31
vitally,cus_100170,d996f9b6f1f8,T1,100.00,,,1,domain_label,"{""domain_label"":""proyectos15"",""name_norm"":""proyectos armenta holguin y rubio"",""token_set_ratio"":100.0}",False,,False,1.0.0,worky_engine,2024-08-31
vitally,cus_100171,419e91f90223,T1,100.00,,,1,domain_label,"{""domain_label"":""despacho391"",""name_norm"":""despacho garrido quintana"",""token_set_ratio"":100.0}",False,,False,1.0.0,worky_engine,2024-08-31
vitally,cus_100172,b3a24e63f76b,T1,100.00,,,1,domain_label,"{""domain_label"":""apodacasauce906"",""name_norm"":""apodaca saucedo s a"",""token_set_ratio"":100.0}",False,,False,1.0.0,worky_engine,2024-08-31
vitally,cus_100173,396128940af3,T1,100.00,,,1,domain_label,"{""domain_label"":""pacheco844"",""name_norm"":""pacheco granados y espinosa"",""token_set_ratio"":100.0}",False,,False,1.0.0,worky_engine,2024-08-31
vitally,cus_100174,6cf7fe3272fc,T1,100.00,,,1,domain_label,"{""domain_label"":""proyectos312"",""name_norm"":""proyectos miramontes santiago y quesada"",""token_set_ratio"":100.0}",False,,False,1.0.0,worky_engine,2024-08-31
vitally,cus_100175,7c22a127f33f,T1,100.00,,,1,domain_label,"{""domain_label"":""grupo465"",""name_norm"":""grupo patino huerta y tafoya"",""token_set_ratio"":100.0}",False,,False,1.0.0,worky_engine,2024-08-31
vitally,cus_100176,84b433c4b3b9,T1,100.00,,,1,domain_label,"{""domain_label"":""proyectos671"",""name_norm"":""proyectos ramos y cazares"",""token_set_ratio"":100.0}",False,,False,1.0.0,worky_engine,2024-08-31
vitally,cus_100177,d34f4904aa84,T1,100.00,,,1,domain_label,"{""domain_label"":""apariciogari380"",""name_norm"":""aparicio garica"",""token_set_ratio"":100.0}",False,,False,1.0.0,worky_engine,2024-08-31
vitally,cus_100178,7098e946d95f,T1,100.00,,,1,domain_label,"{""domain_label"":""laboratorios703"",""name_norm"":""laboratorios leyva y ojeda"",""token_set_ratio"":100.0}",False,,False,1.0.0,worky_engine,2024-08-31
vitally,cus_100179,62f2df8d7d2e,T1,100.00,,,1,domain_label,"{""domain_label"":""nazario283"",""name_norm"":""nazario almaraz y sandoval"",""token_set_ratio"":100.0}",False,,False,1.0.0,worky_engine,2024-08-31
vitally,cus_100180,8d7b0e3ccc06,T1,100.00,,,1,domain_label,"{""domain_label"":""naranjo655"",""name_norm"":""naranjo de c v"",""token_set_ratio"":100.0}",False,,False,1.0.0,worky_engine,2024-08-31
vitally,cus_100181,b743d34f10a8,T1,100.00,,,1,domain_label,"{""domain_label"":""otero211"",""name_norm"":""otero y ontiveros"",""token_set_ratio"":100.0}",False,,False,1.0.0,worky_engine,2024-08-31
vitally,cus_100182,69a9c5b9b867,T1,100.00,,,1,domain_label,"{""domain_label"":""laboratorios793"",""name_norm"":""laboratorios briseno esparza"",""token_set_ratio"":100.0}",False,,False,1.0.0,worky_engine,2024-08-31
vitally,cus_100183,55d38d912444,T1,100.00,,,1,domain_label,"{""domain_label"":""club257"",""name_norm"":""club cotto flores y chavarria"",""token_set_ratio"":100.0}",False,,False,1.0.0,worky_engine,2024-08-31
vitally,cus_100184,92b7a8a7cdc7,T1,100.00,,,1,domain_label,"{""domain_label"":""grupo367"",""name_norm"":""grupo castellanos loya y tamayo"",""token_set_ratio"":100.0}",False,,False,1.0.0,worky_engine,2024-08-31
vitally,cus_100185,772649d900e7,T1,100.00,,,1,domain_label,"{""domain_label"":""club130"",""name_norm"":""club mejia carrera"",""token_set_ratio"":100.0}",False,,False,1.0.0,worky_engine,2024-08-31
vitally,cus_100186,eb78824cdc91,T1,100.00,,,1,domain_label,"{""domain_label"":""marroquin797"",""name_norm"":""marroquin leiva y maya"",""token_set_ratio"":100.0}",False,,False,1.0.0,worky_engine,2024-08-31
vitally,cus_100187,3f52261ca656,T1,100.00,,,1,domain_label,"{""domain_label"":""crespo745"",""name_norm"":""crespo y borrego s r l de c v"",""token_set_ratio"":100.0}",False,,False,1.0.0,worky_engine,2024-08-31
vitally,cus_100188,aa6b09af8aaf,T1,100.00,,,1,domain_label,"{""domain_label"":""industrias868"",""name_norm"":""industrias ceballos lozada y nava"",""token_set_ratio"":100.0}",False,,False,1.0.0,worky_engine,2024-08-31
vitally,cus_100189,a888ac2fc626,T1,100.00,,,1,domain_label,"{""domain_label"":""despacho623"",""name_norm"":""despacho ontiveros montanez y colon"",""token_set_ratio"":100.0}",False,,False,1.0.0,worky_engine,2024-08-31
vitally,cus_100190,780a87c8c2a0,T1,100.00,,,1,domain_label,"{""domain_label"":""proyectos730"",""name_norm"":""proyectos padron saavedra y solis"",""token_set_ratio"":100.0}",False,,False,1.0.0,worky_engine,2024-08-31
vitally,cus_100191,b24de45006f0,T1,100.00,,,1,domain_label,"{""domain_label"":""corporacin441"",""name_norm"":""corporacin ruelas feliciano"",""token_set_ratio"":100.0}",False,,False,1.0.0,worky_engine,2024-08-31
vitally,cus_100192,742b497d49d8,T1,100.00,,,1,domain_label,"{""domain_label"":""batistade887"",""name_norm"":""batista de leon s r l de c v"",""token_set_ratio"":100.0}",False,,False,1.0.0,worky_engine,2024-08-31
vitally,cus_100193,f43c5b31b192,T1,100.00,,,1,domain_label,"{""domain_label"":""acosta409"",""name_norm"":""acosta a c"",""token_set_ratio"":100.0}",False,,False,1.0.0,worky_engine,2024-08-31
vitally,cus_100194,a2b85136e7b2,T1,100.00,,,1,domain_label,"{""domain_label"":""avila977"",""name_norm"":""avila palomo y pizarro"",""token_set_ratio"":100.0}",False,,False,1.0.0,worky_engine,2024-08-31
vitally,cus_100195,651fe741fa3d,T1,100.00,,,1,domain_label,"{""domain_label"":""duran99"",""name_norm"":""duran s c"",""token_set_ratio"":100.0}",False,,False,1.0.0,worky_engine,2024-08-31
vitally,cus_100196,76bafd451e9e,T1,100.00,,,1,domain_label,"{""domain_label"":""ayala338"",""name_norm"":""ayala valle y fuentes"",""token_set_ratio"":100.0}",False,,False,1.0.0,worky_engine,2024-08-31
vitally,cus_100197,34c5037c1d22,T1,100.00,,,1,domain_label,"{""domain_label"":""industrias53"",""name_norm"":""industrias arce renteria"",""token_set_ratio"":100.0}",False,,False,1.0.0,worky_engine,2024-08-31
vitally,cus_100198,cc7284c118af,T1,100.00,,,1,domain_label,"{""domain_label"":""menchacaestr673"",""name_norm"":""menchaca estrada s a"",""token_set_ratio"":100.0}",False,,False,1.0.0,worky_engine,2024-08-31
vitally,cus_100199,f2bfbed8aeda,T1,100.00,,,1,domain_label,"{""domain_label"":""club118"",""name_norm"":""club torres trujillo"",""token_set_ratio"":100.0}",False,,False,1.0.0,worky_engine,2024-08-31
vitally,cus_100200,7d5032d842ab,T1,100.00,,,1,domain_label,"{""domain_label"":""grupo629"",""name_norm"":""grupo arellano luna"",""token_set_ratio"":100.0}",False,,False,1.0.0,worky_engine,2024-08-31
vitally,cus_100201,0f9a82123cbe,T1,100.00,,,1,domain_label,"{""domain_label"":""elizondoverg185"",""name_norm"":""elizondo vergara s a"",""token_set_ratio"":100.0}",False,,False,1.0.0,worky_engine,2024-08-31
vitally,cus_100202,3a6d440d0d78,T1,100.00,,,1,domain_label,"{""domain_label"":""corporacin580"",""name_norm"":""corporacin carrero duran"",""token_set_ratio"":100.0}",False,,False,1.0.0,worky_engine,2024-08-31
vitally,cus_100203,108f213736fb,T1,100.00,,,1,domain_label,"{""domain_label"":""proyectos386"",""name_norm"":""proyectos amaya y osorio"",""token_set_ratio"":100.0}",False,,False,1.0.0,worky_engine,2024-08-31
vitally,cus_100204,b16fd3de8400,T1,100.00,,,1,domain_label,"{""domain_label"":""corporacin611"",""name_norm"":""corporacin armendariz sepulveda y villagomez"",""token_set_ratio"":100.0}",False,,False,1.0.0,worky_engine,2024-08-31
vitally,cus_100205,6ea450b057ac,T1,100.00,,,1,domain_label,"{""domain_label"":""toro84"",""name_norm"":""toro valentin y villareal"",""token_set_ratio"":100.0}",False,,False,1.0.0,worky_engine,2024-08-31
vitally,cus_100206,9d8fc5e5d801,T1,100.00,,,1,domain_label,"{""domain_label"":""madrigal280"",""name_norm"":""madrigal pacheco y malave"",""token_set_ratio"":100.0}",False,,False,1.0.0,worky_engine,2024-08-31
vitally,cus_100207,1db97fc7c4a3,T1,100.00,,,1,domain_label,"{""domain_label"":""aguileramato695"",""name_norm"":""aguilera matos"",""token_set_ratio"":100.0}",False,,False,1.0.0,worky_engine,2024-08-31
vitally,cus_100208,068871d26770,T1,100.00,,,1,domain_label,"{""domain_label"":""laboratorios614"",""name_norm"":""laboratorios valdivia ornelas"",""token_set_ratio"":100.0}",False,,False,1.0.0,worky_engine,2024-08-31
vitally,cus_100209,572855d81626,T1,100.00,,,1,domain_label,"{""domain_label"":""ceballosreyn297"",""name_norm"":""ceballos reyna s c"",""token_set_ratio"":100.0}",False,,False,1.0.0,worky_engine,2024-08-31
vitally,cus_100210,78d1aed426c1,T1,100.00,,,1,domain_label,"{""domain_label"":""zambranonava390"",""name_norm"":""zambrano navarrete"",""token_set_ratio"":100.0}",False,,False,1.0.0,worky_engine,2024-08-31
vitally,cus_100211,c6699f5bce6f,T1,100.00,,,1,domain_label,"{""domain_label"":""proyectos407"",""name_norm"":""proyectos acevedo y rendon"",""token_set_ratio"":100.0}",False,,False,1.0.0,worky_engine,2024-08-31
vitally,cus_100212,7700c04b25c9,T1,100.00,,,1,domain_label,"{""domain_label"":""industrias440"",""name_norm"":""industrias abreu y granado"",""token_set_ratio"":100.0}",False,,False,1.0.0,worky_engine,2024-08-31
vitally,cus_100213,6dd0a835084b,T1,100.00,,,1,domain_label,"{""domain_label"":""cavazos22"",""name_norm"":""cavazos zavala y villareal"",""token_set_ratio"":100.0}",False,,False,1.0.0,worky_engine,2024-08-31
vitally,cus_100214,afea25b3f304,T1,100.00,,,1,domain_label,"{""domain_label"":""herreradelga448"",""name_norm"":""herrera delgadillo"",""token_set_ratio"":100.0}",False,,False,1.0.0,worky_engine,2024-08-31
vitally,cus_100215,5c5dbbe39468,T1,100.00,,,1,domain_label,"{""domain_label"":""trejo406"",""name_norm"":""trejo y aparicio"",""token_set_ratio"":100.0}",False,,False,1.0.0,worky_engine,2024-08-31
vitally,cus_100216,acef081a80f0,T1,100.00,,,1,domain_label,"{""domain_label"":""cornejonavar649"",""name_norm"":""cornejo navarrete s a"",""token_set_ratio"":100.0}",False,,False,1.0.0,worky_engine,2024-08-31
vitally,cus_100217,d8222a570c5e,T1,100.00,,,1,domain_label,"{""domain_label"":""grupo982"",""name_norm"":""grupo burgos y alba"",""token_set_ratio"":100.0}",False,,False,1.0.0,worky_engine,2024-08-31
vitally,cus_100218,29c00e13c4e6,T1,100.00,,,3,domain_label,"{""domain_label"":""grupo157"",""name_norm"":""grupo tijerina ponce y mares"",""token_set_ratio"":100.0}",False,,False,1.0.0,worky_engine,2024-08-31
vitally,cus_100219,20eb324cdfc6,T1,100.00,,,1,domain_label,"{""domain_label"":""industrias773"",""name_norm"":""industrias cotto renteria y de la garza"",""token_set_ratio"":100.0}",False,,False,1.0.0,worky_engine,2024-08-31
vitally,cus_100220,0d4cd09dfa99,T1,100.00,,,1,domain_label,"{""domain_label"":""negreteacost885"",""name_norm"":""negrete acosta"",""token_set_ratio"":100.0}",False,,False,1.0.0,worky_engine,2024-08-31
vitally,cus_100221,5cb37febc3b4,T1,100.00,,,1,domain_label,"{""domain_label"":""jassorangel311"",""name_norm"":""jasso rangel"",""token_set_ratio"":100.0}",False,,False,1.0.0,worky_engine,2024-08-31
vitally,cus_100222,68f66e743a15,T1,100.00,,,1,domain_label,"{""domain_label"":""pulidoolivar463"",""name_norm"":""pulido olivarez"",""token_set_ratio"":100.0}",False,,False,1.0.0,worky_engine,2024-08-31
vitally,cus_100223,8a087810c878,T1,100.00,,,1,domain_label,"{""domain_label"":""peres609"",""name_norm"":""peres contreras y valdez"",""token_set_ratio"":100.0}",False,,False,1.0.0,worky_engine,2024-08-31
vitally,cus_100224,868d321ac39e,T1,100.00,,,1,domain_label,"{""domain_label"":""de931"",""name_norm"":""de jesus y campos"",""token_set_ratio"":100.0}",False,,False,1.0.0,worky_engine,2024-08-31
vitally,cus_100225,2dee62dca080,T1,100.00,,,1,domain_label,"{""domain_label"":""serna462"",""name_norm"":""serna y anaya"",""token_set_ratio"":100.0}",False,,False,1.0.0,worky_engine,2024-08-31
vitally,cus_100226,7cf052e41458,T1,100.00,,,1,domain_label,"{""domain_label"":""berrios725"",""name_norm"":""berrios carranza y nazario"",""token_set_ratio"":100.0}",False,,False,1.0.0,worky_engine,2024-08-31
vitally,cus_100227,13d2b5cf6ea2,T1,100.00,,,1,domain_label,"{""domain_label"":""torrez940"",""name_norm"":""torrez sotelo y munoz"",""token_set_ratio"":100.0}",False,,False,1.0.0,worky_engine,2024-08-31
vitally,cus_100228,7d7c2ceb2e92,T1,100.00,,,1,domain_label,"{""domain_label"":""industrias809"",""name_norm"":""industrias rios saucedo y salcido"",""token_set_ratio"":100.0}",False,,False,1.0.0,worky_engine,2024-08-31
vitally,cus_100229,598275c8d1e3,T1,100.00,,,1,domain_label,"{""domain_label"":""cepedaarredo259"",""name_norm"":""cepeda arredondo"",""token_set_ratio"":100.0}",False,,False,1.0.0,worky_engine,2024-08-31
vitally,cus_100230,9407c3c1d5b4,T1,100.00,,,1,domain_label,"{""domain_label"":""club991"",""name_norm"":""club valdes oquendo y alcantar"",""token_set_ratio"":100.0}",False,,False,1.0.0,worky_engine,2024-08-31
vitally,cus_100231,ccb9abe7b224,T1,100.00,,,1,domain_label,"{""domain_label"":""club386"",""name_norm"":""club briones y serrano"",""token_set_ratio"":100.0}",False,,False,1.0.0,worky_engine,2024-08-31
vitally,cus_100232,99787ccefdee,T1,100.00,,,1,domain_label,"{""domain_label"":""club662"",""name_norm"":""club aranda y arroyo"",""token_set_ratio"":100.0}",False,,False,1.0.0,worky_engine,2024-08-31
vitally,cus_100233,c173e9322576,T1,100.00,,,1,domain_label,"{""domain_label"":""vallesnazari974"",""name_norm"":""valles nazario"",""token_set_ratio"":100.0}",False,,False,1.0.0,worky_engine,2024-08-31
vitally,cus_100234,d60d16238ec6,T1,100.00,,,1,domain_label,"{""domain_label"":""montenegroni80"",""name_norm"":""montenegro nieto a c"",""token_set_ratio"":100.0}",False,,False,1.0.0,worky_engine,2024-08-31
vitally,cus_100235,762274061052,T1,100.00,,,1,domain_label,"{""domain_label"":""despacho678"",""name_norm"":""despacho quinones chacon y rosado"",""token_set_ratio"":100.0}",False,,False,1.0.0,worky_engine,2024-08-31
vitally,cus_100236,f4738f0dd8aa,T1,100.00,,,1,domain_label,"{""domain_label"":""proyectos790"",""name_norm"":""proyectos perales narvaez y nazario"",""token_set_ratio"":100.0}",False,,False,1.0.0,worky_engine,2024-08-31
vitally,cus_100237,47165a293fc0,T1,100.00,,,1,domain_label,"{""domain_label"":""grupo737"",""name_norm"":""grupo nieto ortiz"",""token_set_ratio"":100.0}",False,,False,1.0.0,worky_engine,2024-08-31
vitally,cus_100238,17ad157b6ec9,T1,100.00,,,1,domain_label,"{""domain_label"":""villasenor547"",""name_norm"":""villasenor y palomino s a"",""token_set_ratio"":100.0}",False,,False,1.0.0,worky_engine,2024-08-31
vitally,cus_100239,2e1dc645f108,T1,100.00,,,1,domain_label,"{""domain_label"":""chaconjaimes695"",""name_norm"":""chacon jaimes"",""token_set_ratio"":100.0}",False,,False,1.0.0,worky_engine,2024-08-31
vitally,cus_100240,869eab90ae45,T1,100.00,,,1,domain_label,"{""domain_label"":""grupo541"",""name_norm"":""grupo longoria velazquez"",""token_set_ratio"":100.0}",False,,False,1.0.0,worky_engine,2024-08-31
vitally,cus_100241,9b86c5d697a4,T1,100.00,,,1,domain_label,"{""domain_label"":""alemanpalomi54"",""name_norm"":""aleman palomino"",""token_set_ratio"":100.0}",False,,False,1.0.0,worky_engine,2024-08-31
vitally,cus_100242,67934042a230,T1,100.00,,,1,domain_label,"{""domain_label"":""godoy292"",""name_norm"":""godoy santiago y gollum"",""token_set_ratio"":100.0}",False,,False,1.0.0,worky_engine,2024-08-31
vitally,cus_100243,6f8a65d8e369,T1,100.00,,,1,domain_label,"{""domain_label"":""galindo94"",""name_norm"":""galindo s r l de c v"",""token_set_ratio"":100.0}",False,,False,1.0.0,worky_engine,2024-08-31
vitally,cus_100244,f60394aa4454,T1,100.00,,,1,domain_label,"{""domain_label"":""leyvaaponte406"",""name_norm"":""leyva aponte"",""token_set_ratio"":100.0}",False,,False,1.0.0,worky_engine,2024-08-31
vitally,cus_100245,183da402db0f,T1,100.00,,,1,domain_label,"{""domain_label"":""arellano29"",""name_norm"":""arellano y armas s c"",""token_set_ratio"":100.0}",False,,False,1.0.0,worky_engine,2024-08-31
vitally,cus_100246,ef28de0cbaf4,T1,100.00,,,1,domain_label,"{""domain_label"":""abrego40"",""name_norm"":""abrego s c"",""token_set_ratio"":100.0}",False,,False,1.0.0,worky_engine,2024-08-31
vitally,cus_100247,4dfb9ec0ce11,T1,100.00,,,1,domain_label,"{""domain_label"":""arriaga631"",""name_norm"":""arriaga navarrete y rangel"",""token_set_ratio"":100.0}",False,,False,1.0.0,worky_engine,2024-08-31
vitally,cus_100248,99d92d07b60e,T1,100.00,,,1,domain_label,"{""domain_label"":""club963"",""name_norm"":""club alvarez ferrer"",""token_set_ratio"":100.0}",False,,False,1.0.0,worky_engine,2024-08-31
vitally,cus_100249,a1baa2e417d2,T1,100.00,,,1,domain_label,"{""domain_label"":""correagariba125"",""name_norm"":""correa garibay"",""token_set_ratio"":100.0}",False,,False,1.0.0,worky_engine,2024-08-31
vitally,cus_100250,0cba696d8c85,T1,100.00,,,1,domain_label,"{""domain_label"":""carrilloceja114"",""name_norm"":""carrillo ceja"",""token_set_ratio"":100.0}",False,,False,1.0.0,worky_engine,2024-08-31
vitally,cus_100251,0c9833234628,T1,100.00,,,1,domain_label,"{""domain_label"":""casarezgrana248"",""name_norm"":""casarez granado"",""token_set_ratio"":100.0}",False,,False,1.0.0,worky_engine,2024-08-31
vitally,cus_100252,034cefcecc7f,T1,100.00,,,1,domain_label,"{""domain_label"":""proyectos585"",""name_norm"":""proyectos mateo y tejeda"",""token_set_ratio"":100.0}",False,,False,1.0.0,worky_engine,2024-08-31
vitally,cus_100253,fb8b03e9c21b,T1,100.00,,,1,domain_label,"{""domain_label"":""laboratorios977"",""name_norm"":""laboratorios ulibarri delgadillo y madrigal"",""token_set_ratio"":100.0}",False,,False,1.0.0,worky_engine,2024-08-31
vitally,cus_100254,572d46de8d86,T1,100.00,,,1,domain_label,"{""domain_label"":""corporacin400"",""name_norm"":""corporacin becerra salas"",""token_set_ratio"":100.0}",False,,False,1.0.0,worky_engine,2024-08-31
vitally,cus_100255,cbf0d50a86e7,T1,100.00,,,1,domain_label,"{""domain_label"":""despacho17"",""name_norm"":""despacho montalvo carrera y pedraza"",""token_set_ratio"":100.0}",False,,False,1.0.0,worky_engine,2024-08-31
vitally,cus_100256,a18e4270c86b,T1,100.00,,,1,domain_label,"{""domain_label"":""canales753"",""name_norm"":""canales guzman y gonzales"",""token_set_ratio"":100.0}",False,,False,1.0.0,worky_engine,2024-08-31
vitally,cus_100257,790c661f3ba2,T1,100.00,,,1,domain_label,"{""domain_label"":""laboratorios180"",""name_norm"":""laboratorios montano y carvajal"",""token_set_ratio"":100.0}",False,,False,1.0.0,worky_engine,2024-08-31
vitally,cus_100258,6853f3d6a4dc,T1,100.00,,,1,domain_label,"{""domain_label"":""matagalvez734"",""name_norm"":""mata galvez s r l de c v"",""token_set_ratio"":100.0}",False,,False,1.0.0,worky_engine,2024-08-31
vitally,cus_100259,80297dea2bcb,T1,100.00,,,1,domain_label,"{""domain_label"":""despacho324"",""name_norm"":""despacho de la torre pichardo y robledo"",""token_set_ratio"":100.0}",False,,False,1.0.0,worky_engine,2024-08-31
vitally,cus_100260,216e100a95ab,T1,100.00,,,1,domain_label,"{""domain_label"":""rodarte38"",""name_norm"":""rodarte y madrigal s c"",""token_set_ratio"":100.0}",False,,False,1.0.0,worky_engine,2024-08-31
vitally,cus_100261,be921c1e148e,T1,100.00,,,1,domain_label,"{""domain_label"":""proyectos340"",""name_norm"":""proyectos franco galvez y valenzuela"",""token_set_ratio"":100.0}",False,,False,1.0.0,worky_engine,2024-08-31
vitally,cus_100262,87418077620e,T1,100.00,,,1,domain_label,"{""domain_label"":""industrias348"",""name_norm"":""industrias betancourt y sisneros"",""token_set_ratio"":100.0}",False,,False,1.0.0,worky_engine,2024-08-31
vitally,cus_100263,d7f7a6231274,T1,100.00,,,1,domain_label,"{""domain_label"":""pacheco821"",""name_norm"":""pacheco y marroquin"",""token_set_ratio"":100.0}",False,,False,1.0.0,worky_engine,2024-08-31
vitally,cus_100264,7efaa9165fad,T1,100.00,,,1,domain_label,"{""domain_label"":""ferrervallej301"",""name_norm"":""ferrer vallejo"",""token_set_ratio"":100.0}",False,,False,1.0.0,worky_engine,2024-08-31
vitally,cus_100265,644cd69de81c,T1,100.00,,,1,domain_label,"{""domain_label"":""garicadiaz618"",""name_norm"":""garica diaz"",""token_set_ratio"":100.0}",False,,False,1.0.0,worky_engine,2024-08-31
vitally,cus_100266,94be9c45cdf6,T1,100.00,,,1,domain_label,"{""domain_label"":""casanova745"",""name_norm"":""casanova portillo y tamayo"",""token_set_ratio"":100.0}",False,,False,1.0.0,worky_engine,2024-08-31
vitally,cus_100267,efdc46580159,T1,100.00,,,1,domain_label,"{""domain_label"":""grupo688"",""name_norm"":""grupo ceja y galvan"",""token_set_ratio"":100.0}",False,,False,1.0.0,worky_engine,2024-08-31
vitally,cus_100268,aad8b8edc903,T1,100.00,,,1,domain_label,"{""domain_label"":""club147"",""name_norm"":""club duarte verdugo y solorzano"",""token_set_ratio"":100.0}",False,,False,1.0.0,worky_engine,2024-08-31
vitally,cus_100269,26ff7d714cea,T1,100.00,,,1,domain_label,"{""domain_label"":""rangel393"",""name_norm"":""rangel arellano y carreon"",""token_set_ratio"":100.0}",False,,False,1.0.0,worky_engine,2024-08-31
vitally,cus_100270,779b9041ca93,T1,100.00,,,1,domain_label,"{""domain_label"":""laboratorios782"",""name_norm"":""laboratorios tafoya y sanches"",""token_set_ratio"":100.0}",False,,False,1.0.0,worky_engine,2024-08-31
vitally,cus_100271,aa269e39c32a,T1,100.00,,,1,domain_label,"{""domain_label"":""valdivia286"",""name_norm"":""valdivia curiel y ibarra"",""token_set_ratio"":100.0}",False,,False,1.0.0,worky_engine,2024-08-31
vitally,cus_100272,03ba89cf14b9,T1,100.00,,,1,domain_label,"{""domain_label"":""zepedapartid936"",""name_norm"":""zepeda partida"",""token_set_ratio"":100.0}",False,,False,1.0.0,worky_engine,2024-08-31
vitally,cus_100273,d6c94dcf68f9,T1,100.00,,,1,domain_label,"{""domain_label"":""grupo627"",""name_norm"":""grupo arias valle"",""token_set_ratio"":100.0}",False,,False,1.0.0,worky_engine,2024-08-31
vitally,cus_100274,eff19c144690,T1,100.00,,,1,domain_label,"{""domain_label"":""proyectos177"",""name_norm"":""proyectos muniz benavidez y rivero"",""token_set_ratio"":100.0}",False,,False,1.0.0,worky_engine,2024-08-31
vitally,cus_100275,f8253f98cbef,T1,100.00,,,1,domain_label,"{""domain_label"":""grupo356"",""name_norm"":""grupo estevez tamayo y raya"",""token_set_ratio"":100.0}",False,,False,1.0.0,worky_engine,2024-08-31
vitally,cus_100276,9ae028b62042,T1,100.00,,,1,domain_label,"{""domain_label"":""club727"",""name_norm"":""club de la torre olivas"",""token_set_ratio"":100.0}",False,,False,1.0.0,worky_engine,2024-08-31
vitally,cus_100277,ae22895bdbc5,T1,100.00,,,1,domain_label,"{""domain_label"":""ariasrosales812"",""name_norm"":""arias rosales"",""token_set_ratio"":100.0}",False,,False,1.0.0,worky_engine,2024-08-31
vitally,cus_100278,64dcc8776b32,T1,100.00,,,1,domain_label,"{""domain_label"":""grupo378"",""name_norm"":""grupo arevalo loera"",""token_set_ratio"":100.0}",False,,False,1.0.0,worky_engine,2024-08-31
vitally,cus_100279,3f41a4432bea,T1,100.00,,,1,domain_label,"{""domain_label"":""archuletaper408"",""name_norm"":""archuleta perea"",""token_set_ratio"":100.0}",False,,False,1.0.0,worky_engine,2024-08-31
vitally,cus_100280,95b0e7ccdb63,T1,100.00,,,1,domain_label,"{""domain_label"":""granado129"",""name_norm"":""granado y ponce"",""token_set_ratio"":100.0}",False,,False,1.0.0,worky_engine,2024-08-31
vitally,cus_100281,19e40842726a,T1,100.00,,,1,domain_label,"{""domain_label"":""luevanomota900"",""name_norm"":""luevano mota"",""token_set_ratio"":100.0}",False,,False,1.0.0,worky_engine,2024-08-31
vitally,cus_100282,fca6820379e6,T1,100.00,,,1,domain_label,"{""domain_label"":""magana515"",""name_norm"":""magana soto y alarcon"",""token_set_ratio"":100.0}",False,,False,1.0.0,worky_engine,2024-08-31
vitally,cus_100283,3e0eaa7298aa,T1,100.00,,,1,domain_label,"{""domain_label"":""corporacin231"",""name_norm"":""corporacin caldera y blanco"",""token_set_ratio"":100.0}",False,,False,1.0.0,worky_engine,2024-08-31
vitally,cus_100284,f08e91043b03,T1,100.00,,,1,domain_label,"{""domain_label"":""de651"",""name_norm"":""de la o nino"",""token_set_ratio"":100.0}",False,,False,1.0.0,worky_engine,2024-08-31
vitally,cus_100285,35f7ee11ef6a,T1,100.00,,,1,domain_label,"{""domain_label"":""club515"",""name_norm"":""club zambrano y terrazas"",""token_set_ratio"":100.0}",False,,False,1.0.0,worky_engine,2024-08-31
vitally,cus_100286,1598cd0f4138,T1,100.00,,,1,domain_label,"{""domain_label"":""burgos640"",""name_norm"":""burgos y rosales s c"",""token_set_ratio"":100.0}",False,,False,1.0.0,worky_engine,2024-08-31
vitally,cus_100287,50de7a632ea8,T1,100.00,,,1,domain_label,"{""domain_label"":""fernandezde47"",""name_norm"":""fernandez de la garza"",""token_set_ratio"":100.0}",False,,False,1.0.0,worky_engine,2024-08-31
vitally,cus_100288,143d4fc0dd50,T1,100.00,,,1,domain_label,"{""domain_label"":""quintanillah633"",""name_norm"":""quintanilla hernadez"",""token_set_ratio"":100.0}",False,,False,1.0.0,worky_engine,2024-08-31
vitally,cus_100289,dbef19a6cece,T1,100.00,,,1,domain_label,"{""domain_label"":""despacho980"",""name_norm"":""despacho campos y gamez"",""token_set_ratio"":100.0}",False,,False,1.0.0,worky_engine,2024-08-31
vitally,cus_100290,3b4b11aa5621,T1,100.00,,,1,domain_label,"{""domain_label"":""carreongaray465"",""name_norm"":""carreon garay"",""token_set_ratio"":100.0}",False,,False,1.0.0,worky_engine,2024-08-31
vitally,cus_100291,8fd23f99086a,T1,100.00,,,1,domain_label,"{""domain_label"":""laureanogil349"",""name_norm"":""laureano gil"",""token_set_ratio"":100.0}",False,,False,1.0.0,worky_engine,2024-08-31
vitally,cus_100292,d54c9d70035a,T1,100.00,,,1,domain_label,"{""domain_label"":""enriquez134"",""name_norm"":""enriquez"",""token_set_ratio"":100.0}",False,,False,1.0.0,worky_engine,2024-08-31
vitally,cus_100293,05f6a68d13dc,T1,100.00,,,1,domain_label,"{""domain_label"":""serratolomel126"",""name_norm"":""serrato lomeli"",""token_set_ratio"":100.0}",False,,False,1.0.0,worky_engine,2024-08-31
vitally,cus_100294,b909b1288f6f,T1,100.00,,,1,domain_label,"{""domain_label"":""despacho429"",""name_norm"":""despacho posada saldivar y alcantar"",""token_set_ratio"":100.0}",False,,False,1.0.0,worky_engine,2024-08-31
vitally,cus_100295,e57b67711c10,T1,100.00,,,1,domain_label,"{""domain_label"":""industrias782"",""name_norm"":""industrias jaramillo jaime"",""token_set_ratio"":100.0}",False,,False,1.0.0,worky_engine,2024-08-31
vitally,cus_100296,ef0e67d8ffaf,T1,100.00,,,1,domain_label,"{""domain_label"":""despacho93"",""name_norm"":""despacho sanchez carmona"",""token_set_ratio"":100.0}",False,,False,1.0.0,worky_engine,2024-08-31
vitally,cus_100297,1b589de854cd,T1,100.00,,,1,domain_label,"{""domain_label"":""corporacin50"",""name_norm"":""corporacin casarez y fuentes"",""token_set_ratio"":100.0}",False,,False,1.0.0,worky_engine,2024-08-31
vitally,cus_100298,8740e47ba5df,T1,100.00,,,1,domain_label,"{""domain_label"":""leon550"",""name_norm"":""leon y becerra"",""token_set_ratio"":100.0}",False,,False,1.0.0,worky_engine,2024-08-31
vitally,cus_100299,0f853c61d098,T1,100.00,,,1,domain_label,"{""domain_label"":""laboratorios375"",""name_norm"":""laboratorios villalpando y limon"",""token_set_ratio"":100.0}",False,,False,1.0.0,worky_engine,2024-08-31
vitally,cus_100300,f7c843dcd62a,T1,100.00,,,1,domain_label,"{""domain_label"":""navamondrago296"",""name_norm"":""nava mondragon"",""token_set_ratio"":100.0}",False,,False,1.0.0,worky_engine,2024-08-31
vitally,cus_100301,691d1dc17baa,T1,100.00,,,1,domain_label,"{""domain_label"":""alcarazmayor697"",""name_norm"":""alcaraz mayorga s a"",""token_set_ratio"":100.0}",False,,False,1.0.0,worky_engine,2024-08-31
vitally,cus_100302,605a3500df16,T1,100.00,,,1,domain_label,"{""domain_label"":""corporacin572"",""name_norm"":""corporacin aragon rivas"",""token_set_ratio"":100.0}",False,,False,1.0.0,worky_engine,2024-08-31
vitally,cus_100303,7b530221112a,T1,100.00,,,1,domain_label,"{""domain_label"":""guzmansalcid47"",""name_norm"":""guzman salcido"",""token_set_ratio"":100.0}",False,,False,1.0.0,worky_engine,2024-08-31
vitally,cus_100304,ab838c4c08e3,T1,100.00,,,1,domain_label,"{""domain_label"":""club153"",""name_norm"":""club quiroz aranda y cardenas"",""token_set_ratio"":100.0}",False,,False,1.0.0,worky_engine,2024-08-31
vitally,cus_100305,0e7b9d22a314,T1,100.00,,,1,domain_label,"{""domain_label"":""borrego403"",""name_norm"":""borrego y arenas s c"",""token_set_ratio"":100.0}",False,,False,1.0.0,worky_engine,2024-08-31
vitally,cus_100306,41c9fae6089e,T1,100.00,,,1,domain_label,"{""domain_label"":""mayorgamonte502"",""name_norm"":""mayorga montemayor s c"",""token_set_ratio"":100.0}",False,,False,1.0.0,worky_engine,2024-08-31
vitally,cus_100307,54e0cdf8d6e2,T1,100.00,,,1,domain_label,"{""domain_label"":""laboratorios690"",""name_norm"":""laboratorios escobar gomez"",""token_set_ratio"":100.0}",False,,False,1.0.0,worky_engine,2024-08-31
vitally,cus_100308,51a517c1a25b,T1,100.00,,,1,domain_label,"{""domain_label"":""grupo486"",""name_norm"":""grupo beltran garza y bahena"",""token_set_ratio"":100.0}",False,,False,1.0.0,worky_engine,2024-08-31
vitally,cus_100309,7efd4b9f1c59,T1,100.00,,,1,domain_label,"{""domain_label"":""carreon175"",""name_norm"":""carreon alonso y castellanos"",""token_set_ratio"":100.0}",False,,False,1.0.0,worky_engine,2024-08-31
vitally,cus_100310,c194e3bdfad5,T1,100.00,,,1,domain_label,"{""domain_label"":""tovar971"",""name_norm"":""tovar a c"",""token_set_ratio"":100.0}",False,,False,1.0.0,worky_engine,2024-08-31
vitally,cus_100311,20e77f6284f1,T1,100.00,,,1,domain_label,"{""domain_label"":""molina708"",""name_norm"":""molina"",""token_set_ratio"":100.0}",False,,False,1.0.0,worky_engine,2024-08-31
vitally,cus_100312,de3af92df17a,T1,100.00,,,1,domain_label,"{""domain_label"":""carrion142"",""name_norm"":""carrion mejia y aparicio"",""token_set_ratio"":100.0}",False,,False,1.0.0,worky_engine,2024-08-31
vitally,cus_100313,935a1d29de57,T1,100.00,,,1,domain_label,"{""domain_label"":""centenosando386"",""name_norm"":""centeno sandoval"",""token_set_ratio"":100.0}",False,,False,1.0.0,worky_engine,2024-08-31
vitally,cus_100314,48fddc0a1679,T1,100.00,,,1,domain_label,"{""domain_label"":""almanza693"",""name_norm"":""almanza davila y sanches"",""token_set_ratio"":100.0}",False,,False,1.0.0,worky_engine,2024-08-31
vitally,cus_100315,b585e4ebcc98,T1,100.00,,,1,domain_label,"{""domain_label"":""club306"",""name_norm"":""club de jesus verduzco"",""token_set_ratio"":100.0}",False,,False,1.0.0,worky_engine,2024-08-31
vitally,cus_100316,5ca575bf5963,T1,100.00,,,1,domain_label,"{""domain_label"":""ocampo492"",""name_norm"":""ocampo y rocha s r l de c v"",""token_set_ratio"":100.0}",False,,False,1.0.0,worky_engine,2024-08-31
vitally,cus_100317,eab9d5094af3,T1,100.00,,,1,domain_label,"{""domain_label"":""espinal125"",""name_norm"":""espinal de la rosa y guerra"",""token_set_ratio"":100.0}",False,,False,1.0.0,worky_engine,2024-08-31
vitally,cus_100318,32a352c90e42,T1,100.00,,,1,domain_label,"{""domain_label"":""floreszapata298"",""name_norm"":""flores zapata"",""token_set_ratio"":100.0}",False,,False,1.0.0,worky_engine,2024-08-31
vitally,cus_100319,785078eeba1d,T1,100.00,,,1,domain_label,"{""domain_label"":""corporacin491"",""name_norm"":""corporacin aguirre y jaime"",""token_set_ratio"":100.0}",False,,False,1.0.0,worky_engine,2024-08-31
vitally,cus_100320,c259030f0a56,T1,100.00,,,1,domain_label,"{""domain_label"":""galindo112"",""name_norm"":""galindo s r l de c v"",""token_set_ratio"":100.0}",False,,False,1.0.0,worky_engine,2024-08-31
vitally,cus_100321,e8f392fbcfbd,T1,100.00,,,1,domain_label,"{""domain_label"":""montezperes103"",""name_norm"":""montez peres"",""token_set_ratio"":100.0}",False,,False,1.0.0,worky_engine,2024-08-31
vitally,cus_100322,78fc9da31292,T1,100.00,,,1,domain_label,"{""domain_label"":""olivares988"",""name_norm"":""olivares s c"",""token_set_ratio"":100.0}",False,,False,1.0.0,worky_engine,2024-08-31
vitally,cus_100323,14c82590fbd2,T1,100.00,,,1,domain_label,"{""domain_label"":""proyectos205"",""name_norm"":""proyectos orozco rivera y abreu"",""token_set_ratio"":100.0}",False,,False,1.0.0,worky_engine,2024-08-31
vitally,cus_100324,00902f986641,T1,100.00,,,1,domain_label,"{""domain_label"":""zayas588"",""name_norm"":""zayas guajardo y garcia"",""token_set_ratio"":100.0}",False,,False,1.0.0,worky_engine,2024-08-31
vitally,cus_100325,3b117610596f,T1,100.00,,,1,domain_label,"{""domain_label"":""ortaestevez904"",""name_norm"":""orta estevez"",""token_set_ratio"":100.0}",False,,False,1.0.0,worky_engine,2024-08-31
vitally,cus_100326,3444de83dd85,T1,100.00,,,1,domain_label,"{""domain_label"":""proyectos191"",""name_norm"":""proyectos guzman y quintero"",""token_set_ratio"":100.0}",False,,False,1.0.0,worky_engine,2024-08-31
vitally,cus_100327,b60f62d4c3c4,T1,100.00,,,1,domain_label,"{""domain_label"":""arriagaarmen951"",""name_norm"":""arriaga armenta"",""token_set_ratio"":100.0}",False,,False,1.0.0,worky_engine,2024-08-31
vitally,cus_100328,8dfb642a97d7,T1,100.00,,,1,domain_label,"{""domain_label"":""delgado911"",""name_norm"":""delgado"",""token_set_ratio"":100.0}",False,,False,1.0.0,worky_engine,2024-08-31
vitally,cus_100329,bfcbb37719b9,T1,100.00,,,1,domain_label,"{""domain_label"":""terannegrete167"",""name_norm"":""teran negrete"",""token_set_ratio"":100.0}",False,,False,1.0.0,worky_engine,2024-08-31
vitally,cus_100330,5aabb4abe963,T1,100.00,,,1,domain_label,"{""domain_label"":""corporacin346"",""name_norm"":""corporacin alcantar carranza"",""token_set_ratio"":100.0}",False,,False,1.0.0,worky_engine,2024-08-31
vitally,cus_100331,6e00c339a03e,T1,100.00,,,1,domain_label,"{""domain_label"":""corporacin877"",""name_norm"":""corporacin quintanilla macias"",""token_set_ratio"":100.0}",False,,False,1.0.0,worky_engine,2024-08-31
vitally,cus_100332,838250379fa3,T1,100.00,,,1,domain_label,"{""domain_label"":""colonpena686"",""name_norm"":""colon pena s c"",""token_set_ratio"":100.0}",False,,False,1.0.0,worky_engine,2024-08-31
vitally,cus_100333,d6e7796e9cfc,T1,100.00,,,1,domain_label,"{""domain_label"":""grupo393"",""name_norm"":""grupo guzman de anda"",""token_set_ratio"":100.0}",False,,False,1.0.0,worky_engine,2024-08-31
vitally,cus_100334,c0e6f6e5493b,T1,100.00,,,1,domain_label,"{""domain_label"":""laboratorios741"",""name_norm"":""laboratorios murillo y castaneda"",""token_set_ratio"":100.0}",False,,False,1.0.0,worky_engine,2024-08-31
vitally,cus_100335,6bca486a099d,T1,100.00,,,1,domain_label,"{""domain_label"":""laureanoocas684"",""name_norm"":""laureano ocasio"",""token_set_ratio"":100.0}",False,,False,1.0.0,worky_engine,2024-08-31
vitally,cus_100336,e48d5b78a86a,T1,100.00,,,1,domain_label,"{""domain_label"":""riveroortiz121"",""name_norm"":""rivero ortiz"",""token_set_ratio"":100.0}",False,,False,1.0.0,worky_engine,2024-08-31
vitally,cus_100337,e88a6a9945b0,T1,100.00,,,3,domain_label,"{""domain_label"":""grupo157"",""name_norm"":""grupo vallejo arriaga y tejada"",""token_set_ratio"":100.0}",False,,False,1.0.0,worky_engine,2024-08-31
vitally,cus_100338,e37c074286d9,T1,100.00,,,1,domain_label,"{""domain_label"":""zedillo846"",""name_norm"":""zedillo s c"",""token_set_ratio"":100.0}",False,,False,1.0.0,worky_engine,2024-08-31
vitally,cus_100339,0950a3eaca02,T1,100.00,,,1,domain_label,"{""domain_label"":""pradocastill458"",""name_norm"":""prado castillo a c"",""token_set_ratio"":100.0}",False,,False,1.0.0,worky_engine,2024-08-31
vitally,cus_100340,f8ef2a0febfc,T1,100.00,,,1,domain_label,"{""domain_label"":""urena925"",""name_norm"":""urena s r l de c v"",""token_set_ratio"":100.0}",False,,False,1.0.0,worky_engine,2024-08-31
vitally,cus_100341,29972f42dfdd,T1,100.00,,,1,domain_label,"{""domain_label"":""ceja453"",""name_norm"":""ceja longoria y alonso"",""token_set_ratio"":100.0}",False,,False,1.0.0,worky_engine,2024-08-31
vitally,cus_100342,755809755e6a,T1,100.00,,,1,domain_label,"{""domain_label"":""amaya829"",""name_norm"":""amaya cadena y prieto"",""token_set_ratio"":100.0}",False,,False,1.0.0,worky_engine,2024-08-31
vitally,cus_100343,16b237fd6c05,T1,100.00,,,1,domain_label,"{""domain_label"":""caraballo573"",""name_norm"":""caraballo s r l de c v"",""token_set_ratio"":100.0}",False,,False,1.0.0,worky_engine,2024-08-31
vitally,cus_100344,eb11583a635e,T1,100.00,,,1,domain_label,"{""domain_label"":""lebron224"",""name_norm"":""lebron vallejo y polanco"",""token_set_ratio"":100.0}",False,,False,1.0.0,worky_engine,2024-08-31
vitally,cus_100345,c95e7040378c,T1,100.00,,,1,domain_label,"{""domain_label"":""grijalvarega62"",""name_norm"":""grijalva regalado"",""token_set_ratio"":100.0}",False,,False,1.0.0,worky_engine,2024-08-31
vitally,cus_100346,c488ec042e89,T1,100.00,,,1,domain_label,"{""domain_label"":""proyectos747"",""name_norm"":""proyectos carranza ramon y olmos"",""token_set_ratio"":100.0}",False,,False,1.0.0,worky_engine,2024-08-31
vitally,cus_100347,0b0c556bec93,T1,100.00,,,1,domain_label,"{""domain_label"":""zelaya385"",""name_norm"":""zelaya y marrero s r l de c v"",""token_set_ratio"":100.0}",False,,False,1.0.0,worky_engine,2024-08-31
vitally,cus_100348,237b3e09b789,T1,100.00,,,1,domain_label,"{""domain_label"":""caban551"",""name_norm"":""caban olivarez y tamayo"",""token_set_ratio"":100.0}",False,,False,1.0.0,worky_engine,2024-08-31
vitally,cus_100349,d12b484f1480,T1,100.00,,,1,domain_label,"{""domain_label"":""marinbernal306"",""name_norm"":""marin bernal"",""token_set_ratio"":100.0}",False,,False,1.0.0,worky_engine,2024-08-31
vitally,cus_100350,5ce69a34518d,T1,100.00,,,1,domain_label,"{""domain_label"":""delgadillolo472"",""name_norm"":""delgadillo lopez"",""token_set_ratio"":100.0}",False,,False,1.0.0,worky_engine,2024-08-31
vitally,cus_100351,2f23ed120ca5,T1,100.00,,,1,domain_label,"{""domain_label"":""estevez829"",""name_norm"":""estevez covarrubias y ramirez"",""token_set_ratio"":100.0}",False,,False,1.0.0,worky_engine,2024-08-31
vitally,cus_100352,7df9e48b2cc4,T1,100.00,,,1,domain_label,"{""domain_label"":""proyectos69"",""name_norm"":""proyectos saldivar tejeda y de la torre"",""token_set_ratio"":100.0}",False,,False,1.0.0,worky_engine,2024-08-31
vitally,cus_100353,25de70f28a81,T1,100.00,,,1,domain_label,"{""domain_label"":""proyectos759"",""name_norm"":""proyectos loera vergara y torres"",""token_set_ratio"":100.0}",False,,False,1.0.0,worky_engine,2024-08-31
vitally,cus_100354,c7c91bce755e,T1,100.00,,,1,domain_label,"{""domain_label"":""betancourt516"",""name_norm"":""betancourt macias y teran"",""token_set_ratio"":100.0}",False,,False,1.0.0,worky_engine,2024-08-31
vitally,cus_100355,789c81ac0120,T1,100.00,,,1,domain_label,"{""domain_label"":""jaquez613"",""name_norm"":""jaquez s a"",""token_set_ratio"":100.0}",False,,False,1.0.0,worky_engine,2024-08-31
vitally,cus_100356,1e79ff8dda47,T1,100.00,,,1,domain_label,"{""domain_label"":""club424"",""name_norm"":""club vera pelayo"",""token_set_ratio"":100.0}",False,,False,1.0.0,worky_engine,2024-08-31
vitally,cus_100357,14e457b52fab,T1,100.00,,,1,domain_label,"{""domain_label"":""zapatamoreno696"",""name_norm"":""zapata moreno"",""token_set_ratio"":100.0}",False,,False,1.0.0,worky_engine,2024-08-31
vitally,cus_100358,d0d1124d8f9a,T1,100.00,,,1,domain_label,"{""domain_label"":""urrutia327"",""name_norm"":""urrutia y trejo de c v"",""token_set_ratio"":100.0}",False,,False,1.0.0,worky_engine,2024-08-31
vitally,cus_100359,392bdeef86e1,T1,100.00,,,1,domain_label,"{""domain_label"":""chaconflores485"",""name_norm"":""chacon flores s c"",""token_set_ratio"":100.0}",False,,False,1.0.0,worky_engine,2024-08-31
vitally,cus_100360,34932df15d7b,T1,100.00,,,1,domain_label,"{""domain_label"":""despacho576"",""name_norm"":""despacho hernandez aponte"",""token_set_ratio"":100.0}",False,,False,1.0.0,worky_engine,2024-08-31
vitally,cus_100361,8a377898dd91,T1,100.00,,,1,domain_label,"{""domain_label"":""grupo209"",""name_norm"":""grupo armas matias y cruz"",""token_set_ratio"":100.0}",False,,False,1.0.0,worky_engine,2024-08-31
vitally,cus_100362,b2bb026d825d,T1,100.00,,,1,domain_label,"{""domain_label"":""mercadorolda742"",""name_norm"":""mercado roldan"",""token_set_ratio"":100.0}",False,,False,1.0.0,worky_engine,2024-08-31
vitally,cus_100363,de73c32fa777,T1,100.00,,,1,domain_label,"{""domain_label"":""laboratorios41"",""name_norm"":""laboratorios mejia y bustos"",""token_set_ratio"":100.0}",False,,False,1.0.0,worky_engine,2024-08-31
vitally,cus_100364,93f094f73363,T1,100.00,,,1,domain_label,"{""domain_label"":""avalos491"",""name_norm"":""avalos s c"",""token_set_ratio"":100.0}",False,,False,1.0.0,worky_engine,2024-08-31
vitally,cus_100365,95d506c2c301,T1,100.00,,,1,domain_label,"{""domain_label"":""villarreal986"",""name_norm"":""villarreal y robles s r l de c v"",""token_set_ratio"":100.0}",False,,False,1.0.0,worky_engine,2024-08-31
vitally,cus_100366,7a2060655ae1,T1,100.00,,,1,domain_label,"{""domain_label"":""maestas619"",""name_norm"":""maestas de la garza y aragon"",""token_set_ratio"":100.0}",False,,False,1.0.0,worky_engine,2024-08-31
vitally,cus_100367,82912c9a4458,T1,100.00,,,2,domain_label,"{""domain_label"":""proyectos390"",""name_norm"":""proyectos soliz y trejo"",""token_set_ratio"":100.0}",False,,False,1.0.0,worky_engine,2024-08-31
vitally,cus_100368,4bf97be2706d,T1,100.00,,,1,domain_label,"{""domain_label"":""angulo904"",""name_norm"":""angulo"",""token_set_ratio"":100.0}",False,,False,1.0.0,worky_engine,2024-08-31
vitally,cus_100369,c22a9a5e32c4,T1,100.00,,,1,domain_label,"{""domain_label"":""industrias937"",""name_norm"":""industrias zamora vera"",""token_set_ratio"":100.0}",False,,False,1.0.0,worky_engine,2024-08-31
vitally,cus_100370,4140e64c6083,T1,100.00,,,1,domain_label,"{""domain_label"":""laboratorios150"",""name_norm"":""laboratorios santacruz y elizondo"",""token_set_ratio"":100.0}",False,,False,1.0.0,worky_engine,2024-08-31
vitally,cus_100371,e43a3fafab38,T1,100.00,,,3,domain_label,"{""domain_label"":""grupo157"",""name_norm"":""grupo casanova franco y jurado"",""token_set_ratio"":100.0}",False,,False,1.0.0,worky_engine,2024-08-31
vitally,cus_100372,6eabad2f9e44,T1,100.00,,,1,domain_label,"{""domain_label"":""soria564"",""name_norm"":""soria y quiroz"",""token_set_ratio"":100.0}",False,,False,1.0.0,worky_engine,2024-08-31
vitally,cus_100373,8ee34a42dee7,T1,100.00,,,1,domain_label,"{""domain_label"":""lira173"",""name_norm"":""lira y barrera de c v"",""token_set_ratio"":100.0}",False,,False,1.0.0,worky_engine,2024-08-31
vitally,cus_100374,2f2fd459ddca,T1,100.00,,,1,domain_label,"{""domain_label"":""grupo939"",""name_norm"":""grupo benavides henriquez"",""token_set_ratio"":100.0}",False,,False,1.0.0,worky_engine,2024-08-31
vitally,cus_100375,f189adcdf97f,T1,100.00,,,1,domain_label,"{""domain_label"":""club423"",""name_norm"":""club marrero guzman y vela"",""token_set_ratio"":100.0}",False,,False,1.0.0,worky_engine,2024-08-31
vitally,cus_100376,664b9e778e26,T1,100.00,,,1,domain_label,"{""domain_label"":""corporacin467"",""name_norm"":""corporacin fierro cardenas y galvan"",""token_set_ratio"":100.0}",False,,False,1.0.0,worky_engine,2024-08-31
vitally,cus_100377,6010a6c2645a,T1,100.00,,,1,domain_label,"{""domain_label"":""proyectos500"",""name_norm"":""proyectos quezada fernandez"",""token_set_ratio"":100.0}",False,,False,1.0.0,worky_engine,2024-08-31
vitally,cus_100378,9f0aac78fb2f,T1,100.00,,,1,domain_label,"{""domain_label"":""montoya740"",""name_norm"":""montoya cardona y villanueva"",""token_set_ratio"":100.0}",False,,False,1.0.0,worky_engine,2024-08-31
vitally,cus_100379,c6ddaadf8a3c,T1,100.00,,,1,domain_label,"{""domain_label"":""mata110"",""name_norm"":""mata s c"",""token_set_ratio"":100.0}",False,,False,1.0.0,worky_engine,2024-08-31
vitally,cus_100380,4ad2695790da,T1,100.00,,,1,domain_label,"{""domain_label"":""gurulejurado835"",""name_norm"":""gurule jurado"",""token_set_ratio"":100.0}",False,,False,1.0.0,worky_engine,2024-08-31
vitally,cus_100381,879a22cf656a,T1,100.00,,,1,domain_label,"{""domain_label"":""batista579"",""name_norm"":""batista s c"",""token_set_ratio"":100.0}",False,,False,1.0.0,worky_engine,2024-08-31
vitally,cus_100382,e552d9325009,T1,100.00,,,1,domain_label,"{""domain_label"":""garay879"",""name_norm"":""garay y garay s r l de c v"",""token_set_ratio"":100.0}",False,,False,1.0.0,worky_engine,2024-08-31
vitally,cus_100383,d81850081a01,T1,100.00,,,1,domain_label,"{""domain_label"":""garzaarriaga58"",""name_norm"":""garza arriaga"",""token_set_ratio"":100.0}",False,,False,1.0.0,worky_engine,2024-08-31
vitally,cus_100384,190a2d8a76a2,T1,100.00,,,1,domain_label,"{""domain_label"":""club804"",""name_norm"":""club zarate pena y gaona"",""token_set_ratio"":100.0}",False,,False,1.0.0,worky_engine,2024-08-31
vitally,cus_100385,c326e9fdf2b2,T1,100.00,,,1,domain_label,"{""domain_label"":""ordonez217"",""name_norm"":""ordonez limon y arias"",""token_set_ratio"":100.0}",False,,False,1.0.0,worky_engine,2024-08-31
vitally,cus_100386,2856f6708652,T1,100.00,,,1,domain_label,"{""domain_label"":""laboratorios578"",""name_norm"":""laboratorios herrera fuentes"",""token_set_ratio"":100.0}",False,,False,1.0.0,worky_engine,2024-08-31
vitally,cus_100387,af6b45260c23,T1,100.00,,,1,domain_label,"{""domain_label"":""palomino602"",""name_norm"":""palomino y curiel"",""token_set_ratio"":100.0}",False,,False,1.0.0,worky_engine,2024-08-31
vitally,cus_100388,9382f00dc8c8,T1,100.00,,,1,domain_label,"{""domain_label"":""segovia855"",""name_norm"":""segovia y esquivel de c v"",""token_set_ratio"":100.0}",False,,False,1.0.0,worky_engine,2024-08-31
vitally,cus_100389,56cc5e17ca7e,T1,100.00,,,1,domain_label,"{""domain_label"":""balderas144"",""name_norm"":""balderas galvan y espinal"",""token_set_ratio"":100.0}",False,,False,1.0.0,worky_engine,2024-08-31
vitally,cus_100390,67e350db2ed9,T1,100.00,,,1,domain_label,"{""domain_label"":""rochaposada448"",""name_norm"":""rocha posada"",""token_set_ratio"":100.0}",False,,False,1.0.0,worky_engine,2024-08-31
vitally,cus_100391,7c99b8a3ebf7,T1,100.00,,,1,domain_label,"{""domain_label"":""corporacin993"",""name_norm"":""corporacin merino orosco y jaimes"",""token_set_ratio"":100.0}",False,,False,1.0.0,worky_engine,2024-08-31
vitally,cus_100392,daa4aa7c8cad,T1,100.00,,,1,domain_label,"{""domain_label"":""chavezcolon234"",""name_norm"":""chavez colon"",""token_set_ratio"":100.0}",False,,False,1.0.0,worky_engine,2024-08-31
vitally,cus_100393,ee1a76c497e4,T1,100.00,,,2,domain_label,"{""domain_label"":""proyectos390"",""name_norm"":""proyectos baca y becerra"",""token_set_ratio"":100.0}",False,,False,1.0.0,worky_engine,2024-08-31
vitally,cus_100394,79adf7e6a753,T1,100.00,,,1,domain_label,"{""domain_label"":""laboratorios158"",""name_norm"":""laboratorios olivares castro"",""token_set_ratio"":100.0}",False,,False,1.0.0,worky_engine,2024-08-31
vitally,cus_100395,a016ad959c90,T1,100.00,,,1,domain_label,"{""domain_label"":""cedillode6"",""name_norm"":""cedillo de la torre"",""token_set_ratio"":100.0}",False,,False,1.0.0,worky_engine,2024-08-31
vitally,cus_100396,1e08214c6d84,T1,100.00,,,1,domain_label,"{""domain_label"":""saldivarrang192"",""name_norm"":""saldivar rangel"",""token_set_ratio"":100.0}",False,,False,1.0.0,worky_engine,2024-08-31
vitally,cus_100397,9a0d4f0c47f7,T1,100.00,,,1,domain_label,"{""domain_label"":""grupo92"",""name_norm"":""grupo armenta ledesma"",""token_set_ratio"":100.0}",False,,False,1.0.0,worky_engine,2024-08-31
vitally,cus_100398,338f32670f98,T1,100.00,,,1,domain_label,"{""domain_label"":""chavarria13"",""name_norm"":""chavarria y santiago s a"",""token_set_ratio"":100.0}",False,,False,1.0.0,worky_engine,2024-08-31
vitally,cus_100399,30c2f0ba4f9f,T1,100.00,,,1,domain_label,"{""domain_label"":""guevara586"",""name_norm"":""guevara"",""token_set_ratio"":100.0}",False,,False,1.0.0,worky_engine,2024-08-31
vitally,cus_100400,fa78e5fd572a,T1,100.00,,,1,domain_label,"{""domain_label"":""corporacin275"",""name_norm"":""corporacin varela mesa y collazo"",""token_set_ratio"":100.0}",False,,False,1.0.0,worky_engine,2024-08-31
vitally,cus_100401,0b0baf334770,T1,100.00,,,1,domain_label,"{""domain_label"":""floresreyes802"",""name_norm"":""flores reyes s r l de c v"",""token_set_ratio"":100.0}",False,,False,1.0.0,worky_engine,2024-08-31
vitally,cus_100402,e044425f0f1a,T1,100.00,,,1,domain_label,"{""domain_label"":""heredia632"",""name_norm"":""heredia y avila s c"",""token_set_ratio"":100.0}",False,,False,1.0.0,worky_engine,2024-08-31
vitally,cus_100403,7a37e35fc015,T1,100.00,,,1,domain_label,"{""domain_label"":""marquez390"",""name_norm"":""marquez adame y cepeda"",""token_set_ratio"":100.0}",False,,False,1.0.0,worky_engine,2024-08-31
vitally,cus_100404,295d85bd00ea,T1,100.00,,,1,domain_label,"{""domain_label"":""industrias308"",""name_norm"":""industrias fajardo y patino"",""token_set_ratio"":100.0}",False,,False,1.0.0,worky_engine,2024-08-31
vitally,cus_100405,dfdbf0b4c7e0,T1,100.00,,,1,domain_label,"{""domain_label"":""castro753"",""name_norm"":""castro collado y villalpando"",""token_set_ratio"":100.0}",False,,False,1.0.0,worky_engine,2024-08-31
vitally,cus_100406,02382e1b34e3,T1,100.00,,,1,domain_label,"{""domain_label"":""marroquin837"",""name_norm"":""marroquin y mercado a c"",""token_set_ratio"":100.0}",False,,False,1.0.0,worky_engine,2024-08-31
vitally,cus_100407,9d663f9ec56a,T1,100.00,,,1,domain_label,"{""domain_label"":""grupo185"",""name_norm"":""grupo quintanilla trejo y batista"",""token_set_ratio"":100.0}",False,,False,1.0.0,worky_engine,2024-08-31
vitally,cus_100408,f81f32be9b74,T1,100.00,,,1,domain_label,"{""domain_label"":""rangel817"",""name_norm"":""rangel y alfaro"",""token_set_ratio"":100.0}",False,,False,1.0.0,worky_engine,2024-08-31
vitally,cus_100409,1cf6a4e18b6f,T1,100.00,,,1,domain_label,"{""domain_label"":""laboratorios512"",""name_norm"":""laboratorios garrido quinonez"",""token_set_ratio"":100.0}",False,,False,1.0.0,worky_engine,2024-08-31
vitally,cus_100410,72c0afa9c950,T1,100.00,,,1,domain_label,"{""domain_label"":""nunez76"",""name_norm"":""nunez laureano y casillas"",""token_set_ratio"":100.0}",False,,False,1.0.0,worky_engine,2024-08-31
vitally,cus_100411,a54889f58f60,T1,100.00,,,1,domain_label,"{""domain_label"":""industrias38"",""name_norm"":""industrias robledo rivero"",""token_set_ratio"":100.0}",False,,False,1.0.0,worky_engine,2024-08-31
vitally,cus_100412,b6f7ec4c7c1a,T1,100.00,,,1,domain_label,"{""domain_label"":""quirozaponte937"",""name_norm"":""quiroz aponte"",""token_set_ratio"":100.0}",False,,False,1.0.0,worky_engine,2024-08-31
vitally,cus_100413,a62f0320022a,T1,100.00,,,1,domain_label,"{""domain_label"":""carmona663"",""name_norm"":""carmona y adame"",""token_set_ratio"":100.0}",False,,False,1.0.0,worky_engine,2024-08-31
vitally,cus_100414,8d5d932b0f9b,T1,100.00,,,1,domain_label,"{""domain_label"":""paz989"",""name_norm"":""paz aguirre y velasquez"",""token_set_ratio"":100.0}",False,,False,1.0.0,worky_engine,2024-08-31
vitally,cus_100415,e102e7f3e17f,T1,100.00,,,1,domain_label,"{""domain_label"":""club532"",""name_norm"":""club henriquez lara y aragon"",""token_set_ratio"":100.0}",False,,False,1.0.0,worky_engine,2024-08-31
vitally,cus_100416,f16517f6876a,T1,100.00,,,1,domain_label,"{""domain_label"":""grupo603"",""name_norm"":""grupo macias canales y rolon"",""token_set_ratio"":100.0}",False,,False,1.0.0,worky_engine,2024-08-31
vitally,cus_100417,67da30b569af,T1,100.00,,,1,domain_label,"{""domain_label"":""lunaburgos303"",""name_norm"":""luna burgos s r l de c v"",""token_set_ratio"":100.0}",False,,False,1.0.0,worky_engine,2024-08-31
vitally,cus_100418,c518f6a1dc57,T1,100.00,,,1,domain_label,"{""domain_label"":""ruelas320"",""name_norm"":""ruelas s a"",""token_set_ratio"":100.0}",False,,False,1.0.0,worky_engine,2024-08-31
vitally,cus_100419,69901e51bc3c,T1,100.00,,,1,domain_label,"{""domain_label"":""viera100"",""name_norm"":""viera s c"",""token_set_ratio"":100.0}",False,,False,1.0.0,worky_engine,2024-08-31
vitally,cus_100420,0014df720942,T1,100.00,,,1,domain_label,"{""domain_label"":""club870"",""name_norm"":""club mascarenas moya"",""token_set_ratio"":100.0}",False,,False,1.0.0,worky_engine,2024-08-31
vitally,cus_100421,9ce98b1e53c8,T1,100.00,,,1,domain_label,"{""domain_label"":""alonsoparede179"",""name_norm"":""alonso paredes s c"",""token_set_ratio"":100.0}",False,,False,1.0.0,worky_engine,2024-08-31
vitally,cus_100422,3d9c9189ef8b,T1,100.00,,,1,domain_label,"{""domain_label"":""proyectos645"",""name_norm"":""proyectos leon salazar y noriega"",""token_set_ratio"":100.0}",False,,False,1.0.0,worky_engine,2024-08-31
vitally,cus_100423,9c3ead02df0b,T1,100.00,,,1,domain_label,"{""domain_label"":""limon629"",""name_norm"":""limon y vanegas a c"",""token_set_ratio"":100.0}",False,,False,1.0.0,worky_engine,2024-08-31
vitally,cus_100424,58977cac09cc,T1,100.00,,,1,domain_label,"{""domain_label"":""villareal286"",""name_norm"":""villareal mateo y griego"",""token_set_ratio"":100.0}",False,,False,1.0.0,worky_engine,2024-08-31
vitally,cus_100425,a1b6591a36c2,T1,100.00,,,1,domain_label,"{""domain_label"":""villarreal202"",""name_norm"":""villarreal"",""token_set_ratio"":100.0}",False,,False,1.0.0,worky_engine,2024-08-31
vitally,cus_100426,c9cd0bb0cc08,T1,100.00,,,1,domain_label,"{""domain_label"":""nieves321"",""name_norm"":""nieves"",""token_set_ratio"":100.0}",False,,False,1.0.0,worky_engine,2024-08-31
vitally,cus_100427,f6c34b74fdf2,T1,100.00,,,1,domain_label,"{""domain_label"":""industrias866"",""name_norm"":""industrias delgadillo zapata"",""token_set_ratio"":100.0}",False,,False,1.0.0,worky_engine,2024-08-31
vitally,cus_100428,4deb4455b182,T1,100.00,,,1,domain_label,"{""domain_label"":""industrias605"",""name_norm"":""industrias cazares navarro"",""token_set_ratio"":100.0}",False,,False,1.0.0,worky_engine,2024-08-31
vitally,cus_100429,de3394369082,T1,100.00,,,1,domain_label,"{""domain_label"":""alonso711"",""name_norm"":""alonso banuelos y paredes"",""token_set_ratio"":100.0}",False,,False,1.0.0,worky_engine,2024-08-31
vitally,cus_100430,c87b1eef63b3,T1,100.00,,,1,domain_label,"{""domain_label"":""marquezcoron434"",""name_norm"":""marquez coronado"",""token_set_ratio"":100.0}",False,,False,1.0.0,worky_engine,2024-08-31
vitally,cus_100431,da3f37a71944,T1,100.00,,,1,domain_label,"{""domain_label"":""cavazosfigue171"",""name_norm"":""cavazos figueroa"",""token_set_ratio"":100.0}",False,,False,1.0.0,worky_engine,2024-08-31
vitally,cus_100432,8a1b676db0e4,T1,100.00,,,1,domain_label,"{""domain_label"":""duarte55"",""name_norm"":""duarte guillen y gaona"",""token_set_ratio"":100.0}",False,,False,1.0.0,worky_engine,2024-08-31
vitally,cus_100433,b898e16bae56,T1,100.00,,,1,domain_label,"{""domain_label"":""santillan518"",""name_norm"":""santillan y abreu"",""token_set_ratio"":100.0}",False,,False,1.0.0,worky_engine,2024-08-31
vitally,cus_100434,e622c23e2951,T1,100.00,,,1,domain_label,"{""domain_label"":""corporacin172"",""name_norm"":""corporacin galindo nino"",""token_set_ratio"":100.0}",False,,False,1.0.0,worky_engine,2024-08-31
vitally,cus_100435,97081fd75d7e,T1,100.00,,,1,domain_label,"{""domain_label"":""laboyaguilar282"",""name_norm"":""laboy aguilar"",""token_set_ratio"":100.0}",False,,False,1.0.0,worky_engine,2024-08-31
vitally,cus_100436,b71038723b34,T1,100.00,,,1,domain_label,"{""domain_label"":""melendez792"",""name_norm"":""melendez de c v"",""token_set_ratio"":100.0}",False,,False,1.0.0,worky_engine,2024-08-31
vitally,cus_100437,cce4e07ce38c,T1,100.00,,,1,domain_label,"{""domain_label"":""aparicio794"",""name_norm"":""aparicio s r l de c v"",""token_set_ratio"":100.0}",False,,False,1.0.0,worky_engine,2024-08-31
vitally,cus_100438,1288cafbc1fe,T1,100.00,,,1,domain_label,"{""domain_label"":""prieto224"",""name_norm"":""prieto alejandro y tamayo"",""token_set_ratio"":100.0}",False,,False,1.0.0,worky_engine,2024-08-31
vitally,cus_100439,f5dc072a79ed,T1,100.00,,,1,domain_label,"{""domain_label"":""montoya896"",""name_norm"":""montoya s a"",""token_set_ratio"":100.0}",False,,False,1.0.0,worky_engine,2024-08-31
vitally,cus_100440,5945ffa79bf5,T1,100.00,,,1,domain_label,"{""domain_label"":""grupo887"",""name_norm"":""grupo jaquez pulido y sanchez"",""token_set_ratio"":100.0}",False,,False,1.0.0,worky_engine,2024-08-31
vitally,cus_100441,25f129ce4fc4,T1,100.00,,,1,domain_label,"{""domain_label"":""toro625"",""name_norm"":""toro paredes y montenegro"",""token_set_ratio"":100.0}",False,,False,1.0.0,worky_engine,2024-08-31
vitally,cus_100442,bad845ea6ecb,T1,100.00,,,1,domain_label,"{""domain_label"":""corporacin825"",""name_norm"":""corporacin menendez castaneda"",""token_set_ratio"":100.0}",False,,False,1.0.0,worky_engine,2024-08-31
vitally,cus_100443,559a1afd0e44,T1,100.00,,,1,domain_label,"{""domain_label"":""robles332"",""name_norm"":""robles de c v"",""token_set_ratio"":100.0}",False,,False,1.0.0,worky_engine,2024-08-31
vitally,cus_100444,89c4b5ff4a9f,T1,100.00,,,1,domain_label,"{""domain_label"":""bueno835"",""name_norm"":""bueno davila y saenz"",""token_set_ratio"":100.0}",False,,False,1.0.0,worky_engine,2024-08-31
vitally,cus_100445,1a38af8fa679,T1,100.00,,,1,domain_label,"{""domain_label"":""despacho130"",""name_norm"":""despacho florez hernandes"",""token_set_ratio"":100.0}",False,,False,1.0.0,worky_engine,2024-08-31
vitally,cus_100446,dbb9781b47c5,T1,100.00,,,1,domain_label,"{""domain_label"":""amaya403"",""name_norm"":""amaya y razo"",""token_set_ratio"":100.0}",False,,False,1.0.0,worky_engine,2024-08-31
vitally,cus_100447,538f62518bf7,T1,100.00,,,1,domain_label,"{""domain_label"":""renteriamade463"",""name_norm"":""renteria madera"",""token_set_ratio"":100.0}",False,,False,1.0.0,worky_engine,2024-08-31
vitally,cus_100448,e96833e2c6bb,T1,100.00,,,1,domain_label,"{""domain_label"":""escalante974"",""name_norm"":""escalante y aguilera a c"",""token_set_ratio"":100.0}",False,,False,1.0.0,worky_engine,2024-08-31
vitally,cus_100449,d23090c83713,T1,100.00,,,1,domain_label,"{""domain_label"":""lerma681"",""name_norm"":""lerma juarez y bonilla"",""token_set_ratio"":100.0}",False,,False,1.0.0,worky_engine,2024-08-31
vitally,cus_100450,2c678f4bf9d9,T1,100.00,,,1,domain_label,"{""domain_label"":""renteriacont845"",""name_norm"":""renteria contreras"",""token_set_ratio"":100.0}",False,,False,1.0.0,worky_engine,2024-08-31
vitally,cus_100451,a6444ea5d4ad,T1,100.00,,,1,domain_label,"{""domain_label"":""corporacin592"",""name_norm"":""corporacin vanegas esparza y villalpando"",""token_set_ratio"":100.0}",False,,False,1.0.0,worky_engine,2024-08-31
vitally,cus_100452,8ab5e8824094,T1,100.00,,,1,domain_label,"{""domain_label"":""madrid102"",""name_norm"":""madrid s a"",""token_set_ratio"":100.0}",False,,False,1.0.0,worky_engine,2024-08-31
vitally,cus_100453,00fe53692ca1,T1,100.00,,,1,domain_label,"{""domain_label"":""despacho982"",""name_norm"":""despacho gamboa y espinoza"",""token_set_ratio"":100.0}",False,,False,1.0.0,worky_engine,2024-08-31
vitally,cus_100454,79cd2764ab4f,T1,100.00,,,1,domain_label,"{""domain_label"":""proyectos896"",""name_norm"":""proyectos frias sanchez"",""token_set_ratio"":100.0}",False,,False,1.0.0,worky_engine,2024-08-31
vitally,cus_100455,0df07dc09d21,T1,100.00,,,1,domain_label,"{""domain_label"":""verdugo926"",""name_norm"":""verdugo y esquibel s c"",""token_set_ratio"":100.0}",False,,False,1.0.0,worky_engine,2024-08-31
vitally,cus_100456,61797f4fd29d,T1,100.00,,,1,domain_label,"{""domain_label"":""torrezpolanc672"",""name_norm"":""torrez polanco"",""token_set_ratio"":100.0}",False,,False,1.0.0,worky_engine,2024-08-31
vitally,cus_100457,fcb92db97bd8,T1,100.00,,,1,domain_label,"{""domain_label"":""laureano532"",""name_norm"":""laureano y moreno s a"",""token_set_ratio"":100.0}",False,,False,1.0.0,worky_engine,2024-08-31
vitally,cus_100458,c7ae629f0670,T1,100.00,,,1,domain_label,"{""domain_label"":""magana711"",""name_norm"":""magana y peres"",""token_set_ratio"":100.0}",False,,False,1.0.0,worky_engine,2024-08-31
vitally,cus_100459,12031a79d1d3,T1,100.00,,,1,domain_label,"{""domain_label"":""rojas321"",""name_norm"":""rojas y marrero"",""token_set_ratio"":100.0}",False,,False,1.0.0,worky_engine,2024-08-31
vitally,cus_100460,a6d940689369,T1,100.00,,,1,domain_label,"{""domain_label"":""chavarriaced694"",""name_norm"":""chavarria cedillo"",""token_set_ratio"":100.0}",False,,False,1.0.0,worky_engine,2024-08-31
vitally,cus_100461,701a7145499e,T1,100.00,,,1,domain_label,"{""domain_label"":""bahenadavila360"",""name_norm"":""bahena davila"",""token_set_ratio"":100.0}",False,,False,1.0.0,worky_engine,2024-08-31
vitally,cus_100462,87ff09647766,T1,100.00,,,1,domain_label,"{""domain_label"":""club454"",""name_norm"":""club toro y tafoya"",""token_set_ratio"":100.0}",False,,False,1.0.0,worky_engine,2024-08-31
vitally,cus_100463,ef9605d5a1d4,T1,100.00,,,1,domain_label,"{""domain_label"":""lovato987"",""name_norm"":""lovato cortes y abreu"",""token_set_ratio"":100.0}",False,,False,1.0.0,worky_engine,2024-08-31
vitally,cus_100464,1c09f8474886,T1,100.00,,,1,domain_label,"{""domain_label"":""bravoteran567"",""name_norm"":""bravo teran"",""token_set_ratio"":100.0}",False,,False,1.0.0,worky_engine,2024-08-31
vitally,cus_100465,c7b8e3dd3d9e,T1,100.00,,,1,domain_label,"{""domain_label"":""industrias531"",""name_norm"":""industrias esquivel olivares y casarez"",""token_set_ratio"":100.0}",False,,False,1.0.0,worky_engine,2024-08-31
vitally,cus_100466,5469ca09097a,T1,100.00,,,1,domain_label,"{""domain_label"":""olivascasas507"",""name_norm"":""olivas casas"",""token_set_ratio"":100.0}",False,,False,1.0.0,worky_engine,2024-08-31
vitally,cus_100467,5211255cc108,T1,100.00,,,1,domain_label,"{""domain_label"":""montalvo911"",""name_norm"":""montalvo y marquez"",""token_set_ratio"":100.0}",False,,False,1.0.0,worky_engine,2024-08-31
vitally,cus_100468,289073814fdb,T1,100.00,,,1,domain_label,"{""domain_label"":""calderon375"",""name_norm"":""calderon s a"",""token_set_ratio"":100.0}",False,,False,1.0.0,worky_engine,2024-08-31
vitally,cus_100469,efe6dcc1eacd,T1,100.00,,,1,domain_label,"{""domain_label"":""betancourtsa602"",""name_norm"":""betancourt sanchez"",""token_set_ratio"":100.0}",False,,False,1.0.0,worky_engine,2024-08-31
vitally,cus_100470,d708a60010d8,T1,100.00,,,1,domain_label,"{""domain_label"":""corporacin294"",""name_norm"":""corporacin villalpando parra y barajas"",""token_set_ratio"":100.0}",False,,False,1.0.0,worky_engine,2024-08-31
vitally,cus_100471,0fda0433e133,T1,100.00,,,1,domain_label,"{""domain_label"":""industrias656"",""name_norm"":""industrias delgadillo vaca"",""token_set_ratio"":100.0}",False,,False,1.0.0,worky_engine,2024-08-31
vitally,cus_100472,b8ff0ac62b88,T1,100.00,,,1,domain_label,"{""domain_label"":""medinamena524"",""name_norm"":""medina mena"",""token_set_ratio"":100.0}",False,,False,1.0.0,worky_engine,2024-08-31
vitally,cus_100473,69e452cb7a98,T1,100.00,,,1,domain_label,"{""domain_label"":""barraza716"",""name_norm"":""barraza naranjo y valdez"",""token_set_ratio"":100.0}",False,,False,1.0.0,worky_engine,2024-08-31
vitally,cus_100474,a321e5e40776,T1,100.00,,,1,domain_label,"{""domain_label"":""corporacin627"",""name_norm"":""corporacin moreno luevano y burgos"",""token_set_ratio"":100.0}",False,,False,1.0.0,worky_engine,2024-08-31
vitally,cus_100475,6fbc308a9ed5,T1,100.00,,,1,domain_label,"{""domain_label"":""grupo13"",""name_norm"":""grupo alba toledo"",""token_set_ratio"":100.0}",False,,False,1.0.0,worky_engine,2024-08-31
vitally,cus_100476,567a1080b6c7,T1,100.00,,,1,domain_label,"{""domain_label"":""romerofranco530"",""name_norm"":""romero franco a c"",""token_set_ratio"":100.0}",False,,False,1.0.0,worky_engine,2024-08-31
vitally,cus_100477,93d4f5b861a3,T1,100.00,,,1,domain_label,"{""domain_label"":""luevano908"",""name_norm"":""luevano y lucero s a"",""token_set_ratio"":100.0}",False,,False,1.0.0,worky_engine,2024-08-31
vitally,cus_100478,89d3af7bfbf6,T1,100.00,,,1,domain_label,"{""domain_label"":""industrias270"",""name_norm"":""industrias gurule holguin"",""token_set_ratio"":100.0}",False,,False,1.0.0,worky_engine,2024-08-31
vitally,cus_100479,d7f2491cbf17,T1,100.00,,,1,domain_label,"{""domain_label"":""ceja57"",""name_norm"":""ceja sanches y berrios"",""token_set_ratio"":100.0}",False,,False,1.0.0,worky_engine,2024-08-31
vitally,cus_100480,67298e35c7b4,T1,100.00,,,1,domain_label,"{""domain_label"":""ozuna691"",""name_norm"":""ozuna y castillo"",""token_set_ratio"":100.0}",False,,False,1.0.0,worky_engine,2024-08-31
vitally,cus_100481,167708133e90,T1,100.00,,,1,domain_label,"{""domain_label"":""solorio251"",""name_norm"":""solorio y cisneros a c"",""token_set_ratio"":100.0}",False,,False,1.0.0,worky_engine,2024-08-31
vitally,cus_100482,375bde6ba88f,T1,100.00,,,1,domain_label,"{""domain_label"":""gamezotero567"",""name_norm"":""gamez otero"",""token_set_ratio"":100.0}",False,,False,1.0.0,worky_engine,2024-08-31
vitally,cus_100483,51e97a6e2d0f,T1,100.00,,,1,domain_label,"{""domain_label"":""ibarra846"",""name_norm"":""ibarra"",""token_set_ratio"":100.0}",False,,False,1.0.0,worky_engine,2024-08-31
vitally,cus_100484,3baa0f55645f,T1,100.00,,,1,domain_label,"{""domain_label"":""segura824"",""name_norm"":""segura zamudio y baca"",""token_set_ratio"":100.0}",False,,False,1.0.0,worky_engine,2024-08-31
vitally,cus_100485,79b0014ab30f,T1,100.00,,,1,domain_label,"{""domain_label"":""club336"",""name_norm"":""club nieto gaona"",""token_set_ratio"":100.0}",False,,False,1.0.0,worky_engine,2024-08-31
vitally,cus_100486,c434d20674b5,T1,100.00,,,1,domain_label,"{""domain_label"":""juradoaguila758"",""name_norm"":""jurado aguilar"",""token_set_ratio"":100.0}",False,,False,1.0.0,worky_engine,2024-08-31
vitally,cus_100487,589f42a9c63a,T1,100.00,,,1,domain_label,"{""domain_label"":""mojicaruelas923"",""name_norm"":""mojica ruelas"",""token_set_ratio"":100.0}",False,,False,1.0.0,worky_engine,2024-08-31
vitally,cus_100488,5788d992991c,T1,100.00,,,1,domain_label,"{""domain_label"":""laboratorios355"",""name_norm"":""laboratorios cardona prado y valverde"",""token_set_ratio"":100.0}",False,,False,1.0.0,worky_engine,2024-08-31
vitally,cus_100489,093598bb9373,T1,100.00,,,1,domain_label,"{""domain_label"":""manzanares211"",""name_norm"":""manzanares y zapata"",""token_set_ratio"":100.0}",False,,False,1.0.0,worky_engine,2024-08-31
vitally,cus_100490,eda37dec809b,T1,100.00,,,1,domain_label,"{""domain_label"":""espinalcoron287"",""name_norm"":""espinal coronado"",""token_set_ratio"":100.0}",False,,False,1.0.0,worky_engine,2024-08-31
vitally,cus_100491,cba7ec6afd2e,T1,100.00,,,1,domain_label,"{""domain_label"":""medranocoron718"",""name_norm"":""medrano coronado"",""token_set_ratio"":100.0}",False,,False,1.0.0,worky_engine,2024-08-31
vitally,cus_100492,953a1fa5f1e4,T1,100.00,,,1,domain_label,"{""domain_label"":""menchacasuar840"",""name_norm"":""menchaca suarez s c"",""token_set_ratio"":100.0}",False,,False,1.0.0,worky_engine,2024-08-31
vitally,cus_100493,e0ed9bc3304b,T1,100.00,,,1,domain_label,"{""domain_label"":""rosariodelga299"",""name_norm"":""rosario delgado"",""token_set_ratio"":100.0}",False,,False,1.0.0,worky_engine,2024-08-31
vitally,cus_100494,bcbbeb996730,T1,100.00,,,1,domain_label,"{""domain_label"":""meza464"",""name_norm"":""meza y riojas"",""token_set_ratio"":100.0}",False,,False,1.0.0,worky_engine,2024-08-31
vitally,cus_100495,1fca191b2c4a,T1,100.00,,,1,domain_label,"{""domain_label"":""grupo160"",""name_norm"":""grupo salcedo valles"",""token_set_ratio"":100.0}",False,,False,1.0.0,worky_engine,2024-08-31
vitally,cus_100496,87428c0f5a32,T1,100.00,,,1,domain_label,"{""domain_label"":""club367"",""name_norm"":""club avila y trujillo"",""token_set_ratio"":100.0}",False,,False,1.0.0,worky_engine,2024-08-31
vitally,cus_100497,1344cdebacd2,T1,100.00,,,1,domain_label,"{""domain_label"":""club162"",""name_norm"":""club saldana lira y heredia"",""token_set_ratio"":100.0}",False,,False,1.0.0,worky_engine,2024-08-31
vitally,cus_100498,88cf09ccad92,T1,100.00,,,1,domain_label,"{""domain_label"":""industrias856"",""name_norm"":""industrias juarez portillo y serrano"",""token_set_ratio"":100.0}",False,,False,1.0.0,worky_engine,2024-08-31
vitally,cus_100499,baf649016fa9,T1,100.00,,,1,domain_label,"{""domain_label"":""arenas51"",""name_norm"":""arenas"",""token_set_ratio"":100.0}",False,,False,1.0.0,worky_engine,2024-08-31
vitally,cus_100500,c4a02f8c12cd,T1,100.00,,,1,domain_label,"{""domain_label"":""villalpando876"",""name_norm"":""villalpando a c"",""token_set_ratio"":100.0}",False,,False,1.0.0,worky_engine,2024-08-31
vitally,cus_100501,de0488775bd0,T1,100.00,,,1,domain_label,"{""domain_label"":""baeza824"",""name_norm"":""baeza y segovia de c v"",""token_set_ratio"":100.0}",False,,False,1.0.0,worky_engine,2024-08-31
vitally,cus_100502,3ed1dd022bbe,T1,100.00,,,1,domain_label,"{""domain_label"":""zambranocaba844"",""name_norm"":""zambrano caban s c"",""token_set_ratio"":100.0}",False,,False,1.0.0,worky_engine,2024-08-31
vitally,cus_100503,7a3a0e83d9f6,T1,100.00,,,1,domain_label,"{""domain_label"":""baeza601"",""name_norm"":""baeza de c v"",""token_set_ratio"":100.0}",False,,False,1.0.0,worky_engine,2024-08-31
vitally,cus_100504,4cfcbde1f51f,T1,100.00,,,1,domain_label,"{""domain_label"":""maganasevill95"",""name_norm"":""magana sevilla"",""token_set_ratio"":100.0}",False,,False,1.0.0,worky_engine,2024-08-31
vitally,cus_100505,dde4a2325dc6,T1,100.00,,,1,domain_label,"{""domain_label"":""robles444"",""name_norm"":""robles y saldivar s a"",""token_set_ratio"":100.0}",False,,False,1.0.0,worky_engine,2024-08-31
vitally,cus_100506,d0cc2b9c1ce9,T1,100.00,,,1,domain_label,"{""domain_label"":""escamilla220"",""name_norm"":""escamilla malave y garrido"",""token_set_ratio"":100.0}",False,,False,1.0.0,worky_engine,2024-08-31
vitally,cus_100507,548b90cb0018,T1,100.00,,,1,domain_label,"{""domain_label"":""porrasarredo635"",""name_norm"":""porras arredondo s a"",""token_set_ratio"":100.0}",False,,False,1.0.0,worky_engine,2024-08-31
vitally,cus_100508,5d3a54fbe090,T1,100.00,,,1,domain_label,"{""domain_label"":""maestasbusto63"",""name_norm"":""maestas bustos a c"",""token_set_ratio"":100.0}",False,,False,1.0.0,worky_engine,2024-08-31
vitally,cus_100509,1a1192e17404,T1,100.00,,,1,domain_label,"{""domain_label"":""escobedo646"",""name_norm"":""escobedo guzman y montano"",""token_set_ratio"":100.0}",False,,False,1.0.0,worky_engine,2024-08-31
vitally,cus_100510,e9e407e1731c,T1,100.00,,,1,domain_label,"{""domain_label"":""saldana558"",""name_norm"":""saldana y munguia"",""token_set_ratio"":100.0}",False,,False,1.0.0,worky_engine,2024-08-31
vitally,cus_100511,8018f473b454,T1,100.00,,,1,domain_label,"{""domain_label"":""despacho277"",""name_norm"":""despacho olivarez y toro"",""token_set_ratio"":100.0}",False,,False,1.0.0,worky_engine,2024-08-31
vitally,cus_100512,e31d2d4a48e2,T1,100.00,,,1,domain_label,"{""domain_label"":""proyectos829"",""name_norm"":""proyectos carrasco cabrera"",""token_set_ratio"":100.0}",False,,False,1.0.0,worky_engine,2024-08-31
vitally,cus_100513,b6227ca140ae,T1,100.00,,,1,domain_label,"{""domain_label"":""club254"",""name_norm"":""club samaniego rosado y arias"",""token_set_ratio"":100.0}",False,,False,1.0.0,worky_engine,2024-08-31
vitally,cus_100514,b7214f7de0d2,T1,100.00,,,1,domain_label,"{""domain_label"":""de590"",""name_norm"":""de la fuente y olivarez a c"",""token_set_ratio"":100.0}",False,,False,1.0.0,worky_engine,2024-08-31
vitally,cus_100515,4852e6665bc7,T1,100.00,,,1,domain_label,"{""domain_label"":""naranjolimon243"",""name_norm"":""naranjo limon a c"",""token_set_ratio"":100.0}",False,,False,1.0.0,worky_engine,2024-08-31
vitally,cus_100516,a565c66b9bc6,T1,100.00,,,1,domain_label,"{""domain_label"":""de721"",""name_norm"":""de la torre rosas"",""token_set_ratio"":100.0}",False,,False,1.0.0,worky_engine,2024-08-31
vitally,cus_100517,3d464b2bd5fe,T1,100.00,,,1,domain_label,"{""domain_label"":""gaitandelgad556"",""name_norm"":""gaitan delgadillo"",""token_set_ratio"":100.0}",False,,False,1.0.0,worky_engine,2024-08-31
vitally,cus_100518,f3488af55845,T1,100.00,,,1,domain_label,"{""domain_label"":""amaya21"",""name_norm"":""amaya y vazquez"",""token_set_ratio"":100.0}",False,,False,1.0.0,worky_engine,2024-08-31
vitally,cus_100519,2c29d4cb2989,T1,100.00,,,1,domain_label,"{""domain_label"":""peraltacaban349"",""name_norm"":""peralta caban"",""token_set_ratio"":100.0}",False,,False,1.0.0,worky_engine,2024-08-31
vitally,cus_100520,2cd7d67219cc,T1,100.00,,,1,domain_label,"{""domain_label"":""rosasrojas23"",""name_norm"":""rosas rojas"",""token_set_ratio"":100.0}",False,,False,1.0.0,worky_engine,2024-08-31
vitally,cus_100521,d8cba4a1d43d,T1,100.00,,,1,domain_label,"{""domain_label"":""viera383"",""name_norm"":""viera griego y vasquez"",""token_set_ratio"":100.0}",False,,False,1.0.0,worky_engine,2024-08-31
vitally,cus_100522,967e6f7023fc,T1,100.00,,,1,domain_label,"{""domain_label"":""corporacin750"",""name_norm"":""corporacin borrego torres y lomeli"",""token_set_ratio"":100.0}",False,,False,1.0.0,worky_engine,2024-08-31
vitally,cus_100523,40cbcd1a5e9b,T1,100.00,,,1,domain_label,"{""domain_label"":""industrias911"",""name_norm"":""industrias reyna feliciano"",""token_set_ratio"":100.0}",False,,False,1.0.0,worky_engine,2024-08-31
vitally,cus_100524,368a3f9d6514,T1,100.00,,,1,domain_label,"{""domain_label"":""fernandez315"",""name_norm"":""fernandez s c"",""token_set_ratio"":100.0}",False,,False,1.0.0,worky_engine,2024-08-31
vitally,cus_100525,62e862d0ba6b,T1,100.00,,,1,domain_label,"{""domain_label"":""arellano872"",""name_norm"":""arellano abrego y carrero"",""token_set_ratio"":100.0}",False,,False,1.0.0,worky_engine,2024-08-31
vitally,cus_100526,81215df16b9d,T1,100.00,,,1,domain_label,"{""domain_label"":""grupo655"",""name_norm"":""grupo lira maya y vera"",""token_set_ratio"":100.0}",False,,False,1.0.0,worky_engine,2024-08-31
vitally,cus_100527,78dd22e22aac,T1,100.00,,,1,domain_label,"{""domain_label"":""club356"",""name_norm"":""club segovia santana y vela"",""token_set_ratio"":100.0}",False,,False,1.0.0,worky_engine,2024-08-31
vitally,cus_100528,dc75715a3853,T1,100.00,,,1,domain_label,"{""domain_label"":""vaca12"",""name_norm"":""vaca y borrego s r l de c v"",""token_set_ratio"":100.0}",False,,False,1.0.0,worky_engine,2024-08-31
vitally,cus_100529,5f6fe04e3c0d,T1,100.00,,,1,domain_label,"{""domain_label"":""despacho738"",""name_norm"":""despacho montalvo garza y salazar"",""token_set_ratio"":100.0}",False,,False,1.0.0,worky_engine,2024-08-31
vitally,cus_100530,ed5931954b72,T1,100.00,,,1,domain_label,"{""domain_label"":""zelaya505"",""name_norm"":""zelaya s r l de c v"",""token_set_ratio"":100.0}",False,,False,1.0.0,worky_engine,2024-08-31
vitally,cus_100531,c7e410d860dd,T1,100.00,,,1,domain_label,"{""domain_label"":""industrias667"",""name_norm"":""industrias calderon y casares"",""token_set_ratio"":100.0}",False,,False,1.0.0,worky_engine,2024-08-31
vitally,cus_100532,53f68810a2c7,T1,100.00,,,1,domain_label,"{""domain_label"":""rivero21"",""name_norm"":""rivero castellanos y anaya"",""token_set_ratio"":100.0}",False,,False,1.0.0,worky_engine,2024-08-31
vitally,cus_100533,4cdf5b9fe3a4,T1,100.00,,,1,domain_label,"{""domain_label"":""saldivar750"",""name_norm"":""saldivar y rojo s a"",""token_set_ratio"":100.0}",False,,False,1.0.0,worky_engine,2024-08-31
vitally,cus_100534,5382574560dc,T1,100.00,,,1,domain_label,"{""domain_label"":""vallevalenci629"",""name_norm"":""valle valencia s c"",""token_set_ratio"":100.0}",False,,False,1.0.0,worky_engine,2024-08-31
vitally,cus_100535,73a7137f9426,T1,100.00,,,1,domain_label,"{""domain_label"":""guajardo161"",""name_norm"":""guajardo y chacon s a"",""token_set_ratio"":100.0}",False,,False,1.0.0,worky_engine,2024-08-31
vitally,cus_100536,59a8da5bbd25,T1,100.00,,,1,domain_label,"{""domain_label"":""casanova568"",""name_norm"":""casanova s a"",""token_set_ratio"":100.0}",False,,False,1.0.0,worky_engine,2024-08-31
vitally,cus_100537,10e7e55b829d,T1,100.00,,,1,domain_label,"{""domain_label"":""alvarez51"",""name_norm"":""alvarez y salcido"",""token_set_ratio"":100.0}",False,,False,1.0.0,worky_engine,2024-08-31
vitally,cus_100538,887b2c1a1380,T1,100.00,,,1,domain_label,"{""domain_label"":""laboratorios4"",""name_norm"":""laboratorios sandoval tijerina"",""token_set_ratio"":100.0}",False,,False,1.0.0,worky_engine,2024-08-31
vitally,cus_100539,7ecb5a47e4a1,T1,100.00,,,1,domain_label,"{""domain_label"":""hernadez205"",""name_norm"":""hernadez y cordova s r l de c v"",""token_set_ratio"":100.0}",False,,False,1.0.0,worky_engine,2024-08-31
vitally,cus_100540,5ff51d984ff6,T1,100.00,,,1,domain_label,"{""domain_label"":""arevaloorta316"",""name_norm"":""arevalo orta"",""token_set_ratio"":100.0}",False,,False,1.0.0,worky_engine,2024-08-31
vitally,cus_100541,4748fb3a478f,T1,100.00,,,1,domain_label,"{""domain_label"":""sepulveda658"",""name_norm"":""sepulveda y cisneros"",""token_set_ratio"":100.0}",False,,False,1.0.0,worky_engine,2024-08-31
vitally,cus_100542,a24f4d4bb486,T1,100.00,,,1,domain_label,"{""domain_label"":""tijerina457"",""name_norm"":""tijerina y rangel a c"",""token_set_ratio"":100.0}",False,,False,1.0.0,worky_engine,2024-08-31
vitally,cus_100543,f9d56b104a2b,T1,100.00,,,1,domain_label,"{""domain_label"":""zamoraluna64"",""name_norm"":""zamora luna"",""token_set_ratio"":100.0}",False,,False,1.0.0,worky_engine,2024-08-31
vitally,cus_100544,03e9e800144c,T1,100.00,,,1,domain_label,"{""domain_label"":""cervantez995"",""name_norm"":""cervantez esparza y oquendo"",""token_set_ratio"":100.0}",False,,False,1.0.0,worky_engine,2024-08-31
vitally,cus_100545,78e777fdb583,T1,100.00,,,1,domain_label,"{""domain_label"":""tejada989"",""name_norm"":""tejada cortez y leon"",""token_set_ratio"":100.0}",False,,False,1.0.0,worky_engine,2024-08-31
vitally,cus_100546,77af4118522b,T1,100.00,,,1,domain_label,"{""domain_label"":""godoy405"",""name_norm"":""godoy y fierro"",""token_set_ratio"":100.0}",False,,False,1.0.0,worky_engine,2024-08-31
vitally,cus_100547,59a59dbb5c8d,T1,100.00,,,1,domain_label,"{""domain_label"":""balderasespi636"",""name_norm"":""balderas espinoza"",""token_set_ratio"":100.0}",False,,False,1.0.0,worky_engine,2024-08-31
vitally,cus_100548,7964d8b4df3d,T1,100.00,,,1,domain_label,"{""domain_label"":""varelagalleg130"",""name_norm"":""varela gallegos"",""token_set_ratio"":100.0}",False,,False,1.0.0,worky_engine,2024-08-31
vitally,cus_100549,279ab800ac35,T1,100.00,,,1,domain_label,"{""domain_label"":""ledesmarolon152"",""name_norm"":""ledesma rolon s a"",""token_set_ratio"":100.0}",False,,False,1.0.0,worky_engine,2024-08-31
vitally,cus_100550,57c8aca8703d,T1,100.00,,,1,domain_label,"{""domain_label"":""club398"",""name_norm"":""club cuellar leiva"",""token_set_ratio"":100.0}",False,,False,1.0.0,worky_engine,2024-08-31
vitally,cus_100551,714a72f5154c,T1,100.00,,,1,domain_label,"{""domain_label"":""laboratorios940"",""name_norm"":""laboratorios ramirez y villalpando"",""token_set_ratio"":100.0}",False,,False,1.0.0,worky_engine,2024-08-31
vitally,cus_100552,f53160415402,T1,100.00,,,1,domain_label,"{""domain_label"":""nava581"",""name_norm"":""nava s c"",""token_set_ratio"":100.0}",False,,False,1.0.0,worky_engine,2024-08-31
vitally,cus_100553,92f4e669bfdd,T1,100.00,,,1,domain_label,"{""domain_label"":""laboratorios902"",""name_norm"":""laboratorios olivarez camarillo"",""token_set_ratio"":100.0}",False,,False,1.0.0,worky_engine,2024-08-31
vitally,cus_100554,3e0310fe6b93,T1,100.00,,,2,domain_label,"{""domain_label"":""proyectos485"",""name_norm"":""proyectos gonzalez carrasco y rivera"",""token_set_ratio"":100.0}",False,,False,1.0.0,worky_engine,2024-08-31
vitally,cus_100555,8425a0e965c5,T1,100.00,,,1,domain_label,"{""domain_label"":""corporacin711"",""name_norm"":""corporacin porras regalado"",""token_set_ratio"":100.0}",False,,False,1.0.0,worky_engine,2024-08-31
vitally,cus_100556,73791fb3cf09,T1,100.00,,,1,domain_label,"{""domain_label"":""ocampo764"",""name_norm"":""ocampo osorio y oquendo"",""token_set_ratio"":100.0}",False,,False,1.0.0,worky_engine,2024-08-31
vitally,cus_100557,fa963456da9c,T1,100.00,,,1,domain_label,"{""domain_label"":""de288"",""name_norm"":""de la rosa molina"",""token_set_ratio"":100.0}",False,,False,1.0.0,worky_engine,2024-08-31
vitally,cus_100558,118a77d9045d,T1,100.00,,,1,domain_label,"{""domain_label"":""corporacin308"",""name_norm"":""corporacin valdez samaniego y sotelo"",""token_set_ratio"":100.0}",False,,False,1.0.0,worky_engine,2024-08-31
vitally,cus_100559,454a653ec9a9,T1,100.00,,,1,domain_label,"{""domain_label"":""velasquez662"",""name_norm"":""velasquez y anaya s r l de c v"",""token_set_ratio"":100.0}",False,,False,1.0.0,worky_engine,2024-08-31
vitally,cus_100560,f34cb98c7172,T1,100.00,,,1,domain_label,"{""domain_label"":""corporacin497"",""name_norm"":""corporacin almanza vargas y benavides"",""token_set_ratio"":100.0}",False,,False,1.0.0,worky_engine,2024-08-31
vitally,cus_100561,7fb38f9e61ff,T1,100.00,,,1,domain_label,"{""domain_label"":""mejia68"",""name_norm"":""mejia paredes y vargas"",""token_set_ratio"":100.0}",False,,False,1.0.0,worky_engine,2024-08-31
vitally,cus_100562,850c889b188c,T1,100.00,,,1,domain_label,"{""domain_label"":""quintanilla858"",""name_norm"":""quintanilla y soto"",""token_set_ratio"":100.0}",False,,False,1.0.0,worky_engine,2024-08-31
vitally,cus_100563,1f5adba0a272,T1,100.00,,,1,domain_label,"{""domain_label"":""urbina378"",""name_norm"":""urbina y cedillo s a"",""token_set_ratio"":100.0}",False,,False,1.0.0,worky_engine,2024-08-31
vitally,cus_100564,98aa01742131,T1,100.00,,,1,domain_label,"{""domain_label"":""rubio382"",""name_norm"":""rubio y saiz s c"",""token_set_ratio"":100.0}",False,,False,1.0.0,worky_engine,2024-08-31
vitally,cus_100565,b454b2f7bd1c,T1,100.00,,,1,domain_label,"{""domain_label"":""cordero359"",""name_norm"":""cordero zamora y salcido"",""token_set_ratio"":100.0}",False,,False,1.0.0,worky_engine,2024-08-31
vitally,cus_100566,945c463e27f5,T1,100.00,,,1,domain_label,"{""domain_label"":""laboratorios29"",""name_norm"":""laboratorios solano corrales"",""token_set_ratio"":100.0}",False,,False,1.0.0,worky_engine,2024-08-31
vitally,cus_100567,d591a4e10426,T1,100.00,,,1,domain_label,"{""domain_label"":""corporacin663"",""name_norm"":""corporacin saavedra garcia"",""token_set_ratio"":100.0}",False,,False,1.0.0,worky_engine,2024-08-31
vitally,cus_100568,835f374d427c,T1,100.00,,,1,domain_label,"{""domain_label"":""batistaherna10"",""name_norm"":""batista hernadez"",""token_set_ratio"":100.0}",False,,False,1.0.0,worky_engine,2024-08-31
vitally,cus_100569,6709cae3efd1,T1,100.00,,,1,domain_label,"{""domain_label"":""grupo259"",""name_norm"":""grupo portillo del rio y valdivia"",""token_set_ratio"":100.0}",False,,False,1.0.0,worky_engine,2024-08-31
vitally,cus_100570,cf932e3d82d8,T1,100.00,,,1,domain_label,"{""domain_label"":""corporacin917"",""name_norm"":""corporacin toledo y anguiano"",""token_set_ratio"":100.0}",False,,False,1.0.0,worky_engine,2024-08-31
vitally,cus_100571,2f26a0da0310,T1,100.00,,,1,domain_label,"{""domain_label"":""industrias534"",""name_norm"":""industrias centeno y rosario"",""token_set_ratio"":100.0}",False,,False,1.0.0,worky_engine,2024-08-31
vitally,cus_100572,2f9a572a5bab,T1,100.00,,,1,domain_label,"{""domain_label"":""ulibarripach663"",""name_norm"":""ulibarri pacheco"",""token_set_ratio"":100.0}",False,,False,1.0.0,worky_engine,2024-08-31
vitally,cus_100573,7cd86d7f8789,T1,100.00,,,1,domain_label,"{""domain_label"":""veramaya284"",""name_norm"":""vera maya a c"",""token_set_ratio"":100.0}",False,,False,1.0.0,worky_engine,2024-08-31
vitally,cus_100574,cdd0fe341983,T1,100.00,,,1,domain_label,"{""domain_label"":""club154"",""name_norm"":""club pabon serna y caraballo"",""token_set_ratio"":100.0}",False,,False,1.0.0,worky_engine,2024-08-31
vitally,cus_100575,cc612f12a5f3,T1,100.00,,,1,domain_label,"{""domain_label"":""nietobriones144"",""name_norm"":""nieto briones"",""token_set_ratio"":100.0}",False,,False,1.0.0,worky_engine,2024-08-31
vitally,cus_100576,9e718ad7d560,T1,100.00,,,1,domain_label,"{""domain_label"":""villanueva415"",""name_norm"":""villanueva"",""token_set_ratio"":100.0}",False,,False,1.0.0,worky_engine,2024-08-31
vitally,cus_100577,723875008eb9,T1,100.00,,,1,domain_label,"{""domain_label"":""villasenorma744"",""name_norm"":""villasenor marrero"",""token_set_ratio"":100.0}",False,,False,1.0.0,worky_engine,2024-08-31
vitally,cus_100578,a93e31f7946a,T1,100.00,,,1,domain_label,"{""domain_label"":""grupo368"",""name_norm"":""grupo almanza carrera"",""token_set_ratio"":100.0}",False,,False,1.0.0,worky_engine,2024-08-31
vitally,cus_100579,c722bd70bb6d,T1,100.00,,,1,domain_label,"{""domain_label"":""alarcon100"",""name_norm"":""alarcon a c"",""token_set_ratio"":100.0}",False,,False,1.0.0,worky_engine,2024-08-31
vitally,cus_100580,97ee9f62574c,T1,100.00,,,1,domain_label,"{""domain_label"":""collazonegro970"",""name_norm"":""collazo negron s c"",""token_set_ratio"":100.0}",False,,False,1.0.0,worky_engine,2024-08-31
vitally,cus_100581,c8d1b8b01b16,T1,100.00,,,1,domain_label,"{""domain_label"":""tejeda808"",""name_norm"":""tejeda rivera y abrego"",""token_set_ratio"":100.0}",False,,False,1.0.0,worky_engine,2024-08-31
vitally,cus_100582,7e3cff38400b,T1,100.00,,,1,domain_label,"{""domain_label"":""industrias55"",""name_norm"":""industrias mares y lopez"",""token_set_ratio"":100.0}",False,,False,1.0.0,worky_engine,2024-08-31
vitally,cus_100583,9eb7a3a6657b,T1,100.00,,,1,domain_label,"{""domain_label"":""olivoparra391"",""name_norm"":""olivo parra"",""token_set_ratio"":100.0}",False,,False,1.0.0,worky_engine,2024-08-31
vitally,cus_100584,dcbec6838ba3,T1,100.00,,,1,domain_label,"{""domain_label"":""sosa420"",""name_norm"":""sosa sosa y acuna"",""token_set_ratio"":100.0}",False,,False,1.0.0,worky_engine,2024-08-31
vitally,cus_100585,dcf6784c3f48,T1,100.00,,,1,domain_label,"{""domain_label"":""bahenacollad500"",""name_norm"":""bahena collado"",""token_set_ratio"":100.0}",False,,False,1.0.0,worky_engine,2024-08-31
vitally,cus_100586,1e6e8393975f,T1,100.00,,,1,domain_label,"{""domain_label"":""club215"",""name_norm"":""club pizarro bernal y diaz"",""token_set_ratio"":100.0}",False,,False,1.0.0,worky_engine,2024-08-31
vitally,cus_100587,9c83b29dabc8,T1,100.00,,,1,domain_label,"{""domain_label"":""despacho630"",""name_norm"":""despacho urrutia y gollum"",""token_set_ratio"":100.0}",False,,False,1.0.0,worky_engine,2024-08-31
vitally,cus_100588,6978c5309efe,T1,100.00,,,1,domain_label,"{""domain_label"":""cadenacantu39"",""name_norm"":""cadena cantu"",""token_set_ratio"":100.0}",False,,False,1.0.0,worky_engine,2024-08-31
vitally,cus_100589,f9258b3410f9,T1,100.00,,,1,domain_label,"{""domain_label"":""saldivarlong196"",""name_norm"":""saldivar longoria"",""token_set_ratio"":100.0}",False,,False,1.0.0,worky_engine,2024-08-31
vitally,cus_100590,ba0e4a372968,T1,100.00,,,1,domain_label,"{""domain_label"":""vela133"",""name_norm"":""vela y carranza"",""token_set_ratio"":100.0}",False,,False,1.0.0,worky_engine,2024-08-31
vitally,cus_100591,ab72e3445be1,T1,100.00,,,1,domain_label,"{""domain_label"":""laboratorios306"",""name_norm"":""laboratorios zepeda y dominguez"",""token_set_ratio"":100.0}",False,,False,1.0.0,worky_engine,2024-08-31
vitally,cus_100592,ed0225bd89c5,T1,100.00,,,1,domain_label,"{""domain_label"":""gil910"",""name_norm"":""gil s a"",""token_set_ratio"":100.0}",False,,False,1.0.0,worky_engine,2024-08-31
vitally,cus_100593,7c71e1e60120,T1,100.00,,,1,domain_label,"{""domain_label"":""grupo169"",""name_norm"":""grupo urias romero"",""token_set_ratio"":100.0}",False,,False,1.0.0,worky_engine,2024-08-31
vitally,cus_100594,a79430c11e48,T1,100.00,,,1,domain_label,"{""domain_label"":""despacho752"",""name_norm"":""despacho alvarado ceballos y farias"",""token_set_ratio"":100.0}",False,,False,1.0.0,worky_engine,2024-08-31
vitally,cus_100595,ad2278a4a6c6,T1,100.00,,,1,domain_label,"{""domain_label"":""despacho898"",""name_norm"":""despacho teran orta y paez"",""token_set_ratio"":100.0}",False,,False,1.0.0,worky_engine,2024-08-31
vitally,cus_100596,3967f5213479,T1,100.00,,,1,domain_label,"{""domain_label"":""quintero678"",""name_norm"":""quintero escobedo y carrillo"",""token_set_ratio"":100.0}",False,,False,1.0.0,worky_engine,2024-08-31
vitally,cus_100597,c82c8b5945bb,T1,100.00,,,1,domain_label,"{""domain_label"":""vera127"",""name_norm"":""vera s r l de c v"",""token_set_ratio"":100.0}",False,,False,1.0.0,worky_engine,2024-08-31
vitally,cus_100598,ecd54f585087,T1,100.00,,,1,domain_label,"{""domain_label"":""industrias431"",""name_norm"":""industrias rosado gaona"",""token_set_ratio"":100.0}",False,,False,1.0.0,worky_engine,2024-08-31
vitally,cus_100599,bcdb022bc305,T1,100.00,,,1,domain_label,"{""domain_label"":""club141"",""name_norm"":""club meza y madera"",""token_set_ratio"":100.0}",False,,False,1.0.0,worky_engine,2024-08-31
vitally,cus_100600,db9bc2d200e6,T1,100.00,,,1,domain_label,"{""domain_label"":""echeverriava804"",""name_norm"":""echeverria valdez"",""token_set_ratio"":100.0}",False,,False,1.0.0,worky_engine,2024-08-31
vitally,cus_100601,b4c838eb089c,T1,100.00,,,1,domain_label,"{""domain_label"":""grupo997"",""name_norm"":""grupo tejada rivas"",""token_set_ratio"":100.0}",False,,False,1.0.0,worky_engine,2024-08-31
vitally,cus_100602,e4190b8c9edb,T1,100.00,,,1,domain_label,"{""domain_label"":""casarezmuril509"",""name_norm"":""casarez murillo"",""token_set_ratio"":100.0}",False,,False,1.0.0,worky_engine,2024-08-31
vitally,cus_100603,b4e6ad0d057a,T1,100.00,,,1,domain_label,"{""domain_label"":""calvillo856"",""name_norm"":""calvillo burgos y aleman"",""token_set_ratio"":100.0}",False,,False,1.0.0,worky_engine,2024-08-31
vitally,cus_100604,eb6e17931ac2,T1,100.00,,,1,domain_label,"{""domain_label"":""guardadochap741"",""name_norm"":""guardado chapa"",""token_set_ratio"":100.0}",False,,False,1.0.0,worky_engine,2024-08-31
vitally,cus_100605,e19569d925d2,T1,100.00,,,1,domain_label,"{""domain_label"":""club271"",""name_norm"":""club gonzalez jasso"",""token_set_ratio"":100.0}",False,,False,1.0.0,worky_engine,2024-08-31
vitally,cus_100606,04887d0f3f7c,T1,100.00,,,1,domain_label,"{""domain_label"":""alcalamagana369"",""name_norm"":""alcala magana"",""token_set_ratio"":100.0}",False,,False,1.0.0,worky_engine,2024-08-31
vitally,cus_100607,6b9938219d8f,T1,100.00,,,1,domain_label,"{""domain_label"":""club873"",""name_norm"":""club solorzano y mireles"",""token_set_ratio"":100.0}",False,,False,1.0.0,worky_engine,2024-08-31
vitally,cus_100608,c29e32af3d21,T1,100.00,,,1,domain_label,"{""domain_label"":""corporacin900"",""name_norm"":""corporacin urias lerma"",""token_set_ratio"":100.0}",False,,False,1.0.0,worky_engine,2024-08-31
vitally,cus_100609,2e313ecc9f06,T1,100.00,,,1,domain_label,"{""domain_label"":""batistabrise410"",""name_norm"":""batista briseno s a"",""token_set_ratio"":100.0}",False,,False,1.0.0,worky_engine,2024-08-31
vitally,cus_100610,21a76877b923,T1,100.00,,,1,domain_label,"{""domain_label"":""granados665"",""name_norm"":""granados a c"",""token_set_ratio"":100.0}",False,,False,1.0.0,worky_engine,2024-08-31
vitally,cus_100611,91406719f00e,T1,100.00,,,1,domain_label,"{""domain_label"":""soriaheredia427"",""name_norm"":""soria heredia"",""token_set_ratio"":100.0}",False,,False,1.0.0,worky_engine,2024-08-31
vitally,cus_100612,77c327404c72,T1,100.00,,,1,domain_label,"{""domain_label"":""proyectos389"",""name_norm"":""proyectos esquibel espinal"",""token_set_ratio"":100.0}",False,,False,1.0.0,worky_engine,2024-08-31
vitally,cus_100613,dcf4823a4d63,T1,100.00,,,1,domain_label,"{""domain_label"":""tijerina909"",""name_norm"":""tijerina y laboy s c"",""token_set_ratio"":100.0}",False,,False,1.0.0,worky_engine,2024-08-31
vitally,cus_100614,b11ab648f308,T1,100.00,,,1,domain_label,"{""domain_label"":""romo591"",""name_norm"":""romo s a"",""token_set_ratio"":100.0}",False,,False,1.0.0,worky_engine,2024-08-31
vitally,cus_100615,b8a43530cf08,T1,100.00,,,1,domain_label,"{""domain_label"":""colon536"",""name_norm"":""colon y muniz s c"",""token_set_ratio"":100.0}",False,,False,1.0.0,worky_engine,2024-08-31
vitally,cus_100616,cd022db07256,T1,100.00,,,1,domain_label,"{""domain_label"":""laboratorios680"",""name_norm"":""laboratorios armendariz y paez"",""token_set_ratio"":100.0}",False,,False,1.0.0,worky_engine,2024-08-31
vitally,cus_100617,34fc60602415,T1,100.00,,,1,domain_label,"{""domain_label"":""cornejovilla12"",""name_norm"":""cornejo villareal"",""token_set_ratio"":100.0}",False,,False,1.0.0,worky_engine,2024-08-31
vitally,cus_100618,48c20dcf6fe4,T1,100.00,,,1,domain_label,"{""domain_label"":""grupo77"",""name_norm"":""grupo sanches quinonez"",""token_set_ratio"":100.0}",False,,False,1.0.0,worky_engine,2024-08-31
vitally,cus_100619,22b962d9afed,T1,100.00,,,1,domain_label,"{""domain_label"":""estrada229"",""name_norm"":""estrada rincon y zavala"",""token_set_ratio"":100.0}",False,,False,1.0.0,worky_engine,2024-08-31
vitally,cus_100620,aa00b58df5b0,T1,100.00,,,1,domain_label,"{""domain_label"":""proyectos821"",""name_norm"":""proyectos pineda y villasenor"",""token_set_ratio"":100.0}",False,,False,1.0.0,worky_engine,2024-08-31
vitally,cus_100621,4566eb75d1d3,T1,100.00,,,1,domain_label,"{""domain_label"":""proyectos510"",""name_norm"":""proyectos gonzales lebron"",""token_set_ratio"":100.0}",False,,False,1.0.0,worky_engine,2024-08-31
vitally,cus_100622,57430e054ca2,T1,100.00,,,1,domain_label,"{""domain_label"":""rangel1"",""name_norm"":""rangel"",""token_set_ratio"":100.0}",False,,False,1.0.0,worky_engine,2024-08-31
vitally,cus_100623,37211eeb762c,T1,100.00,,,1,domain_label,"{""domain_label"":""laboratorios576"",""name_norm"":""laboratorios pizarro tamez y rosario"",""token_set_ratio"":100.0}",False,,False,1.0.0,worky_engine,2024-08-31
vitally,cus_100624,d17a1cb67764,T1,100.00,,,1,domain_label,"{""domain_label"":""sevillarocha340"",""name_norm"":""sevilla rocha s c"",""token_set_ratio"":100.0}",False,,False,1.0.0,worky_engine,2024-08-31
vitally,cus_100625,0f42092743f1,T1,100.00,,,1,domain_label,"{""domain_label"":""almaraz100"",""name_norm"":""almaraz y sanches s a"",""token_set_ratio"":100.0}",False,,False,1.0.0,worky_engine,2024-08-31
vitally,cus_100626,e9214ee5bf0b,T1,100.00,,,1,domain_label,"{""domain_label"":""aguayo535"",""name_norm"":""aguayo arellano y trevino"",""token_set_ratio"":100.0}",False,,False,1.0.0,worky_engine,2024-08-31
vitally,cus_100627,0c0316a141aa,T1,100.00,,,1,domain_label,"{""domain_label"":""santillan761"",""name_norm"":""santillan s c"",""token_set_ratio"":100.0}",False,,False,1.0.0,worky_engine,2024-08-31
vitally,cus_100628,28e7c24cd4cb,T1,100.00,,,1,domain_label,"{""domain_label"":""amayaprado953"",""name_norm"":""amaya prado"",""token_set_ratio"":100.0}",False,,False,1.0.0,worky_engine,2024-08-31
vitally,cus_100629,a2f4b7cd7eb1,T1,100.00,,,1,domain_label,"{""domain_label"":""lovatomontan347"",""name_norm"":""lovato montanez"",""token_set_ratio"":100.0}",False,,False,1.0.0,worky_engine,2024-08-31
vitally,cus_100630,652a84cfe5c1,T1,100.00,,,1,domain_label,"{""domain_label"":""grupo791"",""name_norm"":""grupo cordero gaitan"",""token_set_ratio"":100.0}",False,,False,1.0.0,worky_engine,2024-08-31
vitally,cus_100631,6c0b2c4e1901,T1,100.00,,,1,domain_label,"{""domain_label"":""club5"",""name_norm"":""club perea y salcido"",""token_set_ratio"":100.0}",False,,False,1.0.0,worky_engine,2024-08-31
vitally,cus_100632,937eb80b0184,T1,100.00,,,1,domain_label,"{""domain_label"":""proyectos947"",""name_norm"":""proyectos carreon tijerina"",""token_set_ratio"":100.0}",False,,False,1.0.0,worky_engine,2024-08-31
vitally,cus_100633,98bbb9b1f4ec,T1,100.00,,,1,domain_label,"{""domain_label"":""regalado397"",""name_norm"":""regalado valverde y lugo"",""token_set_ratio"":100.0}",False,,False,1.0.0,worky_engine,2024-08-31
vitally,cus_100634,9d7de9537b7e,T1,100.00,,,1,domain_label,"{""domain_label"":""rincon781"",""name_norm"":""rincon y jaimes"",""token_set_ratio"":100.0}",False,,False,1.0.0,worky_engine,2024-08-31
vitally,cus_100635,618a87bd9809,T1,100.00,,,1,domain_label,"{""domain_label"":""aparicio142"",""name_norm"":""aparicio"",""token_set_ratio"":100.0}",False,,False,1.0.0,worky_engine,2024-08-31
vitally,cus_100636,0c092b55cb21,T1,100.00,,,1,domain_label,"{""domain_label"":""cavazos755"",""name_norm"":""cavazos y quiroz"",""token_set_ratio"":100.0}",False,,False,1.0.0,worky_engine,2024-08-31
vitally,cus_100637,3af530a7679a,T1,100.00,,,1,domain_label,"{""domain_label"":""industrias136"",""name_norm"":""industrias zaragoza lira"",""token_set_ratio"":100.0}",False,,False,1.0.0,worky_engine,2024-08-31
vitally,cus_100638,eb0b897c470a,T1,100.00,,,1,domain_label,"{""domain_label"":""club119"",""name_norm"":""club baeza jaramillo"",""token_set_ratio"":100.0}",False,,False,1.0.0,worky_engine,2024-08-31
vitally,cus_100639,2472eb83ec96,T1,100.00,,,1,domain_label,"{""domain_label"":""banuelosgall766"",""name_norm"":""banuelos gallegos"",""token_set_ratio"":100.0}",False,,False,1.0.0,worky_engine,2024-08-31
vitally,cus_100640,809d0342d4ed,T1,100.00,,,1,domain_label,"{""domain_label"":""rolon110"",""name_norm"":""rolon de c v"",""token_set_ratio"":100.0}",False,,False,1.0.0,worky_engine,2024-08-31
vitally,cus_100641,8aace75b998d,T1,100.00,,,1,domain_label,"{""domain_label"":""munizpelayo294"",""name_norm"":""muniz pelayo"",""token_set_ratio"":100.0}",False,,False,1.0.0,worky_engine,2024-08-31
vitally,cus_100642,08513678e63b,T1,100.00,,,1,domain_label,"{""domain_label"":""prado772"",""name_norm"":""prado ozuna y orellana"",""token_set_ratio"":100.0}",False,,False,1.0.0,worky_engine,2024-08-31
vitally,cus_100643,f4369dc52865,T1,100.00,,,1,domain_label,"{""domain_label"":""corporacin758"",""name_norm"":""corporacin nieto pantoja"",""token_set_ratio"":100.0}",False,,False,1.0.0,worky_engine,2024-08-31
vitally,cus_100644,e49077a75737,T1,100.00,,,1,domain_label,"{""domain_label"":""jiminez804"",""name_norm"":""jiminez"",""token_set_ratio"":100.0}",False,,False,1.0.0,worky_engine,2024-08-31
vitally,cus_100645,49ce3285ee46,T1,100.00,,,1,domain_label,"{""domain_label"":""club980"",""name_norm"":""club morales y portillo"",""token_set_ratio"":100.0}",False,,False,1.0.0,worky_engine,2024-08-31
vitally,cus_100646,ae32988dfca5,T1,100.00,,,1,domain_label,"{""domain_label"":""industrias636"",""name_norm"":""industrias arce iglesias"",""token_set_ratio"":100.0}",False,,False,1.0.0,worky_engine,2024-08-31
vitally,cus_100647,12bb70998c29,T1,100.00,,,1,domain_label,"{""domain_label"":""gallardobust560"",""name_norm"":""gallardo bustamante"",""token_set_ratio"":100.0}",False,,False,1.0.0,worky_engine,2024-08-31
vitally,cus_100648,9de59d515b9f,T1,100.00,,,1,domain_label,"{""domain_label"":""resendezeste182"",""name_norm"":""resendez estevez s r l de c v"",""token_set_ratio"":100.0}",False,,False,1.0.0,worky_engine,2024-08-31
vitally,cus_100649,ebaae71bb69b,T1,100.00,,,1,domain_label,"{""domain_label"":""laboratorios387"",""name_norm"":""laboratorios acevedo roldan y quezada"",""token_set_ratio"":100.0}",False,,False,1.0.0,worky_engine,2024-08-31
